year,month,day_endofweek,cityid,spend_acf,spend_aer,spend_all,spend_apg,spend_grf,spend_hcs,spend_tws
2020,1,12,1,-.0046,.0156,-.00459,.0174,.00877,-.0449,-.0116
2020,1,12,2,-.000936,-.0262,-.00938,-.0296,-.0176,.0539,-.0347
2020,1,12,3,-.126,-.0171,-.00249,-.0369,.0173,-.0206,.0358
2020,1,12,4,-.0435,-.18,-.0148,-.0246,.00636,.0356,-.0281
2020,1,12,5,-.00969,-.0511,-.0168,-.0061,.0147,-.00785,-.00633
2020,1,12,6,.0234,.012,.00189,.00851,.0239,-.118,.0242
2020,1,12,7,-.0438,-.00687,-.0181,.0447,.0419,.0276,.0327
2020,1,12,8,-.00498,-.118,-.026,-.071,.00455,.0138,-.0403
2020,1,12,9,-.0444,.0158,.0115,-.000909,.119,.0306,-.0194
2020,1,12,10,-.0174,.0502,.00112,.0042,.00566,-.0366,.0363
2020,1,12,11,.00982,-.0793,-.00212,-.0138,.0356,-.00769,-.105
2020,1,12,12,.013,.149,.0132,-.000814,.0198,-.0347,-.00136
2020,1,12,13,.0131,-.0733,.0137,-.0484,.0109,.0624,.029
2020,1,12,14,.0388,-.0614,.011,.0171,-.0309,.0572,.038
2020,1,12,15,-.0211,-.145,.0244,.147,.0159,.433,.0264
2020,1,12,16,-.0435,-.0332,.00637,-.0254,.0181,-.0115,.0223
2020,1,12,17,-.0528,-.105,-.018,.00562,.0152,-.147,-.0265
2020,1,12,19,.0021,-.0609,.00633,-.00637,.0109,-.0131,.0601
2020,1,12,20,.0128,.023,.0167,.14,.0146,-.132,-.0519
2020,1,12,21,-.065,.149,.0153,.00206,.0309,.0497,.0129
2020,1,12,22,.000443,-.00965,-.0249,-.0405,-.00879,.117,-.00598
2020,1,12,23,.0289,.122,.00139,.0131,-.0374,.00436,.0822
2020,1,12,24,.0266,-.0826,.0261,.0638,.0751,.0141,.0146
2020,1,12,25,-.0133,.0861,.0145,.0634,-.0178,-.208,.0584
2020,1,12,26,.0311,-.0525,-.0161,.0703,.000182,.0141,-.043
2020,1,12,27,.0437,.195,-.0126,-.0685,.0121,.764,-.129
2020,1,12,28,.0231,.0202,-.00601,-.0681,.00885,-.0677,.0392
2020,1,12,29,.00538,.00964,-.0105,.016,.0178,-.112,-.0524
2020,1,12,30,-.102,.293,-.0415,-.0481,-.0582,-.102,-.137
2020,1,12,31,-.128,-.161,-.0464,-.109,.0287,-.153,.152
2020,1,12,32,.000388,-.00649,-.0408,.00223,-.101,.0737,-.109
2020,1,12,33,-.0255,-.0575,.00216,-.0056,-.016,-.0334,.103
2020,1,12,34,.0203,.0243,.0122,.000829,.0141,-.0258,.105
2020,1,12,35,-.0281,.0233,-.00496,-.00719,.00278,-.109,.0097
2020,1,12,36,-.0347,.184,.0225,.0645,.0222,.0524,.035
2020,1,12,37,.0613,-.182,.0267,-.121,.0638,-.0409,-.0444
2020,1,12,38,-.00629,-.0543,-.0157,-.00834,.0146,-.0159,.0153
2020,1,12,39,.0161,-.0137,.0174,.0576,.00259,.0527,.0103
2020,1,12,40,-.0514,-.0181,-.00415,-.0148,.018,-.109,.022
2020,1,12,41,.00381,.194,.00892,-.0049,-.000159,.0139,-.0392
2020,1,12,42,-.0254,-.0719,-.0156,-.0022,.0257,-.0166,.021
2020,1,12,43,-.0363,-.173,-.0247,.0257,-.00623,-.0897,.0238
2020,1,12,44,-.0459,.164,-.00246,.0481,.0285,.205,-.0138
2020,1,12,45,-.00194,.202,.00777,.0401,.0276,.226,-.184
2020,1,12,46,.0473,.0617,.0409,.0471,-.0193,.0125,.0207
2020,1,12,47,-.0292,-.264,-.0157,.0404,-.00574,-.148,-.0139
2020,1,12,48,-.0369,-.00518,-.0155,.00134,-.00808,-.0276,.0144
2020,1,12,49,-.00113,-.0758,.00434,.112,-.0000777,.0346,.0238
2020,1,12,50,-.00228,-.0227,-.0445,.0031,.00668,.0425,-.0262
2020,1,12,51,-.0832,-.194,-.013,-.00532,-.00678,.113,.0835
2020,1,12,52,-.0467,-.198,-.00237,.141,-.00857,-.00486,-.102
2020,1,12,53,-.0562,-.0871,-.00648,-.0166,.00432,.0798,-.00118
2020,1,19,1,.000476,-.0296,.0143,.000157,-.0222,.0216,.0262
2020,1,19,2,-.000518,-.0127,.00949,-.0197,-.00277,.00996,.0431
2020,1,19,3,.0114,.264,.0225,-.0106,-.0241,.0909,-.00427
2020,1,19,4,.00756,.0492,.0135,.0206,-.0185,.0195,.0229
2020,1,19,5,-.00835,.021,.0183,-.0273,-.0219,.00553,.0445
2020,1,19,6,.0158,.0758,.0242,.02,-.0236,.0548,.0319
2020,1,19,7,.0265,-.0454,.0226,-.00304,-.0391,.0591,.0156
2020,1,19,8,.0238,.0703,.0435,.00159,-.0212,.0749,.0571
2020,1,19,9,-.00662,.105,-.0363,-.00285,-.0906,-.169,.0625
2020,1,19,10,.0113,.109,.0168,-.0272,-.0235,.0116,.032
2020,1,19,11,.0145,.186,.0251,.0378,-.0454,.0471,-.048
2020,1,19,12,.0128,-.0328,.000723,-.0338,-.00961,.0635,.016
2020,1,19,13,.0341,-.0666,.000401,-.0226,.018,.0106,-.0287
2020,1,19,14,.00211,-.0314,-.00585,-.027,-.00775,-.0387,.0272
2020,1,19,15,.0245,.131,.00161,-.0145,-.00373,.0414,.03
2020,1,19,16,.0163,.0824,.019,-.0388,-.0391,.0151,.0484
2020,1,19,17,.0302,.109,.00509,-.0243,-.026,.0945,.0278
2020,1,19,19,.0203,.165,.0326,.0213,-.00292,.0242,.0348
2020,1,19,20,.00894,.366,-.0338,-.0967,-.0823,-.0303,-.0487
2020,1,19,21,.0858,-.092,.0335,-.0482,-.00611,.0821,.0512
2020,1,19,22,-.0248,-.00385,.0303,-.0815,-.0339,.0494,.151
2020,1,19,23,-.0352,.0254,-.00268,.00598,-.00988,.00302,-.0325
2020,1,19,24,-.0344,.121,-.0235,-.0343,-.0579,-.00296,-.0257
2020,1,19,25,.0561,-.0534,.0142,.0421,-.0398,-.0205,.0276
2020,1,19,26,.0238,.0756,-.00412,-.00564,-.0183,-.0441,.0719
2020,1,19,27,-.0175,-.141,.00425,-.0284,.0371,.192,-.0147
2020,1,19,28,.0114,.0255,.00173,-.0275,-.046,-.0279,.0271
2020,1,19,29,.0974,.0772,.0303,-.0484,-.0446,.0608,-.0388
2020,1,19,30,-.00938,-.0738,-.00936,-.00767,-.0671,-.0539,-.0263
2020,1,19,31,-.0278,.0658,-.0149,-.0651,-.0425,.0118,-.053
2020,1,19,32,.0508,.118,.0523,-.0355,-.0616,.0458,-.0124
2020,1,19,33,.000764,.1,.00141,-.00229,-.0236,.035,-.0402
2020,1,19,34,-.0074,.0882,-.00301,.0193,-.0185,.0179,-.0757
2020,1,19,35,.0306,-.0454,.0246,-.00856,-.00531,.0633,-.0423
2020,1,19,36,.0429,.217,.0217,.00385,-.0313,.0333,.0146
2020,1,19,37,.009,.192,.044,-.0135,-.018,-.0967,.0182
2020,1,19,38,.0352,.0582,.0258,-.034,-.0344,.00904,.0421
2020,1,19,39,.0036,.0754,-.000302,-.0522,-.0351,-.0304,.0493
2020,1,19,40,-.0533,.0808,-.00439,-.0502,-.00503,-.0518,.0623
2020,1,19,41,-.00435,.0994,.0285,.0261,.00475,.0599,.012
2020,1,19,42,-.0445,.0993,-.0192,-.0738,-.019,-.0118,.0141
2020,1,19,43,.0401,.147,.0188,-.0233,-.00945,.113,-.00336
2020,1,19,44,.0807,.269,.0352,.0399,-.0253,-.16,-.0125
2020,1,19,45,.0653,.398,.0271,.0323,.00673,-.204,.106
2020,1,19,46,-.0668,.274,-.0381,-.0278,-.0186,-.205,.0615
2020,1,19,47,.011,.121,.0186,-.0147,-.0324,.143,-.0886
2020,1,19,48,.00995,-.0409,.0322,.0633,-.0131,.126,-.011
2020,1,19,49,.00211,.0681,-.00591,.00462,-.041,-.00114,-.0372
2020,1,19,50,.0358,.109,.0325,.00431,-.00856,-.0926,.04
2020,1,19,51,-.0172,.113,.00627,.0341,.0183,.0155,.00525
2020,1,19,52,.0278,.08,.0407,.0227,-.00869,.196,-.0481
2020,1,19,53,-.0219,.0607,.0199,.0181,-.00837,.128,.0074
2020,1,26,1,-.016,-.0474,.00528,-.0359,-.000152,.0373,.0228
2020,1,26,2,.0128,-.0393,.0083,-.0122,.0275,.0598,.0165
2020,1,26,3,.039,-.199,-.0401,-.0376,-.00621,-.152,-.0816
2020,1,26,4,.00233,.101,.00715,-.00428,.0248,-.0463,-.00642
2020,1,26,5,.0117,.00439,-.00309,-.00379,.00337,-.0135,.022
2020,1,26,6,-.0136,-.0731,.00908,-.0395,.000318,.0446,.00218
2020,1,26,7,-.01,.0254,.0102,-.0906,.0194,.0482,-.0197
2020,1,26,8,-.00151,-.135,.000839,-.00677,.00759,-.0599,-.0182
2020,1,26,9,.0279,-.0235,.0305,-.00111,-.00222,.0627,-.00089
2020,1,26,10,-.0103,-.0388,-.00824,.0497,.0153,-.0761,-.0119
2020,1,26,11,-.023,-.00746,.00769,-.00953,.0195,.111,.0461
2020,1,26,12,-.0121,-.0457,.00934,-.0125,.011,.0512,.0116
2020,1,26,13,.0351,.0362,.00834,.0657,-.0334,-.0482,.0221
2020,1,26,14,-.0302,-.0757,.0126,-.00212,.0653,.0326,.0187
2020,1,26,15,.0205,-.0834,-.00777,-.0255,-.0153,-.224,-.00162
2020,1,26,16,-.0108,-.0308,.00343,.000429,-.00468,-.00668,-.00332
2020,1,26,17,.0542,.00836,.0141,.0235,.0304,.0317,.0572
2020,1,26,19,-.0103,.00463,.00111,.0142,.0231,-.0195,.00321
2020,1,26,20,-.0793,.156,-.00428,-.0719,.0365,.00852,.0376
2020,1,26,21,-.0201,.484,.00445,.0409,-.0117,.0763,.0437
2020,1,26,22,.09,.255,.043,.0584,.0000848,-.118,.0656
2020,1,26,23,.0304,-.127,.00722,.026,.0217,-.0629,-.0216
2020,1,26,24,-.00522,-.0262,.00583,-.019,.0202,.125,.00586
2020,1,26,25,-.0061,-.0392,.0102,-.0389,.0351,.0649,-.118
2020,1,26,26,-.00588,.0315,-.00738,-.0337,.0281,-.19,.0445
2020,1,26,27,-.109,-.354,-.0218,-.0288,.0179,-.422,.223
2020,1,26,28,-.0175,-.115,.0244,.0228,-.00768,.0193,.0257
2020,1,26,29,-.0357,-.0415,.00543,-.039,.00937,.0115,.0874
2020,1,26,30,.0307,-.199,-.0324,-.0847,.068,-.0318,-.108
2020,1,26,31,.0441,-.0152,-.019,.0245,-.0519,-.0311,-.101
2020,1,26,32,-.0143,-.0295,-.00132,.0319,.0871,-.0127,.128
2020,1,26,33,-.0013,.043,-.0123,.0159,.0268,.0181,-.0736
2020,1,26,34,-.0341,-.039,-.00137,-.0511,.0175,.00439,-.0362
2020,1,26,35,-.0153,.0784,-.007,.0203,.00712,.035,.0145
2020,1,26,36,.0207,-.135,-.00495,-.026,.00445,-.0207,.0284
2020,1,26,37,-.00582,-.0793,-.0148,-.0443,-.0367,.148,-.0531
2020,1,26,38,.0143,-.0411,.0115,-.0156,.0164,.0881,.032
2020,1,26,39,-.0255,-.0388,.00564,-.0368,.0599,-.027,.0614
2020,1,26,40,.0232,-.0533,.0249,.00709,-.014,.0933,.0947
2020,1,26,41,-.00737,-.0449,-.00133,-.0328,.00908,-.043,.0497
2020,1,26,42,.0181,.0375,.00673,.0528,-.0332,-.032,-.0636
2020,1,26,43,.0467,.116,.0445,-.00646,.0553,-.011,-.00132
2020,1,26,44,.0529,-.0997,-.0244,-.022,.0387,-.162,-.26
2020,1,26,45,.0491,-.0846,.00528,.0235,-.0117,.0693,.126
2020,1,26,46,-.0268,.0051,-.0128,.0071,.0458,-.0557,-.051
2020,1,26,47,-.0258,.309,.0114,-.0304,-.00673,.00224,.0668
2020,1,26,48,.0475,.05,.0321,-.0208,.0151,.0528,.0474
2020,1,26,49,-.0347,.177,-.00824,-.0117,.0593,-.0559,-.0366
2020,1,26,50,-.00813,.0357,.0246,.0467,.0233,.0994,.0408
2020,1,26,51,.0448,.24,.00241,.00242,.0148,.0602,.0943
2020,1,26,52,.0408,.0529,.0256,-.0167,-.00219,-.15,.112
2020,1,26,53,.0394,.105,.00942,.0367,.0282,-.111,.0245
2020,2,2,1,.0218,.0619,-.0146,.0202,.0134,-.00864,-.0346
2020,2,2,2,-.0117,.0695,-.00772,.0668,-.00612,-.117,-.0202
2020,2,2,3,.0818,-.0238,.0203,.0912,.0128,.104,.0542
2020,2,2,4,.0333,.0683,-.00502,.00866,-.0117,-.00811,.0117
2020,2,2,5,.00601,.0219,.00183,.0391,.00374,.0154,-.0562
2020,2,2,6,-.0252,-.0119,-.034,.0109,-.000567,.0272,-.0581
2020,2,2,7,.0264,.0253,-.0132,.053,-.0207,-.133,-.0285
2020,2,2,8,-.0174,.122,-.017,.0881,.00892,-.0278,.00291
2020,2,2,9,.0223,-.073,-.00506,.005,-.0234,.0828,-.0381
2020,2,2,10,.0166,-.0909,-.00894,-.0251,.0026,.102,-.0518
2020,2,2,11,.0000366,-.0721,-.0277,-.0146,-.00919,-.131,.104
2020,2,2,12,-.0131,-.0557,-.0223,.0534,-.0205,-.0675,-.0244
2020,2,2,13,-.08,.102,-.0226,.00886,.00633,-.0322,-.0231
2020,2,2,14,-.00658,.158,-.0166,.0121,-.02,-.051,-.0734
2020,2,2,15,-.0233,.0855,-.0177,-.0883,.00398,-.164,-.0527
2020,2,2,16,.0392,-.0136,-.0261,.0685,.0252,.00315,-.061
2020,2,2,17,-.0322,-.0113,-.000255,-.00528,-.0185,.0418,-.0522
2020,2,2,19,-.0116,-.0921,-.0357,-.0267,-.0261,.00843,-.0856
2020,2,2,20,.0752,-.316,.0212,.0492,.0306,.155,.0708
2020,2,2,21,.000376,-.301,-.0493,.0063,-.0122,-.17,-.0943
2020,2,2,22,-.0683,-.164,-.0436,.0693,.0431,-.028,-.187
2020,2,2,23,-.0236,.00526,-.0056,-.0442,.0267,.0557,-.0237
2020,2,2,24,.0139,-.0145,-.00845,-.0096,-.0352,-.11,.00467
2020,2,2,25,-.0376,.0169,-.036,-.0623,.0211,.25,.0401
2020,2,2,26,-.0449,-.037,.0254,-.0242,-.00867,.265,-.0607
2020,2,2,27,.103,.319,.0294,.148,-.0638,-.154,-.0415
2020,2,2,28,-.0157,.062,-.0191,.0871,.0448,.0856,-.0849
2020,2,2,29,-.0595,-.0298,-.0238,.0814,.0168,.0493,.0101
2020,2,2,30,.0742,.0149,.0816,.162,.0598,.203,.271
2020,2,2,31,.129,.0778,.0842,.18,.0718,.25,.0107
2020,2,2,32,-.0348,-.055,-.00911,.00231,.0952,-.0955,.013
2020,2,2,33,.0273,-.0707,.00851,-.00841,.0131,-.0147,.0199
2020,2,2,34,.0245,-.0677,-.00761,.0365,-.0122,.00473,.00594
2020,2,2,35,.0129,-.0413,-.0123,-.00483,-.0045,.0197,.0179
2020,2,2,36,-.0295,-.155,-.0376,-.0413,.00459,-.0649,-.0712
2020,2,2,37,-.0525,.0588,-.0491,.17,-.00671,.0041,.0725
2020,2,2,38,-.0432,.0326,-.0205,.0635,.00336,-.0726,-.0849
2020,2,2,39,.00851,-.0157,-.022,.0371,-.0241,.00357,-.109
2020,2,2,40,.0797,-.00536,-.0149,.0578,.00122,.0907,-.144
2020,2,2,41,.00858,-.168,-.0341,.0128,-.0132,-.0304,-.0203
2020,2,2,42,.0537,-.0329,.0279,.0271,.0284,.0653,.0286
2020,2,2,43,-.0498,-.0418,-.0337,.00358,-.0345,-.00927,-.0183
2020,2,2,44,-.0858,-.285,-.00791,-.0664,-.0388,.109,.295
2020,2,2,45,-.103,-.306,-.0365,-.0774,-.0198,-.109,-.0386
2020,2,2,46,.0507,-.243,.0111,-.0248,-.0081,.279,-.0293
2020,2,2,47,.0485,-.0638,-.0146,.00863,.0452,.019,.0401
2020,2,2,48,-.0206,-.00421,-.0462,-.0444,.00546,-.139,-.0467
2020,2,2,49,.0364,-.122,.00976,-.0972,-.0163,.0266,.0458
2020,2,2,50,-.0245,-.0842,-.00902,-.0531,-.0202,-.0417,-.0472
2020,2,2,51,.06,-.119,.00478,-.0295,-.0239,-.155,-.16
2020,2,2,52,-.0228,.0489,-.0583,-.138,.0189,-.0304,.0663
2020,2,2,53,.0408,-.0589,-.0223,-.0391,-.0224,-.0814,-.0284
2020,2,9,1,-.023,.11,.0481,-.0108,.0411,.0454,.0545
2020,2,9,2,-.0735,.0141,.00385,-.0925,.00191,.0154,.00597
2020,2,9,3,-.0454,.0634,.0072,.0198,.00449,-.0843,-.0855
2020,2,9,4,.037,.166,.0343,-.0183,.0128,.0549,.0114
2020,2,9,5,-.00144,.107,.04,-.00102,.0251,.0804,.0296
2020,2,9,6,-.0448,.0888,.0111,-.0235,-.0000737,.0242,-.0655
2020,2,9,7,.0168,.183,.0195,-.00592,.037,.0232,-.0304
2020,2,9,8,-.00643,.0252,.0351,-.0188,.0193,.0293,.039
2020,2,9,9,.177,.307,.153,.288,-.133,.493,.214
2020,2,9,10,-.00737,.234,.0553,.028,.0255,.0296,-.0462
2020,2,9,11,.00978,.0572,.0199,-.065,.0366,-.081,.0312
2020,2,9,12,.0326,.0258,.0295,-.00946,.0294,.194,-.0355
2020,2,9,13,-.0552,.361,-.0302,-.0469,-.0583,-.0601,-.0494
2020,2,9,14,-.0536,-.0999,-.0297,-.0773,-.0174,-.0844,-.0365
2020,2,9,15,-.0493,.151,-.0424,-.0445,.0713,-.154,-.198
2020,2,9,16,.0629,.00664,.0558,.233,.0225,.0953,.00568
2020,2,9,17,-.0515,-.0518,-.00703,.00174,-.00199,-.0267,.0515
2020,2,9,19,-.0215,-.0535,-.00153,-.0319,.0442,-.0784,-.0639
2020,2,9,20,-.00715,.339,.0122,.213,.0254,-.241,-.0567
2020,2,9,21,-.0273,-.409,.0367,-.0712,.0463,.131,.0689
2020,2,9,22,-.0395,.101,.0108,-.119,.0211,.0291,-.182
2020,2,9,23,-.0486,.0359,-.0497,-.0268,-.0759,.081,-.171
2020,2,9,24,-.00466,.213,.00823,.0401,-.0314,.271,.0254
2020,2,9,25,-.0993,.0478,.00922,.165,.0115,-.178,-.0575
2020,2,9,26,-.0426,.0187,-.0386,.0715,-.00611,-.107,-.188
2020,2,9,27,.0242,-.341,.0365,.0555,-.0026,.254,.0466
2020,2,9,28,-.0533,.0695,-.0201,-.155,-.0322,-.00585,-.00945
2020,2,9,29,-.0524,-.0833,-.0112,-.0256,.0476,-.0984,-.08
2020,2,9,30,-.0664,.0118,.0124,.0375,.0557,.0929,-.332
2020,2,9,31,-.0536,.121,-.0269,-.0135,.00126,.0921,-.124
2020,2,9,32,-.135,.196,-.0292,.0309,.0462,-.0923,.0322
2020,2,9,33,-.00406,.0264,.0102,-.00991,-.00303,-.0308,.0261
2020,2,9,34,-.0339,.0887,.0487,-.00452,.0169,.258,.0384
2020,2,9,35,.0377,-.0248,.0534,.00951,.0143,-.114,.0514
2020,2,9,36,-.00322,.32,-.000671,-.0521,.0167,-.0776,-.0198
2020,2,9,37,.037,-.26,-.0487,.0764,-.0324,.107,-.195
2020,2,9,38,-.0505,.0282,.0024,.00432,-.000855,.0812,-.0948
2020,2,9,39,-.0413,.0443,-.00659,-.0379,.0116,.0377,-.0586
2020,2,9,40,.0462,.119,.0659,-.00302,-.00435,-.014,.0373
2020,2,9,41,.0189,.0976,.0422,-.0105,.0212,.0156,.0828
2020,2,9,42,.0476,.0964,.0567,.0972,.0435,.102,-.00862
2020,2,9,43,-.052,-.137,-.0369,.00185,-.00584,-.14,-.0901
2020,2,9,44,-.151,.11,-.0421,-.207,-.0187,.729,-.237
2020,2,9,45,-.137,-.179,-.0495,.0269,.000517,.364,-.543
2020,2,9,46,.131,-.0269,.0897,-.166,-.0185,-.249,.241
2020,2,9,47,-.0103,.2,.0591,.111,.0379,-.106,-.00403
2020,2,9,48,-.0489,.0967,.00391,-.00215,.028,-.218,.124
2020,2,9,49,-.0202,-.0968,.0151,.0337,-.00471,-.045,-.0972
2020,2,9,50,.0509,.0881,.0328,.0315,-.0135,.0765,-.17
2020,2,9,51,-.0594,.0309,-.0228,-.014,-.00549,-.0389,.00989
2020,2,9,52,-.116,-.048,-.0294,-.142,-.0159,.0224,.0269
2020,2,9,53,-.0125,.137,.00633,-.00248,.0454,-.0748,-.0546
2020,2,16,1,.00567,.203,.0261,-.0144,.0435,.0396,.0172
2020,2,16,2,-.029,-.0583,.00684,-.0482,.00908,.0781,.0318
2020,2,16,3,-.0573,.236,-.0209,-.135,.000855,-.0462,-.014
2020,2,16,4,.0408,.102,-.00464,-.0449,.0107,.0327,-.0214
2020,2,16,5,-.0261,.00171,.00891,-.052,.0203,.0133,.0406
2020,2,16,6,-.0289,-.072,-.0171,.0415,.0211,-.00653,-.0222
2020,2,16,7,-.0083,.068,.013,.0281,.0275,.0329,-.0971
2020,2,16,8,-.00266,.125,.00876,-.0505,.026,-.00209,-.0178
2020,2,16,9,.0505,.0373,.0758,.0517,-.0594,.234,.174
2020,2,16,10,.00837,.0103,-.0216,-.0404,.0206,-.0911,-.0732
2020,2,16,11,-.0385,-.0724,-.0265,.0132,.0256,-.147,-.0113
2020,2,16,12,.0261,.0727,.029,.0339,.0405,.136,-.0118
2020,2,16,13,.00129,.556,.0211,.0134,-.00362,.193,-.129
2020,2,16,14,-.0232,-.0315,-.01,-.0399,-.0282,.0845,-.00159
2020,2,16,15,.0234,.0863,-.00165,-.0911,.0555,.0838,-.0561
2020,2,16,16,.00471,.143,.0791,.0601,.0159,-.00366,.00743
2020,2,16,17,.042,.329,.0333,-.0294,.0122,-.113,.21
2020,2,16,19,-.0341,-.0812,-.0281,-.0632,-.00788,-.0149,-.0769
2020,2,16,20,.0193,-.014,-.0117,.0436,-.0465,-.0863,-.0809
2020,2,16,21,-.0175,-.0336,.0233,-.00453,.0399,.189,-.0499
2020,2,16,22,-.0663,.546,.0263,-.0164,.058,.0482,-.154
2020,2,16,23,-.0345,.0101,.000853,.0122,.00787,-.0858,-.119
2020,2,16,24,-.0296,-.0908,.0094,.0725,.0822,.0202,.0344
2020,2,16,25,-.0327,-.169,-.091,.0221,.0291,-.308,-.108
2020,2,16,26,-.078,.402,-.0401,.0367,-.0358,.0732,-.0592
2020,2,16,27,.0469,.0761,.0838,.054,.00199,-.21,-.0764
2020,2,16,28,-.0874,.193,-.000858,-.0613,.0189,.031,-.043
2020,2,16,29,-.0232,-.0321,.00225,.02,.0658,-.0225,-.0697
2020,2,16,30,-.182,.219,-.0621,.0547,.021,.00783,-.228
2020,2,16,31,-.0232,-.0942,.0224,.00765,.0911,.129,.0525
2020,2,16,32,-.122,-.0483,.00705,-.0625,.0688,.171,-.0273
2020,2,16,33,-.0337,.175,.0168,.0618,.000505,.147,.0761
2020,2,16,34,.00735,-.112,.00904,.0246,.0359,.175,.0121
2020,2,16,35,-.0383,-.0227,-.00204,-.0131,.0273,-.148,-.05
2020,2,16,36,-.0286,.00201,.00519,-.0261,.0261,.0145,-.00289
2020,2,16,37,.132,-.244,-.0728,-.0969,-.0482,.304,-.311
2020,2,16,38,-.0611,-.0612,.0128,.0304,.00859,-.0383,-.0495
2020,2,16,39,-.025,-.00216,.0076,.0231,.0388,.0461,-.0631
2020,2,16,40,.0524,-.0166,.0372,-.0526,-.0187,.0177,.0179
2020,2,16,41,.0391,.137,.0191,-.0124,.0312,.0935,-.0187
2020,2,16,42,-.00212,.0058,-.0117,-.0207,.0146,.0356,-.0267
2020,2,16,43,-.103,-.111,-.0375,-.0482,-.0531,.116,-.0547
2020,2,16,44,-.171,-.44,-.0869,.0662,.00735,.0408,-.0752
2020,2,16,45,-.239,-.318,-.117,.0341,.0326,.00269,-.341
2020,2,16,46,-.0983,.0611,-.0361,.0533,.0447,-.0621,-.049
2020,2,16,47,.0106,.232,.0185,.094,.0329,-.243,-.0165
2020,2,16,48,-.00334,.158,.00276,-.0673,-.0211,-.0569,-.144
2020,2,16,49,.0247,-.0836,.0343,.00854,-.0408,.0619,.0577
2020,2,16,50,-.0178,.335,-.00698,.0202,.0158,.0415,.00865
2020,2,16,51,.0372,.0156,.0482,-.0442,.00688,.00247,-.0109
2020,2,16,52,-.0831,-.259,-.0648,-.133,.00711,-.134,.0425
2020,2,16,53,-.0191,-.0847,-.0152,-.00634,-.0444,.0551,-.135
2020,2,23,1,.023,.187,.0399,-.0233,.0266,.035,.024
2020,2,23,2,-.0281,-.0191,.0072,-.0513,-.0316,.0579,.0145
2020,2,23,3,.00933,.161,-.0254,.0276,-.000365,-.0496,-.118
2020,2,23,4,.0344,.0212,.00778,-.0556,-.00661,.00227,-.0561
2020,2,23,5,-.0261,.0139,.0425,.0268,.00523,-.00425,.00405
2020,2,23,6,-.0313,.0495,.0113,.0487,.00633,-.0496,-.0362
2020,2,23,7,-.0354,-.0743,.0319,-.0137,.0231,-.0162,-.0556
2020,2,23,8,.0104,-.16,.0278,.0237,-.00206,.164,.0541
2020,2,23,9,-.0226,.0502,.00185,.0454,-.0538,.117,-.0281
2020,2,23,10,.0247,-.00966,.0294,.011,.0183,.0228,-.106
2020,2,23,11,-.0388,.379,.0142,.795,.023,-.0375,.0115
2020,2,23,12,-.0207,-.0559,.0369,.0228,.0342,.113,-.0783
2020,2,23,13,.0257,.0222,-.00483,.019,-.00868,.112,-.171
2020,2,23,14,-.0298,-.111,-.0273,-.072,-.0506,-.00666,-.0502
2020,2,23,15,.0353,-.00406,-.0465,-.0684,.0522,-.251,-.316
2020,2,23,16,-.0124,-.0787,.046,.025,.0105,-.00371,-.109
2020,2,23,17,.00614,.0208,.0551,.0877,.0262,.0561,-.0392
2020,2,23,19,-.0454,-.144,-.0619,-.0957,-.0392,.00447,-.125
2020,2,23,20,.000735,.37,-.00329,.00926,-.0479,-.153,-.122
2020,2,23,21,.0188,-.0712,.00842,-.0871,.0294,-.105,-.0249
2020,2,23,22,-.00934,.0499,.0553,-.00953,.0313,-.056,-.0467
2020,2,23,23,-.0156,.0593,.0191,.0913,.0533,.111,-.19
2020,2,23,24,-.129,.0145,.0455,.051,.0438,.0475,-.053
2020,2,23,25,-.119,-.0329,-.0316,-.00678,.148,-.095,-.157
2020,2,23,26,.0427,.219,.000812,-.0513,-.0325,.3,-.131
2020,2,23,27,-.0793,-.114,.00146,-.0414,-.0704,.23,-.0382
2020,2,23,28,-.0271,-.103,.0289,-.0406,-.000887,.0814,.0441
2020,2,23,29,.00395,.0549,.0532,-.0311,.0704,-.0172,-.0861
2020,2,23,30,-.28,.0752,-.0993,-.0586,-.155,.324,-.232
2020,2,23,31,-.0237,.0908,.0274,.0471,-.0103,-.065,.00243
2020,2,23,32,-.0549,.0654,-.00507,.0143,.0456,.131,.0561
2020,2,23,33,.0337,-.121,.0323,.0343,-.00305,.0691,-.0521
2020,2,23,34,-.105,-.0579,-.0172,-.015,-.0103,.0482,-.0417
2020,2,23,35,.0157,-.154,.0158,.0198,.00164,-.0242,-.0965
2020,2,23,36,-.0108,.08,.0196,.0474,.0308,-.0113,-.0876
2020,2,23,37,.0107,.0425,-.0934,-.155,-.0688,.211,-.176
2020,2,23,38,-.0431,.0786,.0256,.041,-.0212,-.0273,.0292
2020,2,23,39,-.0807,.00983,-.0256,-.0356,.0175,-.0833,-.206
2020,2,23,40,.0895,.139,.0449,.146,-.0451,.062,.00555
2020,2,23,41,.00146,.104,.0373,.0127,.0404,-.0371,.0289
2020,2,23,42,-.00592,-.0445,.0172,.0428,.0296,-.0393,-.098
2020,2,23,43,-.0589,-.112,-.0259,-.0826,-.0306,-.00241,-.0962
2020,2,23,44,-.147,.101,-.0949,-.0454,.117,-.0302,-.167
2020,2,23,45,-.072,-.312,-.0308,-.0213,.0193,-.237,-.168
2020,2,23,46,.027,-.155,-.0237,.1,.0379,.101,.102
2020,2,23,47,.0575,.154,.0242,.0511,.0622,-.0935,-.0634
2020,2,23,48,-.0183,-.138,-.0369,-.0569,-.021,-.0312,-.121
2020,2,23,49,-.0222,-.268,.0148,-.0257,-.0392,-.0307,-.0805
2020,2,23,50,.0103,-.0998,.0082,.000368,-.00713,.00481,-.0672
2020,2,23,51,-.0133,-.195,.0107,.0727,.0162,.0345,.0339
2020,2,23,52,.0192,-.115,-.0489,-.0307,.0281,-.0688,-.0865
2020,2,23,53,-.0277,.00745,-.0399,-.149,-.0497,.0393,-.129
2020,3,1,1,-.0177,-.16,-.0191,-.000974,.142,.00926,-.144
2020,3,1,2,-.0337,-.0692,-.0274,.0127,.0574,.0672,-.124
2020,3,1,3,-.0749,-.147,-.0695,-.041,.0555,-.0666,-.115
2020,3,1,4,-.00308,-.0529,-.0253,-.00643,.113,-.0353,-.12
2020,3,1,5,-.0513,-.163,-.0116,-.0238,.0866,-.00192,-.112
2020,3,1,6,-.0516,-.249,-.0353,-.0107,.096,-.0539,-.138
2020,3,1,7,-.00646,-.182,-.0213,-.0273,.103,.0483,-.118
2020,3,1,8,-.0251,-.379,-.0443,-.0589,.228,-.0319,-.13
2020,3,1,9,-.0802,-.15,-.0252,.0185,.202,.0345,-.0939
2020,3,1,10,-.0225,-.163,.00442,.0127,.101,.0618,-.143
2020,3,1,11,-.00768,-.0852,-.0281,-.0625,.0905,-.0721,-.155
2020,3,1,12,-.0321,-.145,.013,-.0186,.224,.029,-.175
2020,3,1,13,-.0948,-.0178,-.0724,-.0974,.0368,.036,-.271
2020,3,1,14,-.0352,-.262,-.0592,-.0472,-.049,-.0357,-.0982
2020,3,1,15,.0969,-.147,-.0433,-.0979,.118,-.0767,-.305
2020,3,1,16,.0139,-.176,.0619,-.0145,.135,-.0554,-.101
2020,3,1,17,-.0404,-.0544,-.0153,.0286,.0774,.0846,-.22
2020,3,1,19,-.0255,-.11,-.0604,-.0419,-.0585,-.0139,-.155
2020,3,1,20,.0216,-.176,-.0186,.00364,.0542,.0627,-.0771
2020,3,1,21,-.0153,.0863,-.0109,-.132,.213,-.0511,-.207
2020,3,1,22,-.0708,-.306,-.0517,-.0519,.0731,-.0204,-.0985
2020,3,1,23,.103,-.242,.0217,.0833,.112,-.00389,-.208
2020,3,1,24,-.0406,-.111,.00245,.0649,.313,.0572,-.0832
2020,3,1,25,.0114,.0475,-.0485,.0574,.123,-.12,-.282
2020,3,1,26,.0233,.0125,-.0213,.00268,-.0137,.0755,-.102
2020,3,1,27,-.0545,-.326,.0242,.156,-.00767,-.144,-.0856
2020,3,1,28,-.0716,.000231,-.0617,.0179,.148,-.0987,-.202
2020,3,1,29,-.0513,-.197,-.0481,.00521,.13,-.0837,-.287
2020,3,1,30,-.101,.0647,.00368,.35,-.0371,.249,-.211
2020,3,1,31,-.121,-.0107,.00262,.112,.0687,-.0726,-.131
2020,3,1,32,-.0826,-.173,-.0044,-.0944,.202,-.0137,-.127
2020,3,1,33,-.04,-.154,.00219,.00519,.0636,.0385,-.0748
2020,3,1,34,-.0891,-.0447,.0125,.0321,.0706,.0697,.0238
2020,3,1,35,.0787,-.239,.00564,-.0286,.124,-.118,-.155
2020,3,1,36,-.0594,-.162,-.0344,-.039,.182,.0141,-.073
2020,3,1,37,-.0879,-.315,-.0714,-.199,.00017,.0891,-.451
2020,3,1,38,-.0634,-.0995,-.0119,.0928,.0282,-.00877,-.178
2020,3,1,39,-.0177,-.147,-.0172,-.0888,.104,.021,-.144
2020,3,1,40,-.0662,-.196,-.0013,.0127,.0308,-.0584,-.0373
2020,3,1,41,.00645,-.136,.00689,.053,.126,.0157,-.117
2020,3,1,42,-.00292,-.12,-.0136,.0582,.127,-.0495,-.214
2020,3,1,43,-.0403,-.158,-.0576,-.0771,.0346,-.11,-.0866
2020,3,1,44,-.0108,.487,-.0432,-.169,-.15,-.162,.0782
2020,3,1,45,.0434,-.183,.0601,-.102,.00165,.319,-.187
2020,3,1,46,-.00988,-.266,.00278,.0624,.0302,.0542,-.0609
2020,3,1,47,-.0168,-.1,.0218,.0261,.0538,-.0387,-.218
2020,3,1,48,-.0202,-.0305,-.0294,-.0186,.121,-.000452,-.171
2020,3,1,49,-.0946,-.141,-.0247,-.0549,.119,-.0396,-.184
2020,3,1,50,-.06,-.0696,-.0116,-.147,.196,-.069,-.0769
2020,3,1,51,.0317,-.0026,.00142,.082,.0321,.0204,-.17
2020,3,1,52,-.124,-.0645,-.0268,-.00606,.165,.0955,-.13
2020,3,1,53,.0282,-.399,-.0565,-.00523,-.0657,-.0177,-.152
2020,3,8,1,-.0396,.0538,.0338,-.0825,.244,.0858,-.0519
2020,3,8,2,-.0452,-.159,.03,-.091,.202,.0595,-.115
2020,3,8,3,-.138,-.0401,-.0382,-.167,.103,-.0627,-.137
2020,3,8,4,-.02,-.00468,.0162,-.0186,.278,-.0646,-.158
2020,3,8,5,-.0828,-.0939,.0178,-.00469,.159,.0242,-.148
2020,3,8,6,-.0961,-.148,-.0298,-.0744,.198,.0484,-.126
2020,3,8,7,-.14,-.0441,.0377,-.0587,.169,.0343,-.0324
2020,3,8,8,-.0293,.574,.0284,-.108,.35,.0257,-.156
2020,3,8,9,-.234,-.124,-.0387,-.165,.315,.127,-.192
2020,3,8,10,-.0484,-.0272,-.0149,-.0391,.182,.00174,-.114
2020,3,8,11,.00977,-.208,.0449,-.0769,.194,-.0996,-.196
2020,3,8,12,-.121,-.126,.00138,-.0534,.292,-.0408,-.192
2020,3,8,13,-.0861,-.00788,-.0213,-.00445,.15,.177,-.201
2020,3,8,14,-.0335,-.274,-.00178,-.0366,.12,.0342,-.0735
2020,3,8,15,.106,.0662,-.0265,-.283,.129,-.299,-.16
2020,3,8,16,-.0411,-.0664,.125,-.0445,.194,.0464,-.0765
2020,3,8,17,-.0741,-.237,.0203,.00443,.14,.0659,-.154
2020,3,8,19,-.0359,-.107,.0041,-.0285,.113,-.0077,-.19
2020,3,8,20,-.0244,.0803,.018,-.0545,.0962,-.375,-.204
2020,3,8,21,-.131,-.201,-.00869,-.163,.302,.0164,-.164
2020,3,8,22,-.0732,-.17,-.0107,-.0812,.156,.238,-.177
2020,3,8,23,-.0376,-.117,.0294,.0174,.174,.0637,-.133
2020,3,8,24,-.0719,-.144,-.012,-.0243,.215,-.00488,-.0601
2020,3,8,25,-.0107,.402,-.053,.129,.313,-.125,-.249
2020,3,8,26,-.0548,-.0851,-.0059,-.0318,.114,.246,-.0986
2020,3,8,27,-.028,-.57,-.0703,-.0295,.0745,-.395,-.174
2020,3,8,28,-.0664,-.0299,-.03,-.0871,.205,-.164,-.165
2020,3,8,29,-.21,-.0515,-.0321,.06,.332,.0437,-.278
2020,3,8,30,-.0565,-.00189,-.00129,.062,.305,.175,-.428
2020,3,8,31,-.0891,.143,-.0459,-.051,.127,-.229,-.238
2020,3,8,32,-.164,-.0638,-.000441,-.0166,.314,-.0799,-.173
2020,3,8,33,-.0595,-.185,-.0298,-.00114,.119,-.108,-.174
2020,3,8,34,-.111,.1,.0502,.00795,.197,.0427,-.0644
2020,3,8,35,-.126,-.0776,-.0164,-.00307,.171,-.132,-.111
2020,3,8,36,-.0805,-.133,.0205,-.0369,.255,-.00576,.00728
2020,3,8,37,-.0328,-.396,.00078,-.247,.119,-.0194,-.3
2020,3,8,38,-.098,-.163,-.0479,-.0441,.126,-.015,-.256
2020,3,8,39,-.102,-.24,-.0174,-.0995,.166,-.0831,-.239
2020,3,8,40,-.132,-.0204,.0284,-.0146,.162,-.0564,-.118
2020,3,8,41,-.0937,-.14,.0109,-.028,.256,-.0182,-.149
2020,3,8,42,-.0201,-.156,-.00721,-.00134,.153,.00901,-.218
2020,3,8,43,-.0534,-.0272,.011,-.0753,.109,-.0101,-.00829
2020,3,8,44,-.198,.0988,.0435,.169,.0971,.449,.0301
2020,3,8,45,-.187,.00823,-.0216,-.0795,.153,.0136,-.362
2020,3,8,46,-.0702,.132,.0802,.0751,.163,-.206,.0334
2020,3,8,47,.00581,.374,-.0162,.0113,.168,-.0373,-.259
2020,3,8,48,-.058,-.23,-.0266,.0113,.113,-.0427,-.204
2020,3,8,49,-.0848,-.057,.00775,-.0385,.157,-.0128,-.187
2020,3,8,50,-.0395,-.078,.0139,-.11,.32,.0515,-.172
2020,3,8,51,-.0714,-.446,-.0237,-.0233,.0274,.0107,-.187
2020,3,8,52,-.187,-.0272,-.0423,-.102,.213,-.0391,-.21
2020,3,8,53,-.0119,-.146,.0292,.0314,.138,-.0671,-.198
2020,3,15,1,-.226,-.293,-.0257,-.15,.865,-.0516,-.329
2020,3,15,2,-.254,-.333,-.0508,-.242,.649,-.0659,-.296
2020,3,15,3,-.265,-.183,-.0596,-.155,.649,-.207,-.349
2020,3,15,4,-.196,-.334,-.0216,-.163,.675,.00255,-.313
2020,3,15,5,-.124,-.305,.00426,-.077,.644,-.0215,-.203
2020,3,15,6,-.221,-.411,-.0406,-.146,.765,-.0502,-.335
2020,3,15,7,-.254,-.255,-.0179,-.156,.758,-.0967,-.308
2020,3,15,8,-.216,-.136,.0156,.0954,.914,.0592,-.308
2020,3,15,9,-.291,-.382,-.0865,-.241,.489,-.0563,-.386
2020,3,15,10,-.189,-.267,-.0277,-.133,.581,-.0833,-.279
2020,3,15,11,-.191,-.481,-.0204,.026,.589,-.159,-.241
2020,3,15,12,-.234,-.399,-.0166,-.133,.692,-.0108,-.357
2020,3,15,13,-.187,-.349,-.0221,-.0844,.654,-.0498,-.355
2020,3,15,14,-.191,-.445,-.0175,-.146,.604,-.0544,-.258
2020,3,15,15,-.104,-.161,-.0436,-.312,.579,-.477,-.357
2020,3,15,16,-.186,-.343,.0769,-.0906,.631,.0291,-.23
2020,3,15,17,-.16,-.292,-.0206,-.117,.684,.0523,-.237
2020,3,15,19,-.116,-.3,-.00412,-.0623,.336,-.0454,-.293
2020,3,15,20,-.232,-.153,-.0148,-.118,.559,-.136,-.369
2020,3,15,21,-.28,-.624,-.0731,-.244,.697,-.189,-.273
2020,3,15,22,-.199,-.419,-.0648,-.13,.709,.0192,-.376
2020,3,15,23,-.182,-.255,.00537,-.129,.749,-.209,-.216
2020,3,15,24,-.248,-.405,-.0361,-.222,.642,.0812,-.311
2020,3,15,25,-.335,-.309,-.0979,-.324,.785,-.325,-.375
2020,3,15,26,-.156,-.342,.0146,-.054,.391,.0269,-.248
2020,3,15,27,-.256,-.5,-.081,-.164,.458,.236,-.374
2020,3,15,28,-.184,-.259,-.0389,-.196,.675,.0473,-.317
2020,3,15,29,-.344,-.256,-.107,-.116,.816,-.0248,-.451
2020,3,15,30,-.384,-.348,-.0883,-.195,.62,.17,-.499
2020,3,15,31,-.21,-.379,-.0633,-.165,.595,-.223,-.305
2020,3,15,32,-.318,-.293,-.0558,-.193,.851,-.145,-.341
2020,3,15,33,-.128,-.214,.00471,-.0984,.613,.0318,-.282
2020,3,15,34,-.173,-.271,.0182,-.0165,.825,.105,-.265
2020,3,15,35,-.205,-.293,-.0411,-.0937,.54,-.259,-.266
2020,3,15,36,-.212,-.199,-.0399,-.173,.766,-.0777,-.323
2020,3,15,37,-.197,-.665,-.023,-.338,.536,.0255,-.387
2020,3,15,38,-.261,-.374,-.0971,-.239,.6,-.00136,-.362
2020,3,15,39,-.199,-.32,-.016,-.147,.635,.0687,-.233
2020,3,15,40,-.198,-.289,-.0294,-.181,.46,-.00783,-.258
2020,3,15,41,-.231,-.362,-.0276,-.128,.61,-.054,-.302
2020,3,15,42,-.14,-.27,-.000478,-.161,.735,-.104,-.307
2020,3,15,43,-.201,-.381,-.0455,-.147,.458,-.00134,-.214
2020,3,15,44,-.312,-.592,-.13,-.171,.535,-.389,-.271
2020,3,15,45,-.246,-.5,-.0188,-.208,.688,.522,-.555
2020,3,15,46,-.252,-.42,-.0127,-.0256,.629,-.192,-.349
2020,3,15,47,-.154,-.261,-.0278,-.0708,.691,-.117,-.343
2020,3,15,48,-.1,-.236,-.0195,-.00808,.343,-.0621,-.154
2020,3,15,49,-.161,-.172,-.0147,-.19,.568,-.119,-.204
2020,3,15,50,-.153,-.263,.0233,-.2,.947,.13,-.25
2020,3,15,51,-.173,-.516,.00677,-.111,.546,.0992,-.121
2020,3,15,52,-.0845,-.399,.0244,-.153,.684,.0191,-.256
2020,3,15,53,-.0843,-.365,-.00105,-.0618,.358,-.00407,-.293
2020,3,22,1,-.581,-.605,-.223,-.511,.508,-.379,-.618
2020,3,22,2,-.644,-.753,-.242,-.554,.567,-.336,-.624
2020,3,22,3,-.637,-.594,-.255,-.492,.511,-.437,-.612
2020,3,22,4,-.504,-.551,-.163,-.506,.47,-.287,-.529
2020,3,22,5,-.534,-.481,-.137,-.442,.537,-.315,-.508
2020,3,22,6,-.588,-.499,-.223,-.5,.469,-.419,-.576
2020,3,22,7,-.519,-.631,-.188,-.491,.536,-.406,-.599
2020,3,22,8,-.546,-.71,-.171,-.538,.7,-.249,-.542
2020,3,22,9,-.594,-.403,-.221,-.501,.387,-.327,-.617
2020,3,22,10,-.527,-.575,-.168,-.395,.496,-.243,-.584
2020,3,22,11,-.518,-.691,-.202,-.459,.573,-.231,-.621
2020,3,22,12,-.609,-.6,-.247,-.504,.478,-.404,-.63
2020,3,22,13,-.545,-.586,-.199,-.369,.712,-.417,-.623
2020,3,22,14,-.605,-.589,-.202,-.437,.629,-.436,-.544
2020,3,22,15,-.565,-.761,-.238,-.488,.494,-.428,-.653
2020,3,22,16,-.566,-.625,-.142,-.502,.463,-.268,-.536
2020,3,22,17,-.574,-.438,-.183,-.471,.502,-.146,-.55
2020,3,22,19,-.466,-.629,-.095,-.364,.499,-.222,-.479
2020,3,22,20,-.492,-.711,-.0885,-.391,.647,-.181,-.395
2020,3,22,21,-.645,-.261,-.269,-.577,.527,-.512,-.65
2020,3,22,22,-.593,-.774,-.258,-.514,.53,-.249,-.578
2020,3,22,23,-.588,-.366,-.191,-.395,.651,-.299,-.599
2020,3,22,24,-.599,-.517,-.186,-.46,.623,-.417,-.577
2020,3,22,25,-.678,-.55,-.291,-.481,.521,-.516,-.684
2020,3,22,26,-.535,-.661,-.131,-.404,.479,-.132,-.533
2020,3,22,27,-.541,-.773,-.195,-.379,.517,-.154,-.548
2020,3,22,28,-.592,-.685,-.252,-.509,.504,-.465,-.625
2020,3,22,29,-.676,-.609,-.301,-.42,.609,-.397,-.735
2020,3,22,30,-.715,-.499,-.323,-.389,.381,-.267,-.8
2020,3,22,31,-.618,-.606,-.23,-.458,.5,-.385,-.645
2020,3,22,32,-.585,-.637,-.178,-.404,.625,-.262,-.575
2020,3,22,33,-.573,-.448,-.187,-.417,.53,-.301,-.512
2020,3,22,34,-.579,-.538,-.134,-.374,.609,-.318,-.519
2020,3,22,35,-.556,-.538,-.179,-.432,.549,-.497,-.554
2020,3,22,36,-.551,-.382,-.215,-.555,.445,-.351,-.608
2020,3,22,37,-.578,-.552,-.217,-.438,.622,-.291,-.552
2020,3,22,38,-.645,-.617,-.241,-.608,.673,-.399,-.656
2020,3,22,39,-.559,-.541,-.179,-.459,.504,-.253,-.554
2020,3,22,40,-.623,-.427,-.213,-.516,.298,-.365,-.597
2020,3,22,41,-.593,-.628,-.241,-.459,.459,-.406,-.595
2020,3,22,42,-.552,-.588,-.216,-.501,.533,-.341,-.612
2020,3,22,43,-.534,-.345,-.094,-.415,.645,-.183,-.463
2020,3,22,44,-.651,-.302,-.244,-.472,.437,-.351,-.303
2020,3,22,45,-.472,-.574,-.0972,-.567,.508,.286,-.59
2020,3,22,46,-.699,-.37,-.171,-.354,.608,-.484,-.653
2020,3,22,47,-.552,-.503,-.117,-.374,.691,-.287,-.484
2020,3,22,48,-.436,-.653,-.124,-.335,.474,-.158,-.394
2020,3,22,49,-.48,-.697,-.115,-.365,.447,-.242,-.372
2020,3,22,50,-.542,-.674,-.188,-.496,.452,-.256,-.531
2020,3,22,51,-.556,-.435,-.153,-.42,.435,-.347,-.566
2020,3,22,52,-.553,-.586,-.165,-.381,.467,-.427,-.652
2020,3,22,53,-.442,-.681,-.119,-.405,.478,-.29,-.476
2020,3,29,1,-.695,-.758,-.374,-.6,.14,-.583,-.742
2020,3,29,2,-.759,-.778,-.437,-.656,.101,-.596,-.765
2020,3,29,3,-.748,-.824,-.432,-.595,-.00733,-.597,-.785
2020,3,29,4,-.612,-.685,-.35,-.592,.0378,-.571,-.733
2020,3,29,5,-.633,-.639,-.285,-.53,.08,-.475,-.67
2020,3,29,6,-.722,-.748,-.402,-.593,.0783,-.583,-.742
2020,3,29,7,-.653,-.754,-.365,-.623,.0268,-.593,-.711
2020,3,29,8,-.693,-.759,-.393,-.605,.0782,-.51,-.684
2020,3,29,9,-.697,-.623,-.367,-.597,.0928,-.42,-.765
2020,3,29,10,-.628,-.678,-.336,-.553,.0667,-.593,-.714
2020,3,29,11,-.638,-.79,-.335,-.661,.12,-.609,-.681
2020,3,29,12,-.707,-.756,-.373,-.575,.146,-.575,-.783
2020,3,29,13,-.675,-.701,-.378,-.505,.19,-.545,-.789
2020,3,29,14,-.671,-.736,-.376,-.528,.219,-.667,-.672
2020,3,29,15,-.67,-.821,-.444,-.58,-.0378,-.748,-.776
2020,3,29,16,-.627,-.704,-.291,-.553,.105,-.55,-.712
2020,3,29,17,-.665,-.631,-.338,-.553,.158,-.552,-.688
2020,3,29,19,-.535,-.76,-.262,-.461,.0718,-.502,-.616
2020,3,29,20,-.607,-.615,-.316,-.518,.158,-.547,-.753
2020,3,29,21,-.754,-.729,-.433,-.631,.236,-.611,-.785
2020,3,29,22,-.705,-.568,-.354,-.638,.131,-.389,-.739
2020,3,29,23,-.641,-.759,-.358,-.457,.173,-.54,-.717
2020,3,29,24,-.767,-.727,-.389,-.566,.109,-.515,-.774
2020,3,29,25,-.77,-.764,-.508,-.51,.16,-.699,-.828
2020,3,29,26,-.571,-.747,-.247,-.446,.0705,-.469,-.688
2020,3,29,27,-.674,-.765,-.332,-.37,-.00822,-.527,-.694
2020,3,29,28,-.709,-.746,-.386,-.557,.101,-.58,-.729
2020,3,29,29,-.753,-.721,-.414,-.447,.297,-.599,-.844
2020,3,29,30,-.771,-.589,-.461,-.617,-.0248,-.679,-.869
2020,3,29,31,-.721,-.787,-.405,-.585,.0442,-.444,-.809
2020,3,29,32,-.671,-.747,-.316,-.467,.247,-.452,-.702
2020,3,29,33,-.625,-.644,-.252,-.477,.18,-.469,-.692
2020,3,29,34,-.663,-.671,-.314,-.504,.0561,-.53,-.682
2020,3,29,35,-.668,-.724,-.344,-.513,.0888,-.618,-.753
2020,3,29,36,-.671,-.687,-.364,-.617,.156,-.595,-.748
2020,3,29,37,-.687,-.821,-.432,-.605,.00638,-.546,-.789
2020,3,29,38,-.794,-.855,-.441,-.695,.056,-.659,-.776
2020,3,29,39,-.683,-.525,-.318,-.557,.184,-.563,-.705
2020,3,29,40,-.589,-.443,-.309,-.538,-.0271,-.474,-.722
2020,3,29,41,-.709,-.753,-.374,-.546,.15,-.582,-.758
2020,3,29,42,-.738,-.802,-.388,-.575,.161,-.497,-.741
2020,3,29,43,-.699,-.659,-.32,-.549,.0882,-.515,-.632
2020,3,29,44,-.782,-.93,-.419,-.539,.00749,-.685,-.843
2020,3,29,45,-.553,-.825,-.287,-.645,.0998,-.381,-.773
2020,3,29,46,-.744,-.737,-.345,-.493,.057,-.622,-.795
2020,3,29,47,-.652,-.763,-.299,-.483,.0261,-.666,-.722
2020,3,29,48,-.609,-.711,-.297,-.479,.127,-.544,-.617
2020,3,29,49,-.677,-.723,-.279,-.414,.124,-.354,-.624
2020,3,29,50,-.647,-.723,-.284,-.561,.188,-.435,-.721
2020,3,29,51,-.635,-.725,-.328,-.533,.0656,-.532,-.67
2020,3,29,52,-.728,-.782,-.356,-.464,.0701,-.596,-.731
2020,3,29,53,-.557,-.765,-.256,-.535,.0824,-.534,-.622
2020,4,5,1,-.718,-.769,-.363,-.547,.193,-.529,-.708
2020,4,5,2,-.761,-.759,-.41,-.645,.229,-.61,-.764
2020,4,5,3,-.705,-.71,-.388,-.581,.151,-.584,-.749
2020,4,5,4,-.62,-.677,-.353,-.573,.0924,-.542,-.738
2020,4,5,5,-.641,-.7,-.29,-.512,.144,-.501,-.639
2020,4,5,6,-.722,-.768,-.369,-.549,.178,-.548,-.729
2020,4,5,7,-.67,-.712,-.351,-.57,.113,-.579,-.749
2020,4,5,8,-.683,-.743,-.342,-.493,.277,-.574,-.679
2020,4,5,9,-.717,-.682,-.377,-.513,.0843,-.38,-.735
2020,4,5,10,-.612,-.704,-.32,-.529,.0747,-.587,-.703
2020,4,5,11,-.632,-.733,-.299,-.525,.0669,-.7,-.698
2020,4,5,12,-.719,-.713,-.373,-.527,.205,-.52,-.74
2020,4,5,13,-.723,-.734,-.363,-.521,.219,-.572,-.786
2020,4,5,14,-.633,-.643,-.291,-.473,.36,-.637,-.658
2020,4,5,15,-.583,-.72,-.349,-.603,.0965,-.753,-.777
2020,4,5,16,-.604,-.752,-.245,-.496,.121,-.53,-.703
2020,4,5,17,-.664,-.591,-.324,-.534,.132,-.503,-.678
2020,4,5,19,-.526,-.725,-.172,-.417,.218,-.5,-.606
2020,4,5,20,-.556,-.782,-.238,-.473,.235,-.365,-.722
2020,4,5,21,-.718,-.751,-.399,-.597,.299,-.616,-.77
2020,4,5,22,-.722,-.772,-.35,-.585,.055,-.374,-.74
2020,4,5,23,-.63,-.853,-.344,-.499,.294,-.575,-.701
2020,4,5,24,-.743,-.754,-.377,-.494,.18,-.574,-.755
2020,4,5,25,-.774,-.524,-.442,-.558,.316,-.723,-.78
2020,4,5,26,-.579,-.686,-.276,-.521,.111,-.364,-.644
2020,4,5,27,-.726,-.812,-.318,-.485,.129,-.482,-.751
2020,4,5,28,-.667,-.759,-.387,-.518,.0859,-.595,-.769
2020,4,5,29,-.714,-.615,-.378,-.449,.303,-.527,-.822
2020,4,5,30,-.777,-.62,-.42,-.471,.0292,-.553,-.858
2020,4,5,31,-.697,-.743,-.337,-.506,.114,-.478,-.703
2020,4,5,32,-.709,-.786,-.347,-.428,.284,-.677,-.72
2020,4,5,33,-.664,-.754,-.266,-.405,.172,-.412,-.702
2020,4,5,34,-.647,-.78,-.283,-.469,.19,-.479,-.642
2020,4,5,35,-.668,-.735,-.339,-.489,.121,-.655,-.721
2020,4,5,36,-.729,-.731,-.348,-.596,.267,-.561,-.721
2020,4,5,37,-.7,-.836,-.373,-.583,.144,-.411,-.758
2020,4,5,38,-.766,-.722,-.419,-.694,.182,-.638,-.787
2020,4,5,39,-.694,-.682,-.345,-.53,.102,-.542,-.717
2020,4,5,40,-.588,-.535,-.287,-.51,.101,-.389,-.674
2020,4,5,41,-.714,-.748,-.366,-.496,.157,-.465,-.704
2020,4,5,42,-.727,-.796,-.39,-.536,.0989,-.533,-.679
2020,4,5,43,-.685,-.718,-.33,-.521,.121,-.636,-.688
2020,4,5,44,-.762,-.849,-.431,-.356,.13,-.709,-.717
2020,4,5,45,-.68,-.879,-.321,-.641,-.0411,-.48,-.697
2020,4,5,46,-.734,-.671,-.201,-.374,.261,-.727,-.674
2020,4,5,47,-.613,-.669,-.308,-.456,.0754,-.678,-.669
2020,4,5,48,-.576,-.718,-.297,-.392,.0896,-.565,-.594
2020,4,5,49,-.656,-.55,-.285,-.43,.143,-.565,-.661
2020,4,5,50,-.649,-.691,-.326,-.513,.214,-.395,-.715
2020,4,5,51,-.67,-.633,-.292,-.506,.136,-.559,-.655
2020,4,5,52,-.698,-.706,-.355,-.448,.00155,-.638,-.781
2020,4,5,53,-.549,-.72,-.269,-.468,.0577,-.432,-.664
2020,4,12,1,-.705,-.738,-.39,-.577,.0684,-.592,-.79
2020,4,12,2,-.74,-.798,-.433,-.63,.178,-.629,-.81
2020,4,12,3,-.703,-.767,-.389,-.551,.168,-.692,-.79
2020,4,12,4,-.603,-.538,-.375,-.593,.0452,-.611,-.789
2020,4,12,5,-.639,-.698,-.324,-.495,.0553,-.511,-.702
2020,4,12,6,-.709,-.787,-.407,-.569,.0911,-.55,-.793
2020,4,12,7,-.66,-.755,-.366,-.578,.0583,-.583,-.763
2020,4,12,8,-.704,-.742,-.381,-.497,.267,-.583,-.766
2020,4,12,9,-.74,-.712,-.402,-.577,.107,-.506,-.791
2020,4,12,10,-.606,-.763,-.329,-.498,.0642,-.495,-.76
2020,4,12,11,-.63,-.773,-.29,-.533,.0908,-.665,-.733
2020,4,12,12,-.722,-.787,-.397,-.567,.196,-.584,-.8
2020,4,12,13,-.68,-.709,-.322,-.396,.241,-.605,-.84
2020,4,12,14,-.616,-.717,-.329,-.452,.271,-.613,-.725
2020,4,12,15,-.624,-.817,-.324,-.532,-.00868,-.65,-.853
2020,4,12,16,-.596,-.728,-.298,-.495,.12,-.54,-.755
2020,4,12,17,-.694,-.547,-.371,-.535,.162,-.598,-.752
2020,4,12,19,-.522,-.768,-.255,-.42,.0871,-.528,-.672
2020,4,12,20,-.578,-.609,-.213,-.444,.266,-.574,-.736
2020,4,12,21,-.588,-.772,-.405,-.611,.267,-.569,-.812
2020,4,12,22,-.735,-.815,-.391,-.6,.0385,-.343,-.783
2020,4,12,23,-.638,-.596,-.373,-.483,.147,-.493,-.767
2020,4,12,24,-.716,-.757,-.358,-.505,.201,-.586,-.742
2020,4,12,25,-.776,-.771,-.428,-.495,.342,-.344,-.855
2020,4,12,26,-.594,-.697,-.265,-.49,.0755,-.516,-.698
2020,4,12,27,-.686,-.881,-.398,-.545,.0296,-.638,-.777
2020,4,12,28,-.654,-.729,-.391,-.494,.069,-.513,-.748
2020,4,12,29,-.722,-.665,-.415,-.446,.317,-.586,-.88
2020,4,12,30,-.77,-.76,-.437,-.43,-.00492,-.606,-.866
2020,4,12,31,-.686,-.781,-.385,-.498,.185,-.507,-.788
2020,4,12,32,-.688,-.764,-.336,-.442,.329,-.628,-.758
2020,4,12,33,-.641,-.62,-.313,-.406,.0847,-.582,-.759
2020,4,12,34,-.694,-.744,-.319,-.471,.142,-.561,-.734
2020,4,12,35,-.685,-.752,-.348,-.496,.102,-.57,-.733
2020,4,12,36,-.657,-.629,-.355,-.543,.144,-.58,-.782
2020,4,12,37,-.676,-.843,-.424,-.5,-.01,-.59,-.83
2020,4,12,38,-.764,-.806,-.462,-.652,.0287,-.705,-.808
2020,4,12,39,-.714,-.726,-.368,-.52,.156,-.59,-.771
2020,4,12,40,-.595,-.593,-.304,-.51,.0875,-.354,-.728
2020,4,12,41,-.689,-.781,-.374,-.494,.166,-.631,-.78
2020,4,12,42,-.673,-.766,-.361,-.465,.118,-.533,-.784
2020,4,12,43,-.684,-.682,-.391,-.54,.0255,-.62,-.683
2020,4,12,44,-.757,-.794,-.417,-.423,.144,-.553,-.737
2020,4,12,45,-.674,-.68,-.292,-.427,-.0277,-.547,-.787
2020,4,12,46,-.747,-.605,-.343,-.451,.121,-.717,-.789
2020,4,12,47,-.645,-.722,-.334,-.456,.0717,-.551,-.756
2020,4,12,48,-.558,-.796,-.283,-.369,.153,-.471,-.633
2020,4,12,49,-.687,-.531,-.277,-.432,.131,-.59,-.724
2020,4,12,50,-.635,-.689,-.32,-.469,.308,-.489,-.7
2020,4,12,51,-.668,-.672,-.321,-.536,.106,-.582,-.711
2020,4,12,52,-.664,-.725,-.378,-.399,.0423,-.652,-.753
2020,4,12,53,-.533,-.784,-.276,-.448,.108,-.474,-.712
2020,4,19,1,-.682,-.802,-.35,-.531,.0822,-.541,-.756
2020,4,19,2,-.722,-.785,-.374,-.587,.17,-.57,-.796
2020,4,19,3,-.699,-.807,-.335,-.509,.0505,-.581,-.779
2020,4,19,4,-.591,-.7,-.324,-.541,.0136,-.54,-.751
2020,4,19,5,-.619,-.652,-.286,-.455,-.0118,-.503,-.696
2020,4,19,6,-.694,-.787,-.362,-.52,.0533,-.562,-.752
2020,4,19,7,-.612,-.756,-.305,-.532,.0346,-.477,-.73
2020,4,19,8,-.713,-.889,-.361,-.546,.209,-.541,-.755
2020,4,19,9,-.71,-.724,-.346,-.509,.0869,-.433,-.814
2020,4,19,10,-.576,-.648,-.274,-.461,-.00907,-.479,-.715
2020,4,19,11,-.589,-.744,-.157,-.476,.111,-.574,-.703
2020,4,19,12,-.705,-.775,-.378,-.51,.116,-.549,-.801
2020,4,19,13,-.624,-.564,-.289,-.304,-.00203,-.558,-.801
2020,4,19,14,-.547,-.649,-.187,-.268,.429,-.596,-.687
2020,4,19,15,-.578,-.765,-.318,-.451,.034,-.578,-.784
2020,4,19,16,-.527,-.679,-.172,-.419,.164,-.48,-.712
2020,4,19,17,-.689,-.64,-.371,-.528,.0569,-.532,-.708
2020,4,19,19,-.392,-.752,-.0478,-.222,.282,-.333,-.628
2020,4,19,20,-.543,-.676,-.167,-.394,.34,-.487,-.722
2020,4,19,21,-.752,-.743,-.414,-.55,.205,-.572,-.804
2020,4,19,22,-.742,-.842,-.367,-.551,-.0657,-.527,-.714
2020,4,19,23,-.57,-.765,-.346,-.385,.0835,-.586,-.77
2020,4,19,24,-.693,-.668,-.309,-.415,.105,-.515,-.757
2020,4,19,25,-.702,-.52,-.379,-.49,.233,-.735,-.793
2020,4,19,26,-.5,-.716,-.211,-.463,.105,-.302,-.738
2020,4,19,27,-.61,-.673,-.303,-.433,-.0548,-.619,-.744
2020,4,19,28,-.654,-.774,-.356,-.437,.0436,-.498,-.781
2020,4,19,29,-.736,-.591,-.387,-.411,.21,-.467,-.873
2020,4,19,30,-.744,-.699,-.412,-.401,.029,-.459,-.877
2020,4,19,31,-.616,-.763,-.313,-.406,.0749,-.403,-.763
2020,4,19,32,-.679,-.838,-.354,-.427,.217,-.672,-.694
2020,4,19,33,-.61,-.71,-.218,-.343,.0594,-.433,-.656
2020,4,19,34,-.698,-.811,-.31,-.417,.0116,-.495,-.663
2020,4,19,35,-.701,-.777,-.34,-.486,-.000636,-.639,-.77
2020,4,19,36,-.662,-.68,-.355,-.522,.0954,-.544,-.766
2020,4,19,37,-.631,-.663,-.309,-.501,.0341,-.45,-.792
2020,4,19,38,-.751,-.784,-.4,-.637,.113,-.653,-.791
2020,4,19,39,-.723,-.681,-.328,-.494,.0741,-.474,-.747
2020,4,19,40,-.539,-.603,-.241,-.453,-.0225,-.375,-.718
2020,4,19,41,-.682,-.727,-.346,-.449,.113,-.556,-.764
2020,4,19,42,-.653,-.666,-.315,-.435,.116,-.496,-.752
2020,4,19,43,-.657,-.638,-.307,-.451,.0363,-.501,-.645
2020,4,19,44,-.751,-.707,-.346,-.431,.0836,-.506,-.801
2020,4,19,45,-.648,-.776,-.289,-.47,.064,-.621,-.765
2020,4,19,46,-.711,-.616,-.28,-.279,-.0117,-.709,-.66
2020,4,19,47,-.686,-.762,-.33,-.474,.0135,-.648,-.77
2020,4,19,48,-.497,-.783,-.19,-.237,.214,-.508,-.622
2020,4,19,49,-.652,-.624,-.254,-.331,.0575,-.485,-.67
2020,4,19,50,-.608,-.805,-.289,-.495,.14,-.371,-.709
2020,4,19,51,-.725,-.729,-.328,-.523,-.0539,-.365,-.731
2020,4,19,52,-.663,-.773,-.334,-.401,-.0424,-.553,-.75
2020,4,19,53,-.474,-.779,-.207,-.418,-.0363,-.279,-.686
2020,4,26,1,-.667,-.835,-.332,-.534,.15,-.567,-.758
2020,4,26,2,-.728,-.822,-.357,-.566,.311,-.576,-.803
2020,4,26,3,-.673,-.786,-.303,-.479,.184,-.59,-.766
2020,4,26,4,-.553,-.69,-.297,-.494,.0521,-.551,-.726
2020,4,26,5,-.604,-.684,-.252,-.438,.107,-.504,-.694
2020,4,26,6,-.696,-.825,-.34,-.485,.137,-.572,-.746
2020,4,26,7,-.612,-.776,-.282,-.492,.0854,-.508,-.712
2020,4,26,8,-.66,-.715,-.305,-.412,.257,-.486,-.705
2020,4,26,9,-.705,-.769,-.331,-.459,.106,-.483,-.794
2020,4,26,10,-.551,-.724,-.244,-.442,.0907,-.499,-.703
2020,4,26,11,-.593,-.786,-.197,-.602,.0665,-.533,-.75
2020,4,26,12,-.695,-.818,-.357,-.541,.18,-.551,-.772
2020,4,26,13,-.609,-.569,-.245,-.225,.227,-.621,-.809
2020,4,26,14,-.541,-.742,-.22,-.273,.425,-.532,-.705
2020,4,26,15,-.589,-.742,-.277,-.417,.0834,-.77,-.75
2020,4,26,16,-.561,-.699,-.192,-.39,.0972,-.486,-.704
2020,4,26,17,-.661,-.556,-.306,-.469,.117,-.561,-.699
2020,4,26,19,-.406,-.748,-.106,-.258,.2,-.371,-.62
2020,4,26,20,-.503,-.778,-.117,-.329,.426,-.469,-.694
2020,4,26,21,-.753,-.717,-.397,-.549,.241,-.598,-.822
2020,4,26,22,-.706,-.847,-.32,-.54,-.0288,-.528,-.744
2020,4,26,23,-.564,-.812,-.28,-.326,.251,-.507,-.716
2020,4,26,24,-.701,-.712,-.275,-.425,.199,-.582,-.714
2020,4,26,25,-.724,-.756,-.409,-.384,.333,-.541,-.786
2020,4,26,26,-.42,-.745,-.13,-.382,.115,-.331,-.662
2020,4,26,27,-.524,-.767,-.286,-.334,.0534,-.635,-.752
2020,4,26,28,-.644,-.789,-.339,-.478,.0664,-.453,-.764
2020,4,26,29,-.73,-.773,-.402,-.413,.304,-.549,-.854
2020,4,26,30,-.742,-.618,-.414,-.443,.0496,-.654,-.812
2020,4,26,31,-.633,-.822,-.286,-.379,.127,-.455,-.757
2020,4,26,32,-.701,-.843,-.271,-.383,.313,-.582,-.713
2020,4,26,33,-.626,-.562,-.212,-.355,.162,-.481,-.67
2020,4,26,34,-.64,-.784,-.256,-.391,.131,-.563,-.699
2020,4,26,35,-.678,-.759,-.315,-.463,.0831,-.66,-.724
2020,4,26,36,-.64,-.768,-.337,-.526,.129,-.57,-.738
2020,4,26,37,-.614,-.831,-.303,-.479,.0522,-.586,-.796
2020,4,26,38,-.737,-.787,-.402,-.646,.0454,-.612,-.76
2020,4,26,39,-.697,-.797,-.347,-.437,.124,-.547,-.746
2020,4,26,40,-.537,-.656,-.235,-.453,.123,-.374,-.67
2020,4,26,41,-.677,-.784,-.324,-.458,.164,-.525,-.762
2020,4,26,42,-.64,-.655,-.287,-.458,.147,-.523,-.732
2020,4,26,43,-.648,-.749,-.305,-.458,.053,-.557,-.593
2020,4,26,44,-.73,-.743,-.309,-.241,.174,-.731,-.749
2020,4,26,45,-.609,-.842,-.227,-.503,.0348,-.24,-.761
2020,4,26,46,-.725,-.685,-.237,-.309,.138,-.639,-.707
2020,4,26,47,-.576,-.721,-.258,-.34,.0683,-.595,-.674
2020,4,26,48,-.458,-.841,-.179,-.269,.276,-.434,-.625
2020,4,26,49,-.669,-.746,-.197,-.244,.195,-.513,-.686
2020,4,26,50,-.55,-.796,-.223,-.457,.279,-.411,-.66
2020,4,26,51,-.622,-.71,-.246,-.395,.0911,-.481,-.749
2020,4,26,52,-.649,-.725,-.294,-.388,.0285,-.53,-.715
2020,4,26,53,-.443,-.762,-.148,-.28,.193,-.424,-.722
2020,5,3,1,-.658,-.77,-.313,-.471,.202,-.513,-.708
2020,5,3,2,-.664,-.821,-.287,-.48,.33,-.564,-.74
2020,5,3,3,-.628,-.766,-.287,-.421,.187,-.651,-.736
2020,5,3,4,-.522,-.737,-.266,-.471,.105,-.411,-.677
2020,5,3,5,-.594,-.654,-.217,-.41,.133,-.463,-.64
2020,5,3,6,-.672,-.783,-.308,-.445,.17,-.555,-.691
2020,5,3,7,-.576,-.741,-.274,-.443,.0807,-.412,-.686
2020,5,3,8,-.655,-.797,-.261,-.424,.32,-.471,-.665
2020,5,3,9,-.675,-.649,-.32,-.443,.138,-.49,-.728
2020,5,3,10,-.529,-.71,-.22,-.381,.122,-.471,-.671
2020,5,3,11,-.545,-.773,-.157,-.42,.145,-.504,-.618
2020,5,3,12,-.639,-.726,-.323,-.487,.221,-.557,-.737
2020,5,3,13,-.557,-.649,-.179,-.235,.316,-.62,-.761
2020,5,3,14,-.528,-.708,-.175,-.226,.511,-.554,-.679
2020,5,3,15,-.545,-.673,-.209,-.485,.124,-.596,-.688
2020,5,3,16,-.526,-.785,-.149,-.315,.166,-.499,-.652
2020,5,3,17,-.583,-.559,-.272,-.443,.216,-.55,-.67
2020,5,3,19,-.354,-.699,-.0571,-.207,.203,-.327,-.59
2020,5,3,20,-.463,-.504,-.148,-.248,.23,-.568,-.681
2020,5,3,21,-.726,-.764,-.352,-.505,.264,-.551,-.727
2020,5,3,22,-.676,-.86,-.297,-.501,.0505,-.395,-.732
2020,5,3,23,-.554,-.824,-.238,-.331,.291,-.518,-.692
2020,5,3,24,-.696,-.714,-.314,-.344,.175,-.492,-.682
2020,5,3,25,-.694,-.592,-.384,-.473,.368,-.564,-.8
2020,5,3,26,-.405,-.44,-.11,-.338,.153,-.371,-.534
2020,5,3,27,-.48,-.88,-.247,-.36,.079,-.612,-.72
2020,5,3,28,-.627,-.733,-.28,-.351,.139,-.444,-.724
2020,5,3,29,-.703,-.744,-.377,-.302,.277,-.505,-.833
2020,5,3,30,-.694,-.685,-.381,-.429,.0958,-.261,-.774
2020,5,3,31,-.616,-.752,-.239,-.293,.197,-.305,-.748
2020,5,3,32,-.66,-.765,-.288,-.403,.373,-.656,-.709
2020,5,3,33,-.607,-.646,-.19,-.28,.177,-.455,-.664
2020,5,3,34,-.636,-.77,-.212,-.334,.173,-.48,-.63
2020,5,3,35,-.646,-.749,-.272,-.39,.137,-.615,-.677
2020,5,3,36,-.639,-.784,-.282,-.501,.229,-.493,-.723
2020,5,3,37,-.55,-.817,-.251,-.402,.141,-.478,-.747
2020,5,3,38,-.715,-.748,-.369,-.628,.14,-.608,-.752
2020,5,3,39,-.609,-.759,-.268,-.418,.166,-.521,-.683
2020,5,3,40,-.522,-.587,-.215,-.322,.144,-.38,-.562
2020,5,3,41,-.641,-.76,-.3,-.438,.151,-.574,-.701
2020,5,3,42,-.634,-.671,-.251,-.37,.241,-.475,-.717
2020,5,3,43,-.618,-.734,-.267,-.438,.135,-.504,-.586
2020,5,3,44,-.606,-.589,-.225,-.493,.252,-.595,-.634
2020,5,3,45,-.568,-.86,-.134,-.42,.091,-.484,-.623
2020,5,3,46,-.661,-.535,-.176,-.32,.176,-.631,-.671
2020,5,3,47,-.581,-.656,-.225,-.35,.105,-.593,-.687
2020,5,3,48,-.465,-.82,-.173,-.321,.226,-.45,-.563
2020,5,3,49,-.626,-.631,-.241,-.244,.139,-.402,-.646
2020,5,3,50,-.543,-.652,-.139,-.355,.351,-.305,-.662
2020,5,3,51,-.654,-.65,-.235,-.376,.0431,-.451,-.539
2020,5,3,52,-.636,-.658,-.238,-.317,.137,-.414,-.653
2020,5,3,53,-.409,-.774,-.108,-.258,.157,-.324,-.66
2020,5,10,1,-.627,-.735,-.292,-.484,.171,-.494,-.702
2020,5,10,2,-.661,-.808,-.291,-.492,.316,-.545,-.745
2020,5,10,3,-.614,-.677,-.25,-.454,.193,-.572,-.716
2020,5,10,4,-.436,-.667,-.192,-.373,.0818,-.383,-.636
2020,5,10,5,-.567,-.629,-.195,-.384,.101,-.34,-.648
2020,5,10,6,-.633,-.757,-.279,-.445,.176,-.472,-.702
2020,5,10,7,-.528,-.658,-.205,-.402,.105,-.379,-.675
2020,5,10,8,-.599,-.654,-.258,-.424,.263,-.389,-.676
2020,5,10,9,-.666,-.65,-.278,-.448,.122,-.437,-.744
2020,5,10,10,-.25,-.621,-.114,-.288,.0972,-.257,-.611
2020,5,10,11,-.494,-.739,-.0977,-.345,.097,-.368,-.653
2020,5,10,12,-.631,-.756,-.301,-.481,.224,-.502,-.762
2020,5,10,13,-.564,-.482,-.119,-.173,.234,-.493,-.726
2020,5,10,14,-.513,-.6,-.154,-.201,.468,-.532,-.641
2020,5,10,15,-.55,-.662,-.211,-.405,.0891,-.554,-.766
2020,5,10,16,-.484,-.625,-.0742,-.296,.168,-.228,-.625
2020,5,10,17,-.557,-.576,-.226,-.335,.148,-.421,-.675
2020,5,10,19,-.274,-.689,-.0114,-.137,.222,-.209,-.593
2020,5,10,20,-.411,-.515,-.0501,-.248,.294,-.41,-.562
2020,5,10,21,-.715,-.749,-.361,-.52,.282,-.511,-.786
2020,5,10,22,-.662,-.796,-.266,-.449,.0245,-.348,-.735
2020,5,10,23,-.477,-.674,-.192,-.285,.206,-.514,-.659
2020,5,10,24,-.658,-.725,-.307,-.431,.149,-.484,-.709
2020,5,10,25,-.676,-.82,-.332,-.348,.41,-.688,-.798
2020,5,10,26,-.281,-.455,-.0469,-.169,.157,.164,-.535
2020,5,10,27,-.544,-.664,-.272,-.299,.0749,-.586,-.727
2020,5,10,28,-.605,-.66,-.248,-.372,.117,-.362,-.72
2020,5,10,29,-.686,-.643,-.339,-.329,.351,-.539,-.844
2020,5,10,30,-.667,-.71,-.32,-.287,.0375,-.461,-.795
2020,5,10,31,-.604,-.71,-.223,-.328,.212,-.434,-.711
2020,5,10,32,-.664,-.695,-.207,-.335,.344,-.529,-.668
2020,5,10,33,-.588,-.689,-.191,-.305,.149,-.358,-.689
2020,5,10,34,-.582,-.686,-.19,-.304,.193,-.29,-.643
2020,5,10,35,-.613,-.71,-.245,-.371,.113,-.537,-.687
2020,5,10,36,-.538,-.625,-.25,-.425,.198,-.333,-.72
2020,5,10,37,-.629,-.656,-.266,-.449,.12,-.338,-.75
2020,5,10,38,-.67,-.697,-.348,-.61,.12,-.445,-.717
2020,5,10,39,-.601,-.763,-.262,-.428,.118,-.474,-.694
2020,5,10,40,-.481,-.614,-.166,-.254,.121,-.129,-.682
2020,5,10,41,-.628,-.708,-.302,-.429,.125,-.539,-.73
2020,5,10,42,-.606,-.575,-.223,-.319,.207,-.549,-.695
2020,5,10,43,-.542,-.634,-.22,-.4,.0757,-.503,-.509
2020,5,10,44,-.661,-.196,-.222,-.294,.102,-.114,-.74
2020,5,10,45,-.598,-.553,-.165,-.342,.0705,.0483,-.674
2020,5,10,46,-.651,-.672,-.189,-.284,.174,-.485,-.704
2020,5,10,47,-.54,-.728,-.19,-.348,.157,-.414,-.648
2020,5,10,48,-.432,-.765,-.132,-.284,.283,-.288,-.566
2020,5,10,49,-.607,-.503,-.169,-.277,.161,-.251,-.676
2020,5,10,50,-.5,-.592,-.138,-.339,.29,-.179,-.553
2020,5,10,51,-.584,-.674,-.213,-.394,.105,-.488,-.708
2020,5,10,52,-.621,-.581,-.211,-.291,.108,-.263,-.709
2020,5,10,53,-.365,-.585,-.0665,-.197,.149,-.239,-.645
2020,5,17,1,-.622,-.652,-.278,-.461,.163,-.367,-.715
2020,5,17,2,-.652,-.772,-.276,-.463,.301,-.438,-.709
2020,5,17,3,-.62,-.725,-.289,-.422,.0916,-.532,-.717
2020,5,17,4,-.443,-.628,-.203,-.244,.0555,-.227,-.646
2020,5,17,5,-.48,-.594,-.179,-.333,.0742,-.24,-.622
2020,5,17,6,-.62,-.654,-.261,-.418,.179,-.344,-.668
2020,5,17,7,-.514,-.681,-.239,-.331,.0118,-.376,-.639
2020,5,17,8,-.551,-.694,-.24,-.428,.217,-.296,-.633
2020,5,17,9,-.658,-.645,-.276,-.397,.172,-.452,-.751
2020,5,17,10,-.449,-.635,-.185,-.28,.0534,-.302,-.653
2020,5,17,11,-.474,-.77,-.108,-.282,.102,-.185,-.695
2020,5,17,12,-.615,-.691,-.288,-.446,.189,-.479,-.752
2020,5,17,13,-.522,-.516,-.128,-.0317,.197,-.581,-.684
2020,5,17,14,-.49,-.558,-.134,-.166,.419,-.433,-.621
2020,5,17,15,-.512,-.708,-.204,-.383,.0463,-.427,-.741
2020,5,17,16,-.428,-.572,-.108,-.263,.161,-.294,-.67
2020,5,17,17,-.51,-.664,-.226,-.297,.129,-.237,-.652
2020,5,17,19,-.222,-.653,-.012,.0779,.134,-.0465,-.559
2020,5,17,20,-.421,-.566,-.0865,.0159,.164,-.225,-.652
2020,5,17,21,-.678,-.655,-.338,-.498,.275,-.457,-.771
2020,5,17,22,-.629,-.779,-.236,-.408,.0472,-.301,-.674
2020,5,17,23,-.481,-.549,-.191,-.27,.173,-.292,-.685
2020,5,17,24,-.644,-.637,-.259,-.33,.214,-.389,-.626
2020,5,17,25,-.662,-.582,-.337,-.269,.288,-.751,-.738
2020,5,17,26,-.229,-.599,-.0704,-.0518,.0146,.00308,-.513
2020,5,17,27,-.554,-.624,-.189,-.249,.00293,-.127,-.609
2020,5,17,28,-.578,-.557,-.261,-.375,.126,-.363,-.673
2020,5,17,29,-.676,-.677,-.349,-.364,.305,-.46,-.862
2020,5,17,30,-.596,-.411,-.286,-.214,.0732,-.367,-.801
2020,5,17,31,-.603,-.721,-.208,-.296,.165,-.385,-.707
2020,5,17,32,-.584,-.666,-.133,-.28,.474,-.468,-.647
2020,5,17,33,-.53,-.545,-.142,-.269,.116,-.149,-.591
2020,5,17,34,-.582,-.572,-.154,-.255,.216,-.458,-.614
2020,5,17,35,-.606,-.582,-.25,-.342,.126,-.491,-.669
2020,5,17,36,-.511,-.635,-.234,-.335,.107,-.305,-.74
2020,5,17,37,-.503,-.718,-.234,-.311,.0236,-.303,-.714
2020,5,17,38,-.696,-.716,-.364,-.606,.00453,-.343,-.71
2020,5,17,39,-.558,-.617,-.21,-.308,.13,-.325,-.68
2020,5,17,40,-.448,-.552,-.164,-.298,.0715,-.144,-.606
2020,5,17,41,-.613,-.701,-.284,-.4,.137,-.429,-.717
2020,5,17,42,-.596,-.558,-.236,-.342,.127,-.402,-.698
2020,5,17,43,-.483,-.531,-.194,-.264,.0642,-.109,-.546
2020,5,17,44,-.714,-.224,-.322,-.332,.0736,-.523,-.704
2020,5,17,45,-.489,-.532,-.155,-.382,.00754,-.289,-.745
2020,5,17,46,-.645,-.584,-.18,-.18,.113,-.245,-.611
2020,5,17,47,-.566,-.525,-.205,-.284,.166,-.461,-.677
2020,5,17,48,-.418,-.705,-.133,-.187,.231,-.169,-.619
2020,5,17,49,-.565,-.696,-.158,-.147,.115,-.176,-.659
2020,5,17,50,-.467,-.529,-.156,-.281,.337,-.121,-.646
2020,5,17,51,-.569,-.664,-.232,-.329,-.00885,-.422,-.647
2020,5,17,52,-.599,-.589,-.21,-.25,.0572,-.392,-.688
2020,5,17,53,-.337,-.625,-.0698,-.0989,.0617,-.0407,-.651
2020,5,24,1,-.605,-.753,-.255,-.44,.176,-.261,-.658
2020,5,24,2,-.622,-.769,-.273,-.45,.273,-.36,-.698
2020,5,24,3,-.607,-.69,-.245,-.353,.161,-.418,-.706
2020,5,24,4,-.394,-.615,-.176,-.238,.0602,-.223,-.65
2020,5,24,5,-.472,-.559,-.159,-.173,.0535,-.184,-.638
2020,5,24,6,-.603,-.701,-.244,-.428,.131,-.302,-.627
2020,5,24,7,-.477,-.605,-.186,-.234,.0179,-.252,-.643
2020,5,24,8,-.518,-.549,-.18,-.321,.259,-.223,-.59
2020,5,24,9,-.634,-.571,-.278,-.473,.116,-.342,-.716
2020,5,24,10,-.413,-.552,-.137,-.173,.0654,-.108,-.618
2020,5,24,11,-.467,-.697,-.0953,-.113,.0911,-.269,-.591
2020,5,24,12,-.619,-.725,-.274,-.44,.247,-.431,-.717
2020,5,24,13,-.438,-.356,-.0733,-.0207,.157,-.354,-.624
2020,5,24,14,-.487,-.5,-.12,-.176,.365,-.374,-.606
2020,5,24,15,-.419,-.544,-.166,-.339,.0367,-.601,-.597
2020,5,24,16,-.432,-.564,-.0725,-.204,.143,-.204,-.637
2020,5,24,17,-.475,-.334,-.196,-.272,.0952,-.195,-.643
2020,5,24,19,-.172,-.627,.0158,.186,.135,.0163,-.509
2020,5,24,20,-.337,-.376,-.00121,.0139,.212,-.128,-.594
2020,5,24,21,-.689,-.736,-.338,-.523,.246,-.322,-.724
2020,5,24,22,-.599,-.794,-.193,-.329,.0508,-.00995,-.641
2020,5,24,23,-.463,-.602,-.191,-.246,.162,-.195,-.656
2020,5,24,24,-.612,-.638,-.246,-.35,.174,-.291,-.689
2020,5,24,25,-.661,-.659,-.307,-.408,.28,-.41,-.747
2020,5,24,26,-.153,-.327,.0417,.0237,.134,.73,-.449
2020,5,24,27,-.3,-.567,-.19,-.111,.0862,-.0876,-.605
2020,5,24,28,-.561,-.481,-.161,-.207,.181,-.126,-.684
2020,5,24,29,-.67,-.636,-.337,-.307,.255,-.265,-.833
2020,5,24,30,-.608,-.508,-.289,-.106,-.00191,-.294,-.81
2020,5,24,31,-.566,-.321,-.162,-.21,.185,-.439,-.652
2020,5,24,32,-.542,-.453,-.206,-.163,.536,-.296,-.507
2020,5,24,33,-.466,-.423,-.09,-.0704,.132,-.00628,-.604
2020,5,24,34,-.522,-.686,-.133,-.291,.2,-.181,-.571
2020,5,24,35,-.624,-.666,-.21,-.322,.127,-.385,-.632
2020,5,24,36,-.484,-.534,-.182,-.264,.091,-.198,-.658
2020,5,24,37,-.478,-.753,-.255,-.297,.0038,-.228,-.7
2020,5,24,38,-.642,-.745,-.317,-.47,.0207,-.296,-.682
2020,5,24,39,-.516,-.596,-.218,-.289,.108,-.228,-.689
2020,5,24,40,-.454,-.502,-.133,-.157,.0472,-.154,-.557
2020,5,24,41,-.598,-.715,-.266,-.421,.156,-.527,-.675
2020,5,24,42,-.575,-.439,-.174,-.26,.16,-.314,-.66
2020,5,24,43,-.444,-.632,-.161,-.215,.0142,-.204,-.45
2020,5,24,44,-.557,-.57,-.222,-.219,.21,.105,-.698
2020,5,24,45,-.452,-.551,-.16,-.251,.065,-.437,-.658
2020,5,24,46,-.59,-.589,-.213,-.117,.202,-.215,-.537
2020,5,24,47,-.519,-.732,-.196,-.29,.112,-.275,-.661
2020,5,24,48,-.396,-.802,-.0681,-.0879,.219,.166,-.53
2020,5,24,49,-.468,-.436,-.105,-.083,.15,-.331,-.53
2020,5,24,50,-.425,-.399,-.078,-.247,.389,-.179,-.516
2020,5,24,51,-.506,-.614,-.207,-.323,-.00761,-.254,-.664
2020,5,24,52,-.587,-.583,-.163,-.186,.0903,-.0758,-.575
2020,5,24,53,-.245,-.582,.00805,.0521,.0662,.236,-.567
2020,5,31,1,-.559,-.701,-.279,-.431,.0783,-.281,-.694
2020,5,31,2,-.587,-.808,-.273,-.488,.202,-.437,-.675
2020,5,31,3,-.581,-.71,-.244,-.41,.0541,-.506,-.647
2020,5,31,4,-.362,-.568,-.19,-.257,.0158,-.181,-.647
2020,5,31,5,-.456,-.601,-.171,-.197,.0258,-.183,-.587
2020,5,31,6,-.55,-.656,-.266,-.38,.0783,-.33,-.639
2020,5,31,7,-.429,-.532,-.19,-.264,-.0312,-.198,-.632
2020,5,31,8,-.494,-.704,-.226,-.258,.165,-.275,-.548
2020,5,31,9,-.599,-.689,-.281,-.445,.0396,-.137,-.657
2020,5,31,10,-.379,-.605,-.162,-.177,-.0103,-.157,-.57
2020,5,31,11,-.427,-.602,-.136,-.575,.0283,-.312,-.433
2020,5,31,12,-.588,-.658,-.285,-.475,.153,-.412,-.708
2020,5,31,13,-.451,-.513,-.0411,-.0141,.169,-.416,-.595
2020,5,31,14,-.446,-.606,-.118,-.131,.341,-.319,-.604
2020,5,31,15,-.352,-.589,-.165,-.326,.0558,-.342,-.582
2020,5,31,16,-.341,-.635,-.0669,-.182,.0995,-.12,-.621
2020,5,31,17,-.404,-.458,-.179,-.235,.0493,-.198,-.609
2020,5,31,19,-.172,-.569,-.0406,.13,.02,-.0322,-.505
2020,5,31,20,-.332,-.681,-.078,-.00788,.183,-.24,-.583
2020,5,31,21,-.675,-.544,-.341,-.496,.21,-.306,-.75
2020,5,31,22,-.556,-.682,-.217,-.209,.0041,-.27,-.647
2020,5,31,23,-.4,-.703,-.124,-.187,.171,-.146,-.599
2020,5,31,24,-.573,-.658,-.226,-.322,.0902,-.27,-.692
2020,5,31,25,-.624,-.675,-.301,-.284,.224,-.634,-.73
2020,5,31,26,-.124,-.596,-.0807,.0336,.0326,.564,-.508
2020,5,31,27,-.414,-.12,-.177,-.213,-.0381,-.334,-.554
2020,5,31,28,-.535,-.599,-.229,-.214,.0597,-.179,-.629
2020,5,31,29,-.648,-.732,-.343,-.282,.208,-.284,-.782
2020,5,31,30,-.637,-.574,-.302,-.0751,-.012,-.296,-.793
2020,5,31,31,-.554,-.433,-.206,-.304,.0555,-.305,-.602
2020,5,31,32,-.509,-.674,-.209,-.12,.485,-.161,-.526
2020,5,31,33,-.422,-.459,-.114,-.0766,.0651,-.000423,-.503
2020,5,31,34,-.504,-.7,-.186,-.305,.0679,-.254,-.578
2020,5,31,35,-.52,-.686,-.202,-.328,.0685,-.275,-.622
2020,5,31,36,-.43,-.644,-.235,-.343,.0834,-.241,-.643
2020,5,31,37,-.394,-.779,-.174,-.314,.106,-.156,-.706
2020,5,31,38,-.589,-.695,-.283,-.385,.0211,-.239,-.68
2020,5,31,39,-.416,-.658,-.212,-.233,.000363,-.2,-.606
2020,5,31,40,-.446,-.614,-.18,-.22,.000556,-.157,-.563
2020,5,31,41,-.565,-.681,-.266,-.394,.121,-.36,-.669
2020,5,31,42,-.579,-.711,-.265,-.389,.0795,-.405,-.636
2020,5,31,43,-.418,-.635,-.181,-.258,-.0187,-.113,-.422
2020,5,31,44,-.582,-.569,-.216,-.203,.182,-.279,-.561
2020,5,31,45,-.429,-.647,-.196,-.243,.0395,-.254,-.651
2020,5,31,46,-.562,-.482,-.148,-.154,.0714,-.305,-.559
2020,5,31,47,-.447,-.629,-.17,-.23,.0457,-.391,-.605
2020,5,31,48,-.413,-.808,-.188,-.014,.00128,-.206,-.596
2020,5,31,49,-.444,-.489,-.0892,-.0793,.105,-.0274,-.555
2020,5,31,50,-.453,-.539,-.151,-.192,.246,-.229,-.58
2020,5,31,51,-.432,-.411,-.165,-.232,.0209,-.349,-.598
2020,5,31,52,-.54,-.789,-.219,-.161,.0064,-.277,-.645
2020,5,31,53,-.196,-.674,-.0549,-.0284,.0274,-.0448,-.553
2020,6,7,1,-.559,-.65,-.244,-.443,.117,-.221,-.621
2020,6,7,2,-.588,-.753,-.231,-.453,.204,-.324,-.639
2020,6,7,3,-.554,-.65,-.215,-.391,.12,-.384,-.605
2020,6,7,4,-.322,-.367,-.122,-.262,.0963,-.112,-.548
2020,6,7,5,-.43,-.317,-.105,-.239,.0516,-.13,-.505
2020,6,7,6,-.5,-.688,-.21,-.341,.118,-.149,-.591
2020,6,7,7,-.411,-.455,-.143,-.316,-.0314,-.0652,-.537
2020,6,7,8,-.434,-.541,-.15,-.203,.12,-.247,-.516
2020,6,7,9,-.581,-.512,-.251,-.441,.0601,-.221,-.641
2020,6,7,10,-.333,-.413,-.0811,-.202,.0748,-.108,-.537
2020,6,7,11,-.313,-.436,-.0191,-.235,.0934,-.158,-.531
2020,6,7,12,-.589,-.531,-.24,-.474,.151,-.255,-.63
2020,6,7,13,-.395,-.521,-.0633,-.0885,.149,-.0597,-.46
2020,6,7,14,-.487,-.518,-.126,-.185,.387,-.369,-.553
2020,6,7,15,-.303,-.27,-.117,-.284,.109,-.361,-.606
2020,6,7,16,-.33,-.339,.0159,-.225,.186,-.0972,-.529
2020,6,7,17,-.398,-.272,-.125,-.234,.101,-.0893,-.513
2020,6,7,19,-.133,-.412,.0412,.081,.103,.0314,-.44
2020,6,7,20,-.348,-.467,-.00988,.0274,.102,-.33,-.42
2020,6,7,21,-.653,-.645,-.292,-.535,.247,-.299,-.675
2020,6,7,22,-.546,-.718,-.178,-.276,.00652,.0322,-.634
2020,6,7,23,-.448,-.644,-.135,-.249,.128,-.153,-.558
2020,6,7,24,-.586,-.568,-.223,-.336,.141,-.275,-.619
2020,6,7,25,-.595,-.481,-.213,-.289,.303,-.141,-.719
2020,6,7,26,-.0954,-.277,.0164,.0204,.0892,.304,-.266
2020,6,7,27,-.403,-.383,-.0333,-.0517,.0512,.104,-.43
2020,6,7,28,-.473,-.479,-.169,-.307,.0908,-.0512,-.607
2020,6,7,29,-.666,-.507,-.281,-.298,.211,-.394,-.766
2020,6,7,30,-.573,-.534,-.273,-.228,-.0357,-.175,-.78
2020,6,7,31,-.461,-.412,-.11,-.138,.174,-.35,-.571
2020,6,7,32,-.421,-.221,-.138,.00197,.546,.0743,-.56
2020,6,7,33,-.399,-.421,-.0856,-.0967,.0965,-.066,-.525
2020,6,7,34,-.42,-.592,-.0972,-.17,.144,-.107,-.507
2020,6,7,35,-.499,-.584,-.173,-.298,.0586,-.243,-.554
2020,6,7,36,-.4,-.375,-.0924,-.283,.173,-.146,-.565
2020,6,7,37,-.339,-.427,-.0645,-.235,.0257,-.206,-.578
2020,6,7,38,-.52,-.647,-.241,-.276,.0252,-.182,-.659
2020,6,7,39,-.436,-.468,-.132,-.257,.118,-.11,-.595
2020,6,7,40,-.423,-.236,-.0844,-.177,.0808,-.23,-.558
2020,6,7,41,-.581,-.612,-.246,-.487,.0858,-.289,-.606
2020,6,7,42,-.498,-.359,-.128,-.252,.192,-.287,-.582
2020,6,7,43,-.401,-.421,-.147,-.286,.052,-.159,-.452
2020,6,7,44,-.583,-.674,-.182,-.0202,.281,-.327,-.625
2020,6,7,45,-.465,-.608,-.0468,-.193,.0206,.66,-.666
2020,6,7,46,-.544,-.411,-.114,-.0348,.0743,-.17,-.534
2020,6,7,47,-.451,-.649,-.153,-.218,-.00476,-.0241,-.556
2020,6,7,48,-.341,-.654,-.0342,.0106,.239,-.0467,-.424
2020,6,7,49,-.349,-.433,-.0301,-.139,.139,.0113,-.432
2020,6,7,50,-.408,-.526,-.0919,-.234,.226,-.106,-.49
2020,6,7,51,-.462,-.599,-.107,-.227,.0262,-.187,-.464
2020,6,7,52,-.516,-.475,-.15,-.212,.0571,-.271,-.59
2020,6,7,53,-.189,-.431,-.0203,-.00774,.0655,-.12,-.507
2020,6,14,1,-.476,-.738,-.222,-.293,.0955,-.189,-.622
2020,6,14,2,-.558,-.714,-.204,-.344,.217,-.0801,-.575
2020,6,14,3,-.481,-.595,-.173,-.202,.0398,-.238,-.571
2020,6,14,4,-.296,-.519,-.136,-.176,.0727,-.0597,-.538
2020,6,14,5,-.397,-.509,-.123,-.189,.0509,-.179,-.494
2020,6,14,6,-.455,-.667,-.182,-.216,.0808,-.0881,-.539
2020,6,14,7,-.418,-.484,-.134,-.161,.000861,-.0765,-.528
2020,6,14,8,-.379,-.604,-.125,-.122,.172,-.179,-.49
2020,6,14,9,-.517,-.658,-.22,-.383,.0228,-.11,-.594
2020,6,14,10,-.332,-.461,-.0867,-.106,.0565,-.0709,-.478
2020,6,14,11,-.367,-.564,-.0736,-.137,.0256,-.163,-.53
2020,6,14,12,-.535,-.649,-.211,-.343,.154,-.181,-.628
2020,6,14,13,-.327,-.355,-.0428,-.0981,.0505,-.101,-.548
2020,6,14,14,-.399,-.569,-.043,.0432,.333,-.291,-.483
2020,6,14,15,-.274,-.477,-.162,-.265,-.00454,-.414,-.569
2020,6,14,16,-.315,-.549,-.0185,-.157,.164,-.106,-.535
2020,6,14,17,-.36,-.462,-.101,-.125,.1,-.108,-.549
2020,6,14,19,-.114,-.479,.0235,.121,.0897,.0208,-.389
2020,6,14,20,-.271,-.515,-.0878,-.0277,.0611,-.0762,-.395
2020,6,14,21,-.625,-.552,-.293,-.464,.244,-.238,-.7
2020,6,14,22,-.521,-.752,-.175,-.262,.0346,-.201,-.545
2020,6,14,23,-.417,-.706,-.103,-.0878,.152,-.246,-.497
2020,6,14,24,-.534,-.59,-.169,-.257,.0553,-.226,-.635
2020,6,14,25,-.535,-.397,-.19,-.186,.179,-.372,-.659
2020,6,14,26,-.0999,-.396,.0024,.0709,.0322,.254,-.305
2020,6,14,27,-.276,-.621,-.114,.0404,-.0339,-.0191,-.51
2020,6,14,28,-.422,-.465,-.153,-.231,.109,-.186,-.554
2020,6,14,29,-.565,-.505,-.276,-.14,.3,-.217,-.782
2020,6,14,30,-.589,-.559,-.273,-.0128,-.0223,-.124,-.764
2020,6,14,31,-.441,-.418,-.0927,-.142,.0677,.0479,-.481
2020,6,14,32,-.419,-.548,-.147,-.0662,.411,-.0669,-.424
2020,6,14,33,-.395,-.616,-.113,-.136,.12,-.0503,-.517
2020,6,14,34,-.456,-.672,-.125,-.136,.0301,.0401,-.463
2020,6,14,35,-.445,-.658,-.171,-.142,.0373,-.209,-.557
2020,6,14,36,-.392,-.55,-.15,-.168,.122,-.16,-.532
2020,6,14,37,-.422,-.79,-.195,-.178,-.0222,-.15,-.58
2020,6,14,38,-.479,-.599,-.225,-.322,.046,-.136,-.642
2020,6,14,39,-.438,-.577,-.165,-.137,.121,-.182,-.606
2020,6,14,40,-.38,-.466,-.12,-.0549,.0585,-.0883,-.503
2020,6,14,41,-.525,-.675,-.218,-.374,.145,-.221,-.583
2020,6,14,42,-.454,-.412,-.119,-.104,.15,-.244,-.552
2020,6,14,43,-.37,-.419,-.114,-.182,.0184,-.0941,-.409
2020,6,14,44,-.375,-.687,-.198,-.188,.0409,-.0438,-.587
2020,6,14,45,-.327,-.626,-.0876,-.166,.0416,-.0141,-.519
2020,6,14,46,-.468,-.701,-.164,.0352,.125,-.428,-.488
2020,6,14,47,-.427,-.667,-.167,-.13,-.0379,-.293,-.535
2020,6,14,48,-.304,-.689,-.0299,.0749,.128,-.184,-.431
2020,6,14,49,-.336,-.458,-.0401,.0755,.0813,-.155,-.436
2020,6,14,50,-.333,-.386,-.138,-.24,.158,-.121,-.483
2020,6,14,51,-.363,-.0716,-.0629,-.0175,.0071,-.168,-.542
2020,6,14,52,-.454,-.54,-.179,-.157,.015,-.26,-.504
2020,6,14,53,-.179,-.519,-.0615,-.00739,.00637,-.25,-.44
2020,6,21,1,-.436,-.597,-.164,-.181,.177,-.102,-.594
2020,6,21,2,-.52,-.66,-.163,-.321,.274,-.0854,-.551
2020,6,21,3,-.444,-.532,-.101,-.106,.199,-.185,-.543
2020,6,21,4,-.3,-.355,-.102,-.111,.13,-.0579,-.552
2020,6,21,5,-.377,-.341,-.0756,-.113,.135,-.106,-.484
2020,6,21,6,-.446,-.562,-.135,-.163,.207,-.104,-.55
2020,6,21,7,-.333,-.367,-.112,-.14,.0483,-.168,-.544
2020,6,21,8,-.327,-.472,-.0682,-.0518,.245,-.0509,-.474
2020,6,21,9,-.485,-.366,-.168,-.197,.082,-.151,-.622
2020,6,21,10,-.294,-.371,-.055,-.00362,.113,-.116,-.471
2020,6,21,11,-.352,-.482,-.0445,-.158,.134,-.0594,-.534
2020,6,21,12,-.48,-.589,-.165,-.23,.27,-.146,-.628
2020,6,21,13,-.315,-.376,-.0118,.12,.092,-.151,-.372
2020,6,21,14,-.301,-.521,.0132,.323,.364,-.227,-.468
2020,6,21,15,-.248,-.591,-.107,-.162,.152,-.369,-.498
2020,6,21,16,-.314,-.393,-.00599,-.0839,.209,-.0983,-.536
2020,6,21,17,-.331,-.446,-.086,-.113,.179,-.151,-.562
2020,6,21,19,-.0796,-.438,.0803,.275,.152,.0888,-.364
2020,6,21,20,-.196,-.364,.0783,.301,.243,.425,-.461
2020,6,21,21,-.568,-.49,-.224,-.339,.277,-.152,-.664
2020,6,21,22,-.478,-.673,-.1,-.204,.129,-.116,-.57
2020,6,21,23,-.375,-.38,-.0856,-.00314,.174,-.00653,-.522
2020,6,21,24,-.508,-.431,-.12,-.104,.195,-.0787,-.585
2020,6,21,25,-.518,-.423,-.193,-.103,.177,-.139,-.683
2020,6,21,26,-.0832,-.301,.0458,.0742,.12,.377,-.251
2020,6,21,27,-.37,-.185,-.041,.108,.0138,-.0499,-.425
2020,6,21,28,-.366,-.121,-.104,-.14,.133,-.178,-.526
2020,6,21,29,-.573,-.382,-.246,-.113,.291,-.247,-.751
2020,6,21,30,-.543,-.459,-.217,-.127,.0284,-.187,-.706
2020,6,21,31,-.409,-.272,-.0949,-.121,.171,-.0735,-.438
2020,6,21,32,-.429,-.525,-.0912,-.114,.375,-.113,-.589
2020,6,21,33,-.373,-.49,-.0758,.0346,.16,.0159,-.562
2020,6,21,34,-.394,-.607,-.083,-.0571,.149,-.198,-.528
2020,6,21,35,-.396,-.548,-.121,-.0483,.148,-.224,-.505
2020,6,21,36,-.391,-.378,-.0825,-.0715,.195,-.123,-.497
2020,6,21,37,-.282,-.555,-.0702,-.143,.0878,.0428,-.505
2020,6,21,38,-.432,-.402,-.175,-.159,.0523,-.239,-.61
2020,6,21,39,-.432,-.594,-.117,-.129,.163,-.0409,-.528
2020,6,21,40,-.309,-.469,-.0709,-.0552,.125,.0765,-.535
2020,6,21,41,-.482,-.58,-.184,-.3,.16,-.235,-.591
2020,6,21,42,-.386,-.327,-.0842,-.0388,.191,-.233,-.545
2020,6,21,43,-.354,-.329,-.0723,-.0884,.117,-.0692,-.377
2020,6,21,44,-.448,-.245,-.1,.0653,.185,-.401,-.503
2020,6,21,45,-.27,-.215,-.00336,.14,.145,-.0906,-.531
2020,6,21,46,-.461,-.393,.0508,.22,.232,.00829,-.359
2020,6,21,47,-.367,-.5,-.109,-.0609,.149,-.233,-.567
2020,6,21,48,-.221,-.567,.0321,.114,.28,.203,-.494
2020,6,21,49,-.293,-.273,.00405,-.0308,.186,.0472,-.409
2020,6,21,50,-.306,-.0921,-.0563,-.0611,.393,-.119,-.537
2020,6,21,51,-.402,-.376,-.111,-.062,.0815,-.257,-.492
2020,6,21,52,-.392,-.22,-.0999,-.128,.0642,-.127,-.516
2020,6,21,53,-.214,-.501,-.0294,.0109,.0866,.0141,-.439
2020,6,28,1,-.454,-.568,-.198,-.185,.0874,-.115,-.586
2020,6,28,2,-.465,-.707,-.164,-.221,.173,-.0602,-.543
2020,6,28,3,-.463,-.664,-.183,-.142,.0635,-.278,-.597
2020,6,28,4,-.376,-.592,-.153,-.2,.105,-.108,-.563
2020,6,28,5,-.395,-.519,-.132,-.145,.0754,-.19,-.529
2020,6,28,6,-.403,-.608,-.171,-.201,.104,-.194,-.557
2020,6,28,7,-.364,-.542,-.144,-.195,.041,-.133,-.527
2020,6,28,8,-.36,-.683,-.142,-.0808,.167,-.165,-.463
2020,6,28,9,-.499,-.571,-.195,-.151,.0853,-.167,-.578
2020,6,28,10,-.291,-.507,-.107,-.0453,.0693,-.157,-.53
2020,6,28,11,-.428,-.679,-.0949,-.239,.118,-.147,-.561
2020,6,28,12,-.485,-.586,-.191,-.229,.177,-.21,-.618
2020,6,28,13,-.3,-.294,-.00493,.191,-.0284,.0481,-.447
2020,6,28,14,-.298,-.565,-.0404,.244,.174,-.231,-.463
2020,6,28,15,-.216,-.572,-.128,-.288,.000564,-.395,-.584
2020,6,28,16,-.404,-.607,-.0774,-.166,.176,-.0784,-.5
2020,6,28,17,-.337,-.403,-.132,-.154,.109,-.154,-.512
2020,6,28,19,-.148,-.494,-.0241,.115,.0424,.00296,-.403
2020,6,28,20,-.232,-.502,-.0978,-.0285,.139,-.0497,-.588
2020,6,28,21,-.57,-.593,-.23,-.265,.241,-.0861,-.577
2020,6,28,22,-.529,-.795,-.18,-.163,.0409,.253,-.603
2020,6,28,23,-.354,-.643,-.145,-.0604,.0485,-.231,-.589
2020,6,28,24,-.48,-.41,-.156,-.132,.15,-.147,-.566
2020,6,28,25,-.397,-.496,-.0732,.113,.359,-.474,-.557
2020,6,28,26,-.0686,-.2,-.0338,-.006,-.00833,-.00177,-.36
2020,6,28,27,-.307,-.602,-.113,-.0127,-.02,-.149,-.534
2020,6,28,28,-.334,-.435,-.139,-.0717,.121,-.0897,-.568
2020,6,28,29,-.536,-.593,-.266,-.0878,.238,-.321,-.723
2020,6,28,30,-.546,-.611,-.289,-.2,.0544,-.215,-.709
2020,6,28,31,-.418,-.403,-.149,-.0978,.102,-.162,-.494
2020,6,28,32,-.461,-.532,-.119,-.172,.311,-.24,-.514
2020,6,28,33,-.408,-.431,-.11,-.0583,.117,-.151,-.552
2020,6,28,34,-.413,-.618,-.136,-.0718,.0483,-.197,-.565
2020,6,28,35,-.394,-.602,-.13,-.0518,.0638,-.199,-.483
2020,6,28,36,-.388,-.407,-.154,-.151,.169,-.13,-.493
2020,6,28,37,-.361,-.586,-.156,-.23,.112,.189,-.587
2020,6,28,38,-.486,-.548,-.229,-.287,.0172,-.104,-.644
2020,6,28,39,-.428,-.633,-.173,-.179,.112,-.0683,-.548
2020,6,28,40,-.323,-.139,-.137,-.0977,-.0196,-.0229,-.48
2020,6,28,41,-.485,-.616,-.19,-.186,.111,-.255,-.603
2020,6,28,42,-.379,-.421,-.11,-.0426,.0979,-.207,-.499
2020,6,28,43,-.385,-.484,-.148,-.114,.0396,-.171,-.411
2020,6,28,44,-.465,-.345,-.153,-.112,.0896,-.226,-.345
2020,6,28,45,-.386,-.71,-.119,-.178,.07,.185,-.622
2020,6,28,46,-.49,-.514,-.207,-.00974,-.000546,-.376,-.535
2020,6,28,47,-.329,-.313,-.124,-.0257,.0466,-.139,-.532
2020,6,28,48,-.28,-.575,-.0951,.0352,.0442,-.133,-.469
2020,6,28,49,-.323,-.407,-.0103,.0498,.143,-.142,-.465
2020,6,28,50,-.28,-.245,-.0568,-.113,.319,-.158,-.465
2020,6,28,51,-.376,-.558,-.157,-.127,.00417,-.0885,-.621
2020,6,28,52,-.424,-.544,-.171,-.0115,.02,-.224,-.471
2020,6,28,53,-.113,-.632,-.0658,.00135,-.013,-.0484,-.438
2020,7,5,1,-.484,-.629,-.151,-.175,.0835,.0826,-.57
2020,7,5,2,-.475,-.715,-.137,-.168,.0865,-.0992,-.488
2020,7,5,3,-.447,-.522,-.12,-.155,.0489,-.156,-.523
2020,7,5,4,-.421,-.478,-.131,-.234,.0474,.0141,-.541
2020,7,5,5,-.437,-.646,-.0962,-.177,.0863,.0257,-.499
2020,7,5,6,-.458,-.553,-.135,-.198,.11,-.0909,-.519
2020,7,5,7,-.457,-.541,-.134,-.187,-.0166,.14,-.532
2020,7,5,8,-.385,-.589,-.0962,.0634,.205,.114,-.526
2020,7,5,9,-.472,-.468,-.123,-.112,.0834,.0485,-.575
2020,7,5,10,-.361,-.461,-.0636,-.141,.0554,.0557,-.484
2020,7,5,11,-.493,-.611,-.0827,-.229,.0812,-.288,-.533
2020,7,5,12,-.512,-.633,-.152,-.227,.168,.0401,-.559
2020,7,5,13,-.308,-.321,-.000487,.155,.0532,.0187,-.45
2020,7,5,14,-.296,-.46,.00512,.285,.183,.079,-.429
2020,7,5,15,-.256,-.39,-.0232,-.29,.0805,.0115,-.54
2020,7,5,16,-.44,-.532,-.0156,-.137,.13,-.0317,-.521
2020,7,5,17,-.423,-.483,-.108,-.153,.0899,.0661,-.473
2020,7,5,19,-.174,-.488,.0491,.156,.0698,.19,-.383
2020,7,5,20,-.301,-.425,-.00651,-.0147,.132,.137,-.447
2020,7,5,21,-.53,-.684,-.217,-.313,.171,.0433,-.595
2020,7,5,22,-.566,-.78,-.136,-.13,.0606,-.0525,-.577
2020,7,5,23,-.374,-.508,-.0633,-.066,.075,.0825,-.476
2020,7,5,24,-.48,-.594,-.086,-.0767,.0945,-.0618,-.493
2020,7,5,25,-.355,-.579,-.132,.0902,.24,-.353,-.615
2020,7,5,26,-.0827,-.267,.0233,.0975,.0498,.152,-.187
2020,7,5,27,-.257,-.636,-.0978,-.0656,-.0194,.144,-.513
2020,7,5,28,-.362,-.38,-.0903,-.0801,.131,.167,-.521
2020,7,5,29,-.534,-.355,-.148,-.0333,.237,.206,-.681
2020,7,5,30,-.552,-.495,-.21,-.0987,-.0338,.387,-.704
2020,7,5,31,-.427,-.0643,-.0729,-.0809,.117,.0793,-.508
2020,7,5,32,-.461,-.525,-.122,-.15,.295,-.163,-.536
2020,7,5,33,-.452,-.631,-.0745,-.0694,.123,.0489,-.548
2020,7,5,34,-.443,-.615,-.0761,-.122,.106,.271,-.484
2020,7,5,35,-.443,-.527,-.104,-.0779,.0785,-.0601,-.5
2020,7,5,36,-.432,-.422,-.0886,-.167,.185,-.0565,-.489
2020,7,5,37,-.362,-.444,-.139,-.133,.00241,.349,-.538
2020,7,5,38,-.51,-.571,-.198,-.275,.0153,.168,-.62
2020,7,5,39,-.416,-.63,-.126,-.19,.117,.103,-.555
2020,7,5,40,-.33,-.463,-.072,-.0777,.0507,-.0155,-.4
2020,7,5,41,-.5,-.595,-.171,-.168,.13,-.0822,-.567
2020,7,5,42,-.396,-.413,-.0778,-.0398,.127,-.1,-.496
2020,7,5,43,-.422,-.521,-.12,-.226,.0322,-.146,-.396
2020,7,5,44,-.446,-.624,-.0407,.134,.13,.193,-.411
2020,7,5,45,-.376,-.423,-.0456,-.24,.135,.349,-.562
2020,7,5,46,-.441,-.298,-.0858,.0678,.0703,-.27,-.519
2020,7,5,47,-.403,-.594,-.108,-.124,-.0173,.147,-.554
2020,7,5,48,-.239,-.506,-.0228,.0113,.158,-.0658,-.405
2020,7,5,49,-.35,-.338,.035,-.00753,.146,.108,-.362
2020,7,5,50,-.308,-.309,-.0248,-.112,.358,.111,-.466
2020,7,5,51,-.386,-.0423,-.0727,-.0948,.0436,-.125,-.465
2020,7,5,52,-.345,-.421,-.11,-.0605,.0183,-.0759,-.44
2020,7,5,53,-.205,-.587,-.0175,.0616,.0252,.118,-.398
2020,7,12,1,-.449,-.67,-.16,-.164,.127,-.0595,-.598
2020,7,12,2,-.416,-.634,-.129,-.185,.177,-.087,-.559
2020,7,12,3,-.406,-.547,-.109,-.0295,.12,-.134,-.56
2020,7,12,4,-.347,-.34,-.104,-.129,.0516,-.104,-.571
2020,7,12,5,-.408,-.565,-.0878,-.146,.0995,-.197,-.51
2020,7,12,6,-.447,-.637,-.165,-.198,.151,-.224,-.572
2020,7,12,7,-.385,-.513,-.107,-.147,.0629,-.0919,-.57
2020,7,12,8,-.354,-.626,-.0851,-.153,.221,-.0955,-.501
2020,7,12,9,-.43,-.507,-.113,-.121,.166,-.0253,-.617
2020,7,12,10,-.337,-.465,-.0955,-.0992,.0936,-.184,-.537
2020,7,12,11,-.356,-.613,-.0484,-.168,.0877,-.15,-.596
2020,7,12,12,-.457,-.627,-.139,-.156,.214,-.111,-.604
2020,7,12,13,-.323,-.47,-.0606,.0464,.0184,.124,-.585
2020,7,12,14,-.271,-.42,.0195,.332,.212,.11,-.481
2020,7,12,15,-.291,-.51,-.0988,-.228,.0359,-.398,-.526
2020,7,12,16,-.368,-.433,-.00865,-.134,.173,-.025,-.549
2020,7,12,17,-.341,-.431,-.0963,-.0815,.153,-.176,-.52
2020,7,12,19,-.13,-.465,.0318,.142,.098,-.0352,-.39
2020,7,12,20,-.193,-.483,-.0075,-.00677,.24,-.108,-.312
2020,7,12,21,-.561,-.509,-.201,-.284,.253,-.163,-.655
2020,7,12,22,-.54,-.745,-.134,-.161,.00637,.227,-.566
2020,7,12,23,-.301,-.516,-.0578,.0123,.0847,.00798,-.488
2020,7,12,24,-.457,-.537,-.106,-.0712,.185,-.0581,-.588
2020,7,12,25,-.336,-.386,-.0534,.149,.41,-.489,-.657
2020,7,12,26,-.0667,-.139,-.0153,.0019,.00547,.257,-.386
2020,7,12,27,-.258,-.585,-.136,-.00486,.0834,.0123,-.539
2020,7,12,28,-.277,-.426,-.108,-.141,.128,-.14,-.597
2020,7,12,29,-.536,-.381,-.202,-.0224,.302,-.00923,-.743
2020,7,12,30,-.563,-.528,-.289,-.0652,.0692,-.145,-.762
2020,7,12,31,-.365,-.346,-.104,-.0131,.167,-.18,-.509
2020,7,12,32,-.451,-.542,-.0768,-.136,.343,-.0776,-.611
2020,7,12,33,-.425,-.642,-.0922,-.102,.103,-.0841,-.43
2020,7,12,34,-.453,-.555,-.031,-.0431,.121,.0154,-.497
2020,7,12,35,-.463,-.505,-.125,-.0699,.126,-.269,-.553
2020,7,12,36,-.365,-.407,-.101,-.102,.198,-.159,-.559
2020,7,12,37,-.35,-.719,-.144,-.207,-.0103,.0476,-.605
2020,7,12,38,-.471,-.524,-.198,-.243,.0405,-.0907,-.62
2020,7,12,39,-.404,-.601,-.109,-.136,.129,-.202,-.538
2020,7,12,40,-.274,-.38,-.0895,-.0918,.0673,-.0759,-.482
2020,7,12,41,-.461,-.676,-.154,-.168,.144,-.241,-.573
2020,7,12,42,-.366,-.424,-.0762,-.0669,.131,-.241,-.534
2020,7,12,43,-.404,-.586,-.14,-.117,.0731,-.137,-.468
2020,7,12,44,-.33,-.558,.0482,.426,.165,.0747,-.502
2020,7,12,45,-.311,-.538,-.0305,-.181,.0663,.238,-.462
2020,7,12,46,-.411,-.41,-.112,.215,.121,-.199,-.544
2020,7,12,47,-.408,-.56,-.124,-.103,.0602,-.17,-.532
2020,7,12,48,-.214,-.561,.00314,.113,.18,-.0449,-.449
2020,7,12,49,-.277,-.502,.0212,.153,.174,-.127,-.484
2020,7,12,50,-.282,-.217,-.0154,-.125,.358,-.0647,-.436
2020,7,12,51,-.366,-.534,-.0879,-.0604,.00777,-.186,-.606
2020,7,12,52,-.369,-.458,-.0949,-.101,.0755,-.248,-.465
2020,7,12,53,-.236,-.34,-.0768,-.0432,.0157,-.233,-.463
