day,month,year,daily_spend_19_all,daily_spend_19_q1,daily_spend_19_q2,daily_spend_19_q3,daily_spend_19_q4
31,12,2018,.154,.129,.13,.152,.178
1,1,2019,-.216,-.274,-.261,-.224,-.165
2,1,2019,.191,.163,.163,.182,.226
3,1,2019,.204,.252,.201,.191,.197
4,1,2019,.218,.299,.235,.21,.186
5,1,2019,.032,.0641,.0407,.0363,.0189
6,1,2019,-.233,-.257,-.247,-.227,-.218
7,1,2019,.105,.0836,.0994,.106,.117
8,1,2019,.0798,.0525,.0751,.0763,.0933
9,1,2019,.0456,.0233,.0371,.0468,.0563
10,1,2019,.085,.0979,.0876,.0866,.0768
11,1,2019,.166,.225,.189,.17,.13
12,1,2019,-.0209,-.0079,-.0194,-.0184,-.0227
13,1,2019,-.25,-.287,-.259,-.241,-.237
14,1,2019,-.0744,-.0888,-.084,-.0737,-.0651
15,1,2019,.0652,.0325,.0547,.0627,.0829
16,1,2019,.036,.013,.0239,.0346,.0492
17,1,2019,.0431,.0907,.0667,.0429,.0104
18,1,2019,.00886,.067,.0335,.0081,-.0223
19,1,2019,-.157,-.139,-.159,-.155,-.158
20,1,2019,-.368,-.401,-.381,-.36,-.352
21,1,2019,-.0263,-.0709,-.0372,-.0257,-.00475
22,1,2019,.0508,.0134,.0351,.0495,.0727
23,1,2019,.0265,.00377,.0114,.0228,.0421
24,1,2019,.0417,.0521,.05,.0445,.0257
25,1,2019,.15,.222,.185,.144,.113
26,1,2019,.00738,.0313,.0253,.0171,-.0111
27,1,2019,-.225,-.265,-.241,-.216,-.209
28,1,2019,.0592,.0419,.0653,.054,.0649
29,1,2019,.0507,.00281,.0297,.0431,.0796
30,1,2019,-.0256,-.0403,-.041,-.0344,-.0096
31,1,2019,.109,.141,.124,.0959,.0906
1,2,2019,.394,.478,.408,.372,.381
2,2,2019,.123,.189,.146,.122,.0965
3,2,2019,-.2,-.189,-.201,-.193,-.204
4,2,2019,.0636,.0892,.0751,.0514,.0554
5,2,2019,.0799,.0966,.0876,.0772,.0727
6,2,2019,.0206,.0307,.0229,.0216,.0141
7,2,2019,.03,.077,.0497,.0296,.0014
8,2,2019,.158,.251,.189,.155,.108
9,2,2019,.0314,.0645,.0559,.0361,.00836
10,2,2019,-.166,-.196,-.181,-.157,-.149
11,2,2019,.0799,.0702,.0804,.0832,.0812
12,2,2019,.0487,.0437,.0493,.0498,.0462
13,2,2019,.1,.114,.1,.11,.0888
14,2,2019,.14,.197,.16,.142,.109
15,2,2019,.257,.347,.293,.261,.208
16,2,2019,.0737,.121,.091,.0859,.0468
17,2,2019,-.179,-.196,-.188,-.171,-.169
18,2,2019,.0509,.0215,.059,.0565,.0533
19,2,2019,.0961,.0695,.0898,.0945,.112
20,2,2019,.0546,.0674,.0671,.0436,.0454
21,2,2019,.0989,.149,.13,.0962,.0644
22,2,2019,.215,.371,.275,.205,.135
23,2,2019,.0593,.134,.0838,.0601,.0237
24,2,2019,-.19,-.171,-.2,-.186,-.193
25,2,2019,.11,.158,.133,.103,.0824
26,2,2019,.13,.171,.147,.117,.114
27,2,2019,.145,.304,.189,.12,.0788
28,2,2019,.29,.455,.34,.275,.216
1,3,2019,.547,.738,.587,.523,.489
2,3,2019,.205,.371,.251,.199,.133
3,3,2019,-.0963,-.0455,-.0892,-.098,-.112
4,3,2019,.182,.265,.202,.173,.147
5,3,2019,.195,.26,.219,.189,.165
6,3,2019,.112,.18,.145,.104,.0753
7,3,2019,.146,.236,.186,.131,.104
8,3,2019,.253,.371,.304,.246,.19
9,3,2019,.102,.19,.137,.0971,.0612
10,3,2019,-.142,-.119,-.141,-.142,-.145
11,3,2019,.156,.191,.181,.155,.13
12,3,2019,.142,.174,.156,.139,.124
13,3,2019,.111,.154,.131,.109,.0836
14,3,2019,.154,.24,.185,.146,.111
15,3,2019,.35,.465,.391,.348,.295
16,3,2019,.137,.212,.174,.141,.0935
17,3,2019,-.118,-.103,-.115,-.109,-.128
18,3,2019,.158,.185,.182,.158,.138
19,3,2019,.144,.169,.165,.14,.125
20,3,2019,.156,.186,.169,.157,.138
21,3,2019,.152,.222,.187,.149,.11
22,3,2019,.266,.374,.311,.262,.209
23,3,2019,.117,.17,.145,.121,.0876
24,3,2019,-.126,-.131,-.124,-.117,-.126
25,3,2019,.165,.179,.187,.173,.144
26,3,2019,.148,.162,.162,.15,.136
27,3,2019,.145,.164,.166,.144,.128
28,3,2019,.191,.252,.21,.182,.168
29,3,2019,.322,.436,.365,.308,.271
30,3,2019,.132,.209,.165,.14,.0879
31,3,2019,-.0999,-.114,-.106,-.0931,-.0957
1,4,2019,.404,.383,.397,.399,.428
2,4,2019,.256,.28,.262,.25,.255
3,4,2019,.198,.259,.213,.193,.174
4,4,2019,.194,.275,.231,.189,.15
5,4,2019,.317,.425,.365,.312,.263
6,4,2019,.118,.169,.154,.124,.0844
7,4,2019,-.108,-.126,-.111,-.101,-.1
8,4,2019,.172,.181,.187,.17,.167
9,4,2019,.176,.166,.189,.179,.17
10,4,2019,.175,.185,.193,.173,.166
11,4,2019,.164,.214,.181,.16,.14
12,4,2019,.287,.381,.329,.287,.234
13,4,2019,.139,.177,.164,.151,.112
14,4,2019,-.0874,-.117,-.0982,-.0807,-.0716
15,4,2019,.334,.328,.336,.341,.339
16,4,2019,.261,.267,.265,.263,.258
17,4,2019,.184,.207,.197,.188,.168
18,4,2019,.211,.259,.247,.211,.174
19,4,2019,.299,.377,.339,.295,.256
20,4,2019,.143,.206,.176,.151,.107
21,4,2019,-.38,-.367,-.377,-.381,-.384
22,4,2019,.156,.163,.172,.165,.14
23,4,2019,.164,.159,.171,.164,.165
24,4,2019,.139,.147,.163,.137,.128
25,4,2019,.183,.228,.215,.183,.151
26,4,2019,.276,.373,.323,.272,.224
27,4,2019,.111,.156,.138,.118,.0857
28,4,2019,-.11,-.117,-.112,-.0999,-.108
29,4,2019,.175,.178,.194,.174,.165
30,4,2019,.278,.288,.282,.273,.279
1,5,2019,.411,.404,.399,.397,.443
2,5,2019,.28,.355,.315,.273,.245
3,5,2019,.355,.504,.405,.345,.285
4,5,2019,.14,.228,.177,.143,.0963
5,5,2019,-.076,-.0853,-.0735,-.0603,-.0766
6,5,2019,.208,.243,.232,.206,.189
7,5,2019,.189,.207,.211,.188,.174
8,5,2019,.182,.19,.199,.173,.175
9,5,2019,.207,.252,.241,.203,.178
10,5,2019,.351,.435,.407,.351,.296
11,5,2019,.201,.257,.227,.21,.172
12,5,2019,-.115,-.127,-.107,-.106,-.116
13,5,2019,.16,.161,.172,.171,.147
14,5,2019,.172,.171,.178,.176,.168
15,5,2019,.238,.244,.255,.246,.225
16,5,2019,.215,.266,.253,.216,.179
17,5,2019,.304,.398,.349,.312,.244
18,5,2019,.104,.148,.138,.117,.0698
19,5,2019,-.11,-.122,-.104,-.104,-.106
20,5,2019,.206,.213,.224,.207,.197
21,5,2019,.194,.179,.204,.193,.196
22,5,2019,.174,.183,.184,.175,.166
23,5,2019,.235,.257,.305,.216,.206
24,5,2019,.346,.44,.389,.35,.292
25,5,2019,.142,.188,.168,.149,.116
26,5,2019,-.127,-.136,-.128,-.117,-.125
27,5,2019,-.099,-.112,-.0987,-.0967,-.0923
28,5,2019,.226,.211,.234,.228,.231
29,5,2019,.204,.189,.199,.208,.214
30,5,2019,.23,.278,.261,.232,.195
31,5,2019,.38,.495,.427,.38,.317
1,6,2019,.282,.329,.299,.284,.27
2,6,2019,-.0689,-.0706,-.0679,-.0629,-.069
3,6,2019,.331,.377,.348,.325,.317
4,6,2019,.267,.292,.274,.264,.261
5,6,2019,.242,.242,.249,.247,.24
6,6,2019,.229,.264,.263,.225,.203
7,6,2019,.314,.392,.361,.312,.267
8,6,2019,.0981,.139,.116,.103,.0787
9,6,2019,-.12,-.139,-.124,-.107,-.114
10,6,2019,.22,.22,.229,.223,.217
11,6,2019,.208,.191,.208,.224,.206
12,6,2019,.195,.182,.203,.198,.196
13,6,2019,.224,.264,.26,.227,.191
14,6,2019,.348,.448,.394,.346,.292
15,6,2019,.183,.235,.21,.19,.156
16,6,2019,-.12,-.122,-.119,-.116,-.12
17,6,2019,.213,.198,.225,.215,.213
18,6,2019,.192,.165,.194,.194,.2
19,6,2019,.173,.163,.186,.178,.168
20,6,2019,.223,.255,.24,.217,.21
21,6,2019,.322,.414,.369,.322,.271
22,6,2019,.0876,.125,.112,.0915,.0671
23,6,2019,-.121,-.136,-.124,-.112,-.112
24,6,2019,.19,.178,.198,.194,.19
25,6,2019,.217,.207,.229,.223,.214
26,6,2019,.202,.205,.211,.2,.2
27,6,2019,.234,.286,.269,.231,.2
28,6,2019,.387,.489,.441,.386,.327
29,6,2019,.157,.211,.173,.155,.14
30,6,2019,-.0675,-.0824,-.0675,-.061,-.0622
1,7,2019,.502,.497,.499,.504,.521
2,7,2019,.362,.376,.368,.364,.36
3,7,2019,.398,.481,.433,.388,.365
4,7,2019,-.152,-.0728,-.122,-.154,-.197
5,7,2019,.222,.328,.266,.22,.168
6,7,2019,.0321,.0734,.0537,.04,.0074
7,7,2019,-.141,-.16,-.142,-.137,-.133
8,7,2019,.239,.248,.26,.245,.222
9,7,2019,.219,.211,.24,.221,.211
10,7,2019,.215,.222,.232,.222,.201
11,7,2019,.212,.262,.244,.22,.173
12,7,2019,.304,.4,.342,.307,.253
13,7,2019,.088,.136,.12,.09,.0599
14,7,2019,-.131,-.14,-.13,-.119,-.13
15,7,2019,.296,.295,.313,.309,.287
16,7,2019,.267,.26,.28,.274,.263
17,7,2019,.215,.213,.229,.219,.21
18,7,2019,.227,.258,.265,.231,.194
19,7,2019,.31,.4,.356,.309,.259
20,7,2019,.102,.149,.127,.111,.0717
21,7,2019,-.121,-.131,-.12,-.109,-.12
22,7,2019,.196,.189,.213,.193,.193
23,7,2019,.187,.172,.184,.191,.192
24,7,2019,.148,.153,.164,.151,.138
25,7,2019,.21,.249,.243,.213,.179
26,7,2019,.303,.399,.358,.303,.244
27,7,2019,.0873,.142,.114,.091,.0574
28,7,2019,-.119,-.132,-.113,-.11,-.117
29,7,2019,.192,.19,.21,.2,.178
30,7,2019,.233,.205,.25,.241,.23
31,7,2019,.232,.253,.247,.229,.219
1,8,2019,.447,.495,.456,.437,.443
2,8,2019,.41,.556,.453,.401,.347
3,8,2019,.164,.254,.199,.165,.122
4,8,2019,-.0984,-.0836,-.0959,-.0931,-.106
5,8,2019,.262,.294,.285,.265,.239
6,8,2019,.213,.227,.238,.21,.198
7,8,2019,.187,.194,.199,.192,.177
8,8,2019,.215,.257,.239,.202,.2
9,8,2019,.308,.41,.352,.309,.25
10,8,2019,.109,.165,.134,.116,.0807
11,8,2019,-.125,-.14,-.121,-.115,-.125
12,8,2019,.192,.185,.203,.2,.188
13,8,2019,.197,.174,.204,.202,.203
14,8,2019,.175,.189,.187,.17,.167
15,8,2019,.272,.309,.299,.273,.251
16,8,2019,.317,.411,.359,.324,.261
17,8,2019,.113,.168,.145,.118,.0812
18,8,2019,-.111,-.124,-.11,-.101,-.105
19,8,2019,.179,.161,.186,.187,.18
20,8,2019,.21,.195,.217,.208,.218
21,8,2019,.155,.155,.167,.159,.149
22,8,2019,.188,.225,.211,.193,.162
23,8,2019,.298,.397,.355,.282,.246
24,8,2019,.0941,.149,.118,.0962,.0691
25,8,2019,-.117,-.138,-.116,-.11,-.109
26,8,2019,.164,.152,.191,.17,.153
27,8,2019,.153,.126,.172,.156,.153
28,8,2019,.185,.187,.209,.191,.17
29,8,2019,.254,.324,.299,.252,.21
30,8,2019,.386,.526,.447,.384,.307
31,8,2019,.133,.211,.16,.144,.092
1,9,2019,.0173,-.0211,-.0045,.0235,.0503
2,9,2019,-.0265,-.0408,-.033,-.0222,-.0179
3,9,2019,.271,.27,.254,.26,.295
4,9,2019,.198,.206,.187,.189,.212
5,9,2019,.221,.282,.246,.213,.195
6,9,2019,.26,.367,.313,.248,.205
7,9,2019,.0775,.129,.104,.086,.0479
8,9,2019,-.149,-.164,-.143,-.14,-.146
9,9,2019,.145,.154,.161,.149,.131
10,9,2019,.166,.161,.169,.17,.164
11,9,2019,.125,.122,.139,.123,.12
12,9,2019,.142,.188,.169,.144,.113
13,9,2019,.258,.361,.301,.257,.205
14,9,2019,.0803,.136,.106,.084,.0526
15,9,2019,-.11,-.133,-.114,-.102,-.0962
16,9,2019,.183,.189,.206,.19,.165
17,9,2019,.148,.143,.153,.156,.144
18,9,2019,.112,.134,.129,.112,.0994
19,9,2019,.142,.182,.18,.136,.112
20,9,2019,.288,.389,.342,.285,.231
21,9,2019,.0949,.148,.124,.106,.0624
22,9,2019,-.148,-.159,-.138,-.133,-.153
23,9,2019,.101,.103,.117,.104,.0935
24,9,2019,.127,.115,.141,.133,.121
25,9,2019,.141,.147,.168,.137,.129
26,9,2019,.159,.203,.189,.159,.13
27,9,2019,.279,.38,.335,.275,.221
28,9,2019,.107,.159,.14,.118,.0741
29,9,2019,-.132,-.148,-.131,-.119,-.13
30,9,2019,.252,.267,.258,.247,.251
1,10,2019,.421,.426,.412,.406,.449
2,10,2019,.225,.254,.247,.225,.207
3,10,2019,.229,.322,.262,.224,.183
4,10,2019,.297,.416,.347,.291,.236
5,10,2019,.125,.188,.163,.127,.0924
6,10,2019,-.138,-.135,-.131,-.131,-.14
7,10,2019,.158,.18,.174,.152,.148
8,10,2019,.134,.143,.151,.127,.129
9,10,2019,.0893,.11,.106,.0907,.0724
10,10,2019,.171,.235,.215,.166,.13
11,10,2019,.27,.374,.325,.269,.208
12,10,2019,.088,.143,.12,.0932,.0577
13,10,2019,-.131,-.137,-.122,-.12,-.135
14,10,2019,.106,.0901,.113,.11,.11
15,10,2019,.256,.241,.263,.256,.267
16,10,2019,.167,.185,.186,.167,.152
17,10,2019,.177,.23,.212,.173,.142
18,10,2019,.269,.366,.329,.271,.206
19,10,2019,.0842,.13,.119,.0899,.054
20,10,2019,-.121,-.124,-.118,-.113,-.121
21,10,2019,.149,.153,.164,.152,.138
22,10,2019,.131,.125,.139,.135,.124
23,10,2019,.111,.12,.132,.105,.101
24,10,2019,.139,.18,.174,.133,.109
25,10,2019,.269,.37,.322,.27,.209
26,10,2019,.0804,.122,.107,.0965,.0479
27,10,2019,-.162,-.164,-.159,-.153,-.166
28,10,2019,.135,.138,.166,.137,.118
29,10,2019,.123,.122,.139,.126,.114
30,10,2019,.135,.145,.144,.136,.124
31,10,2019,.163,.234,.187,.148,.133
1,11,2019,.494,.626,.538,.473,.452
2,11,2019,.168,.247,.209,.174,.125
3,11,2019,-.0561,-.0374,-.0486,-.0527,-.0603
4,11,2019,.194,.24,.219,.18,.179
5,11,2019,.208,.215,.231,.205,.199
6,11,2019,.13,.154,.15,.128,.115
7,11,2019,.165,.204,.203,.164,.134
8,11,2019,.287,.394,.343,.28,.226
9,11,2019,.145,.201,.186,.156,.106
10,11,2019,-.0912,-.102,-.0902,-.0814,-.0864
11,11,2019,.117,.111,.132,.133,.105
12,11,2019,.136,.13,.145,.138,.135
13,11,2019,.143,.151,.157,.143,.13
14,11,2019,.173,.224,.211,.169,.137
15,11,2019,.368,.469,.418,.366,.313
16,11,2019,.166,.222,.206,.175,.129
17,11,2019,-.0902,-.0915,-.0836,-.0754,-.0959
18,11,2019,.168,.179,.189,.18,.146
19,11,2019,.185,.178,.207,.179,.178
20,11,2019,.17,.19,.19,.17,.153
21,11,2019,.191,.245,.224,.186,.161
22,11,2019,.313,.41,.373,.307,.256
23,11,2019,.176,.216,.209,.187,.148
24,11,2019,-.0663,-.0754,-.059,-.0548,-.067
25,11,2019,.314,.318,.348,.318,.298
26,11,2019,.335,.351,.357,.341,.319
27,11,2019,.389,.471,.43,.383,.35
28,11,2019,-.268,-.166,-.215,-.277,-.335
29,11,2019,.616,.744,.719,.648,.507
30,11,2019,.325,.354,.346,.33,.317
1,12,2019,.2,.14,.17,.202,.255
2,12,2019,.634,.635,.657,.637,.637
3,12,2019,.576,.583,.581,.57,.59
4,12,2019,.381,.393,.402,.383,.373
5,12,2019,.398,.443,.444,.401,.365
6,12,2019,.45,.56,.501,.451,.392
7,12,2019,.284,.349,.332,.292,.243
8,12,2019,.032,.0113,.0377,.0479,.0377
9,12,2019,.31,.31,.34,.312,.301
10,12,2019,.362,.338,.371,.358,.377
11,12,2019,.318,.316,.343,.314,.315
12,12,2019,.356,.413,.408,.348,.32
13,12,2019,.464,.569,.523,.465,.402
14,12,2019,.343,.414,.401,.36,.29
15,12,2019,.0982,.0826,.111,.115,.0994
16,12,2019,.419,.421,.448,.435,.405
17,12,2019,.424,.414,.443,.433,.42
18,12,2019,.401,.412,.426,.406,.393
19,12,2019,.44,.468,.494,.445,.411
20,12,2019,.591,.699,.649,.597,.532
21,12,2019,.401,.486,.456,.418,.349
22,12,2019,.0977,.102,.116,.113,.09
23,12,2019,.621,.653,.664,.634,.597
24,12,2019,.205,.252,.222,.208,.185
25,12,2019,-.643,-.648,-.66,-.65,-.636
26,12,2019,.0709,.123,.117,.0692,.0287
27,12,2019,.272,.343,.319,.266,.228
28,12,2019,.0276,.0579,.0368,.0379,.0116
29,12,2019,-.192,-.222,-.208,-.186,-.175
30,12,2019,.28,.28,.287,.279,.279
31,12,2019,.334,.33,.315,.326,.353
1,1,2020,-.168,-.195,-.192,-.175,-.141
2,1,2020,.264,.296,.286,.253,.253
3,1,2020,.358,.493,.401,.341,.302
4,1,2020,.0828,.136,.107,.0872,.0527
5,1,2020,-.14,-.145,-.14,-.136,-.138
6,1,2020,.176,.202,.198,.177,.155
7,1,2020,.158,.154,.176,.157,.149
8,1,2020,.102,.116,.118,.0944,.0912
9,1,2020,.136,.18,.164,.121,.111
10,1,2020,.251,.345,.298,.252,.192
11,1,2020,.0321,.0578,.0478,.0395,.0157
12,1,2020,-.174,-.195,-.18,-.163,-.166
13,1,2020,.113,.117,.121,.11,.106
14,1,2020,.125,.118,.131,.123,.122
15,1,2020,.188,.198,.204,.176,.186
16,1,2020,.157,.22,.192,.149,.118
17,1,2020,.235,.355,.278,.23,.175
18,1,2020,.0234,.0798,.0388,.0237,.000423
19,1,2020,-.171,-.182,-.17,-.161,-.17
20,1,2020,.0901,.0649,.1,.0922,.0945
21,1,2020,.134,.112,.142,.133,.138
22,1,2020,.104,.0963,.11,.112,.0938
23,1,2020,.104,.146,.13,.1,.0735
24,1,2020,.207,.305,.256,.198,.15
25,1,2020,.055,.102,.0904,.0601,.0209
26,1,2020,-.168,-.189,-.17,-.158,-.163
27,1,2020,.0847,.0904,.107,.0822,.0681
28,1,2020,.105,.101,.116,.101,.0977
29,1,2020,.0771,.07,.0948,.0823,.0638
30,1,2020,.125,.182,.162,.119,.084
31,1,2020,.32,.462,.373,.309,.25
1,2,2020,.318,.363,.334,.322,.308
2,2,2020,-.128,-.112,-.123,-.119,-.141
3,2,2020,.193,.262,.211,.183,.167
4,2,2020,.162,.208,.182,.156,.137
5,2,2020,.135,.178,.158,.13,.108
6,2,2020,.111,.17,.147,.103,.0745
7,2,2020,.237,.352,.29,.229,.175
8,2,2020,.0984,.146,.133,.102,.0666
9,2,2020,-.143,-.137,-.14,-.138,-.144
10,2,2020,.144,.168,.176,.142,.119
11,2,2020,.136,.136,.156,.145,.115
12,2,2020,.131,.161,.157,.136,.103
13,2,2020,.208,.281,.256,.202,.158
14,2,2020,.343,.483,.41,.348,.256
15,2,2020,.148,.208,.186,.159,.106
16,2,2020,-.102,-.114,-.0952,-.0937,-.104
17,2,2020,.139,.126,.153,.149,.131
18,2,2020,.161,.152,.174,.156,.16
19,2,2020,.142,.157,.158,.135,.127
20,2,2020,.173,.228,.217,.174,.129
21,2,2020,.27,.397,.329,.266,.197
22,2,2020,.101,.166,.144,.107,.0567
23,2,2020,-.112,-.121,-.0974,-.104,-.116
24,2,2020,.132,.154,.166,.136,.104
25,2,2020,.171,.215,.204,.167,.138
26,2,2020,.211,.393,.28,.194,.118
27,2,2020,.245,.449,.322,.228,.14
28,2,2020,.413,.68,.51,.394,.281
29,2,2020,.292,.471,.359,.287,.204
1,3,2020,.128,.162,.134,.127,.127
2,3,2020,.346,.447,.38,.337,.304
3,3,2020,.288,.42,.327,.27,.233
4,3,2020,.198,.335,.24,.18,.136
5,3,2020,.24,.375,.305,.226,.169
6,3,2020,.32,.504,.392,.316,.22
7,3,2020,.166,.294,.223,.17,.0948
8,3,2020,-.112,-.0677,-.0872,-.106,-.14
9,3,2020,.162,.247,.202,.162,.11
10,3,2020,.173,.245,.213,.17,.128
11,3,2020,.182,.254,.231,.184,.128
12,3,2020,.294,.399,.355,.292,.23
13,3,2020,.445,.62,.534,.448,.337
14,3,2020,.151,.286,.225,.162,.0607
15,3,2020,-.108,-.0626,-.0744,-.0955,-.15
16,3,2020,.262,.337,.318,.273,.198
17,3,2020,.132,.217,.196,.14,.0565
18,3,2020,.0335,.129,.104,.0387,-.0503
19,3,2020,.0245,.155,.104,.0197,-.0719
20,3,2020,.136,.311,.232,.142,.011
21,3,2020,-.174,-.04,-.102,-.169,-.27
22,3,2020,-.402,-.34,-.362,-.402,-.452
23,3,2020,-.12,-.0382,-.0703,-.122,-.186
24,3,2020,-.125,-.0759,-.0798,-.127,-.179
25,3,2020,-.141,-.0688,-.0967,-.144,-.201
26,3,2020,-.134,-.0284,-.0791,-.133,-.214
27,3,2020,-.0589,.0974,.0166,-.0563,-.168
28,3,2020,-.273,-.155,-.21,-.274,-.356
29,3,2020,-.444,-.386,-.41,-.444,-.489
30,3,2020,-.143,-.0629,-.0973,-.147,-.206
31,3,2020,-.0548,.0223,-.021,-.0585,-.113
1,4,2020,.0896,.194,.141,.0861,.0234
2,4,2020,-.013,.153,.067,-.0255,-.116
3,4,2020,.0346,.254,.117,.0199,-.0873
4,4,2020,-.229,-.0838,-.16,-.229,-.323
5,4,2020,-.393,-.329,-.358,-.391,-.442
6,4,2020,-.115,-.0215,-.0656,-.114,-.187
7,4,2020,-.0905,-.0246,-.047,-.0921,-.147
8,4,2020,-.124,-.0525,-.0736,-.129,-.188
9,4,2020,-.082,.0309,-.0259,-.083,-.163
10,4,2020,.00814,.152,.0738,.0095,-.0885
11,4,2020,-.224,-.113,-.164,-.217,-.305
12,4,2020,-.585,-.54,-.574,-.588,-.614
13,4,2020,-.151,-.0293,-.0872,-.16,-.237
14,4,2020,-.0271,.142,.0625,-.0281,-.149
15,4,2020,.097,.362,.208,.0901,-.0644
16,4,2020,.054,.319,.169,.0451,-.111
17,4,2020,.0778,.336,.198,.0698,-.0873
18,4,2020,-.151,.0437,-.0487,-.151,-.282
19,4,2020,-.35,-.24,-.291,-.349,-.428
20,4,2020,-.038,.0957,.0399,-.0454,-.134
21,4,2020,-.00133,.127,.074,.00238,-.101
22,4,2020,-.05,.0877,.0221,-.0568,-.145
23,4,2020,-.0262,.113,.0574,-.0212,-.136
24,4,2020,.0575,.253,.153,.062,-.0797
25,4,2020,-.137,.0226,-.0561,-.129,-.248
26,4,2020,-.348,-.264,-.3,-.342,-.417
27,4,2020,-.0192,.117,.0486,-.0142,-.119
28,4,2020,.0618,.188,.128,.061,-.0297
29,4,2020,.0407,.207,.123,.0386,-.0737
30,4,2020,.148,.36,.235,.141,.0186
1,5,2020,.378,.658,.487,.374,.222
2,5,2020,-.00633,.198,.0872,-.0046,-.134
3,5,2020,-.237,-.119,-.183,-.231,-.317
4,5,2020,.103,.281,.183,.0992,-.0101
5,5,2020,.147,.295,.228,.152,.0401
6,5,2020,.0808,.242,.162,.0817,-.0304
7,5,2020,.1,.271,.189,.107,-.0201
8,5,2020,.188,.403,.3,.192,.0424
9,5,2020,.00497,.189,.0987,.0125,-.118
10,5,2020,-.296,-.206,-.244,-.286,-.366
11,5,2020,.0196,.153,.0946,.0257,-.0835
12,5,2020,.0705,.201,.144,.0656,-.023
13,5,2020,.0623,.206,.138,.0695,-.0425
14,5,2020,.0862,.255,.169,.0917,-.0319
15,5,2020,.244,.438,.345,.247,.113
16,5,2020,-.0115,.16,.0859,-.00635,-.132
17,5,2020,-.263,-.171,-.207,-.256,-.335
18,5,2020,.0796,.203,.154,.0846,-.0157
19,5,2020,.129,.244,.194,.144,.0349
20,5,2020,.144,.273,.22,.153,.0457
21,5,2020,.164,.316,.263,.166,.0488
22,5,2020,.262,.472,.371,.262,.126
23,5,2020,.00217,.168,.0907,.00788,-.111
24,5,2020,-.235,-.143,-.177,-.225,-.309
25,5,2020,-.213,-.114,-.16,-.209,-.285
26,5,2020,.137,.235,.211,.138,.0588
27,5,2020,.17,.294,.247,.177,.0751
28,5,2020,.191,.359,.278,.188,.0793
29,5,2020,.275,.505,.395,.275,.123
30,5,2020,.0198,.192,.114,.0279,-.102
31,5,2020,-.214,-.137,-.168,-.206,-.275
1,6,2020,.313,.446,.383,.315,.231
2,6,2020,.232,.379,.309,.234,.132
3,6,2020,.203,.373,.287,.197,.0965
4,6,2020,.2,.381,.29,.212,.0738
5,6,2020,.307,.539,.421,.313,.156
6,6,2020,.0327,.19,.123,.0428,-.0803
7,6,2020,-.217,-.14,-.168,-.205,-.28
8,6,2020,.156,.262,.225,.166,.0701
9,6,2020,.17,.282,.23,.179,.0888
10,6,2020,.193,.314,.261,.201,.105
11,6,2020,.202,.338,.286,.209,.102
12,6,2020,.302,.497,.408,.3,.175
13,6,2020,.0617,.209,.148,.0715,-.0424
14,6,2020,-.189,-.109,-.14,-.178,-.252
15,6,2020,.208,.315,.28,.211,.128
16,6,2020,.254,.347,.317,.271,.174
17,6,2020,.219,.324,.287,.229,.137
18,6,2020,.234,.367,.304,.245,.138
19,6,2020,.325,.516,.428,.33,.198
20,6,2020,.113,.258,.19,.125,.0173
21,6,2020,-.194,-.117,-.147,-.184,-.254
22,6,2020,.146,.24,.206,.156,.0703
23,6,2020,.196,.291,.249,.207,.123
24,6,2020,.155,.256,.21,.161,.0819
25,6,2020,.173,.304,.247,.175,.0819
26,6,2020,.293,.452,.385,.3,.18
27,6,2020,.0711,.198,.14,.0801,-.0142
28,6,2020,-.159,-.0924,-.117,-.148,-.212
29,6,2020,.202,.309,.266,.208,.121
30,6,2020,.33,.449,.384,.33,.26
1,7,2020,.494,.622,.552,.501,.421
2,7,2020,.411,.61,.5,.417,.292
3,7,2020,.344,.587,.447,.339,.212
4,7,2020,-.222,-.0641,-.161,-.228,-.313
5,7,2020,-.26,-.184,-.224,-.256,-.311
6,7,2020,.199,.312,.267,.202,.117
7,7,2020,.232,.335,.288,.232,.162
8,7,2020,.208,.325,.27,.211,.128
9,7,2020,.23,.372,.309,.23,.137
10,7,2020,.329,.517,.428,.334,.204
11,7,2020,.0722,.2,.136,.0813,-.0126
12,7,2020,-.166,-.111,-.131,-.156,-.212
13,7,2020,.198,.289,.249,.204,.129
14,7,2020,.243,.313,.295,.259,.173
15,7,2020,.327,.396,.38,.337,.267
16,7,2020,.288,.414,.356,.294,.203
17,7,2020,.321,.512,.409,.325,.203
18,7,2020,.0465,.195,.12,.0519,-.0476
19,7,2020,-.177,-.108,-.134,-.167,-.229
20,7,2020,.196,.282,.254,.2,.13
21,7,2020,.208,.296,.262,.217,.135
22,7,2020,.182,.284,.244,.189,.104
23,7,2020,.214,.341,.281,.216,.128
24,7,2020,.312,.498,.416,.311,.19
25,7,2020,.0557,.189,.124,.0632,-.0318
26,7,2020,-.168,-.114,-.13,-.157,-.219
27,7,2020,.179,.269,.238,.184,.109
28,7,2020,.211,.298,.269,.218,.138
29,7,2020,.196,.288,.249,.207,.122
30,7,2020,.237,.374,.319,.235,.14
31,7,2020,.407,.64,.496,.395,.285
1,8,2020,.268,.428,.34,.274,.174
2,8,2020,-.107,-.0274,-.0685,-.101,-.162
3,8,2020,.317,.474,.378,.303,.237
4,8,2020,.256,.405,.317,.259,.163
5,8,2020,.247,.383,.311,.249,.159
6,8,2020,.247,.391,.331,.249,.144
7,8,2020,.344,.537,.432,.353,.22
8,8,2020,.0942,.243,.159,.0998,.00395
9,8,2020,-.133,-.0654,-.0971,-.123,-.184
10,8,2020,.229,.333,.288,.224,.16
11,8,2020,.233,.318,.288,.238,.166
12,8,2020,.208,.31,.268,.21,.134
13,8,2020,.241,.375,.306,.24,.155
14,8,2020,.344,.54,.433,.346,.223
15,8,2020,.14,.275,.208,.152,.05
16,8,2020,-.132,-.0629,-.0938,-.123,-.182
17,8,2020,.243,.327,.298,.253,.174
18,8,2020,.243,.331,.294,.246,.18
19,8,2020,.211,.309,.261,.216,.141
20,8,2020,.262,.395,.337,.266,.168
21,8,2020,.347,.527,.435,.351,.229
22,8,2020,.108,.246,.179,.113,.0181
23,8,2020,-.129,-.0687,-.0924,-.12,-.175
24,8,2020,.185,.26,.245,.203,.108
25,8,2020,.233,.31,.292,.232,.172
26,8,2020,.211,.295,.261,.216,.145
27,8,2020,.222,.335,.285,.226,.142
28,8,2020,.349,.518,.441,.353,.233
29,8,2020,.125,.259,.191,.133,.0392
30,8,2020,-.133,-.0776,-.0993,-.123,-.176
31,8,2020,.276,.369,.318,.278,.216
1,9,2020,.482,.574,.528,.474,.435
2,9,2020,.303,.423,.353,.308,.232
3,9,2020,.323,.502,.405,.319,.218
4,9,2020,.41,.642,.507,.404,.283
5,9,2020,.151,.309,.225,.159,.0536
6,9,2020,-.13,-.0584,-.0917,-.122,-.179
7,9,2020,-.0844,-.0212,-.0518,-.0734,-.133
8,9,2020,.232,.32,.283,.235,.171
9,9,2020,.235,.337,.291,.232,.169
10,9,2020,.253,.386,.331,.26,.156
11,9,2020,.312,.498,.4,.319,.193
12,9,2020,.108,.232,.17,.119,.0271
13,9,2020,-.145,-.0872,-.114,-.134,-.189
14,9,2020,.181,.272,.239,.187,.111
15,9,2020,.279,.361,.32,.285,.223
16,9,2020,.194,.28,.251,.202,.125
17,9,2020,.203,.325,.272,.213,.113
18,9,2020,.321,.512,.404,.321,.208
19,9,2020,.124,.254,.19,.131,.0429
20,9,2020,-.126,-.0626,-.0888,-.12,-.172
21,9,2020,.184,.274,.247,.191,.113
22,9,2020,.19,.287,.244,.195,.12
23,9,2020,.165,.259,.215,.168,.0993
24,9,2020,.201,.336,.272,.204,.111
25,9,2020,.333,.519,.43,.328,.219
26,9,2020,.119,.255,.187,.128,.0345
27,9,2020,-.142,-.0838,-.108,-.13,-.187
28,9,2020,.183,.272,.241,.185,.116
29,9,2020,.206,.294,.254,.216,.137
30,9,2020,.276,.383,.326,.272,.215
1,10,2020,.5,.664,.561,.496,.42
2,10,2020,.421,.683,.519,.411,.284
3,10,2020,.186,.351,.256,.192,.0909
4,10,2020,-.113,-.0268,-.0725,-.105,-.171
5,10,2020,.249,.371,.308,.252,.172
6,10,2020,.214,.311,.268,.221,.141
7,10,2020,.171,.265,.222,.172,.107
8,10,2020,.202,.34,.268,.2,.116
9,10,2020,.314,.512,.403,.308,.201
10,10,2020,.115,.227,.182,.124,.0381
11,10,2020,-.14,-.0839,-.106,-.131,-.181
12,10,2020,.143,.21,.198,.152,.0816
13,10,2020,.233,.298,.287,.245,.171
14,10,2020,.249,.33,.297,.259,.185
15,10,2020,.346,.465,.417,.354,.261
16,10,2020,.371,.568,.467,.371,.253
17,10,2020,.133,.255,.201,.144,.052
18,10,2020,-.122,-.066,-.0865,-.113,-.165
19,10,2020,.185,.265,.238,.192,.122
20,10,2020,.213,.278,.264,.22,.155
21,10,2020,.191,.278,.234,.203,.129
22,10,2020,.207,.33,.276,.208,.121
23,10,2020,.312,.478,.397,.315,.205
24,10,2020,.126,.242,.19,.138,.0483
25,10,2020,-.129,-.0807,-.102,-.12,-.165
26,10,2020,.168,.241,.225,.18,.1
27,10,2020,.187,.251,.23,.195,.133
28,10,2020,.188,.274,.237,.193,.125
29,10,2020,.234,.367,.297,.238,.147
30,10,2020,.403,.631,.499,.399,.273
31,10,2020,.14,.286,.2,.14,.0599
1,11,2020,.0364,.088,.0672,.045,.00155
2,11,2020,.345,.454,.39,.34,.289
3,11,2020,.28,.412,.328,.273,.211
4,11,2020,.158,.281,.212,.157,.0826
5,11,2020,.243,.406,.321,.247,.139
6,11,2020,.33,.53,.424,.325,.212
7,11,2020,.146,.296,.227,.152,.0534
8,11,2020,-.11,-.0544,-.0699,-.103,-.153
9,11,2020,.212,.295,.27,.21,.151
10,11,2020,.246,.349,.291,.248,.18
11,11,2020,.228,.301,.276,.236,.173
12,11,2020,.253,.372,.325,.266,.163
13,11,2020,.405,.606,.509,.399,.28
14,11,2020,.212,.365,.292,.225,.112
15,11,2020,-.0265,.0281,.00798,-.0112,-.07
16,11,2020,.279,.372,.334,.292,.209
17,11,2020,.269,.344,.323,.283,.206
18,11,2020,.253,.332,.304,.259,.193
19,11,2020,.29,.416,.359,.295,.207
20,11,2020,.443,.625,.535,.452,.328
21,11,2020,.225,.347,.29,.241,.146
22,11,2020,-.0358,.0137,-.00502,-.0208,-.074
23,11,2020,.356,.435,.399,.369,.302
24,11,2020,.4,.483,.451,.406,.345
25,11,2020,.465,.605,.55,.473,.372
26,11,2020,-.418,-.372,-.414,-.425,-.443
27,11,2020,.476,.675,.601,.499,.327
28,11,2020,.302,.416,.372,.32,.223
29,11,2020,.0472,.0817,.0706,.0627,.0188
30,11,2020,.621,.683,.68,.638,.566
1,12,2020,.78,.854,.797,.792,.758
2,12,2020,.474,.589,.534,.475,.408
3,12,2020,.499,.669,.581,.494,.407
4,12,2020,.536,.759,.635,.529,.413
5,12,2020,.346,.507,.438,.361,.241
6,12,2020,.039,.0912,.0784,.0545,-.00461
7,12,2020,.383,.469,.446,.38,.326
8,12,2020,.393,.464,.447,.397,.342
9,12,2020,.377,.465,.429,.379,.322
10,12,2020,.444,.573,.519,.45,.362
11,12,2020,.53,.716,.635,.541,.41
12,12,2020,.328,.476,.416,.34,.231
13,12,2020,.0401,.101,.0838,.0587,-.00909
14,12,2020,.387,.466,.454,.395,.322
15,12,2020,.519,.594,.583,.523,.462
16,12,2020,.402,.495,.458,.403,.342
17,12,2020,.392,.565,.486,.397,.278
18,12,2020,.544,.755,.658,.544,.416
19,12,2020,.358,.519,.449,.369,.255
20,12,2020,.059,.139,.105,.0744,.00186
21,12,2020,.501,.609,.574,.506,.43
22,12,2020,.548,.657,.621,.561,.472
23,12,2020,.588,.773,.672,.582,.493
24,12,2020,.2,.406,.282,.195,.0857
25,12,2020,-.613,-.558,-.605,-.62,-.643
26,12,2020,-.155,-.0643,-.0947,-.145,-.231
27,12,2020,-.213,-.181,-.187,-.208,-.245
28,12,2020,.254,.316,.305,.258,.201
29,12,2020,.303,.366,.332,.309,.262
30,12,2020,.368,.497,.413,.365,.3
31,12,2020,.555,.757,.62,.534,.461
1,1,2021,-.046,.107,.00556,-.0557,-.128
2,1,2021,.0515,.225,.129,.0526,-.0526
3,1,2021,-.101,.00802,-.057,-.0991,-.165
4,1,2021,.365,.585,.449,.352,.244
5,1,2021,.343,.533,.423,.338,.231
6,1,2021,.195,.355,.27,.19,.0949
7,1,2021,.192,.388,.278,.188,.0727
8,1,2021,.293,.525,.4,.284,.152
9,1,2021,.122,.312,.212,.125,.00408
10,1,2021,-.122,-.0207,-.0692,-.115,-.195
11,1,2021,.193,.334,.27,.194,.0945
12,1,2021,.197,.319,.26,.198,.114
13,1,2021,.161,.287,.231,.158,.0735
14,1,2021,.188,.354,.265,.185,.0814
15,1,2021,.358,.573,.449,.357,.23
16,1,2021,.117,.274,.197,.127,.0117
17,1,2021,-.134,-.0559,-.0986,-.121,-.191
18,1,2021,.125,.205,.172,.139,.0581
19,1,2021,.183,.286,.244,.183,.111
20,1,2021,.166,.266,.224,.169,.0906
21,1,2021,.175,.318,.248,.17,.0807
22,1,2021,.265,.451,.362,.262,.145
23,1,2021,.0812,.203,.144,.0935,-.00333
24,1,2021,-.161,-.0939,-.12,-.15,-.215
25,1,2021,.151,.245,.208,.153,.081
26,1,2021,.148,.244,.195,.153,.0797
27,1,2021,.13,.232,.187,.133,.0546
28,1,2021,.191,.337,.261,.19,.0962
29,1,2021,.339,.571,.443,.329,.203
30,1,2021,.167,.324,.237,.178,.068
31,1,2021,-.104,-.0424,-.0793,-.1,-.144
1,2,2021,.379,.514,.454,.381,.29
2,2,2021,.246,.385,.318,.249,.15
3,2,2021,.253,.418,.33,.25,.15
4,2,2021,.241,.428,.314,.236,.135
5,2,2021,.373,.598,.484,.368,.238
6,2,2021,.18,.328,.245,.184,.0956
7,2,2021,-.179,-.0948,-.131,-.17,-.245
8,2,2021,.166,.289,.236,.164,.0819
9,2,2021,.199,.3,.26,.201,.126
10,2,2021,.221,.321,.279,.223,.151
11,2,2021,.198,.332,.273,.198,.107
12,2,2021,.343,.555,.437,.335,.221
13,2,2021,.172,.332,.249,.178,.0732
14,2,2021,-.131,-.0605,-.093,-.123,-.182
15,2,2021,.125,.178,.166,.13,.0784
16,2,2021,.148,.209,.18,.154,.0971
17,2,2021,.18,.286,.232,.176,.107
18,2,2021,.142,.296,.244,.149,.0176
19,2,2021,.347,.59,.465,.343,.193
20,2,2021,.234,.416,.32,.242,.12
21,2,2021,-.0357,.0629,.0059,-.0285,-.0986
22,2,2021,.223,.341,.285,.23,.136
23,2,2021,.263,.385,.336,.264,.174
24,2,2021,.258,.432,.34,.253,.151
25,2,2021,.303,.511,.396,.3,.175
26,2,2021,.434,.699,.555,.431,.272
27,2,2021,.253,.461,.354,.262,.12
28,2,2021,.0705,.174,.114,.079,.00916
1,3,2021,.603,.767,.676,.601,.518
2,3,2021,.428,.608,.506,.428,.322
3,3,2021,.385,.622,.478,.378,.252
4,3,2021,.359,.606,.462,.355,.215
5,3,2021,.492,.758,.619,.49,.332
6,3,2021,.256,.438,.344,.263,.143
7,3,2021,-.0103,.0852,.0363,.000349,-.0758
8,3,2021,.292,.441,.378,.297,.188
9,3,2021,.307,.444,.386,.306,.213
10,3,2021,.314,.49,.399,.312,.204
11,3,2021,.335,.526,.428,.331,.217
12,3,2021,.475,.758,.601,.472,.306
13,3,2021,.309,.588,.424,.311,.151
14,3,2021,.00856,.168,.0708,.0153,-.0854
15,3,2021,.414,.631,.508,.414,.286
16,3,2021,.448,.743,.574,.448,.271
17,3,2021,.51,.939,.68,.495,.267
18,3,2021,.455,.816,.616,.44,.242
19,3,2021,.572,.955,.738,.556,.354
20,3,2021,.389,.692,.526,.385,.216
21,3,2021,.0819,.255,.162,.0852,-.0226
22,3,2021,.403,.636,.507,.398,.268
23,3,2021,.398,.619,.501,.396,.261
24,3,2021,.367,.597,.477,.363,.226
25,3,2021,.407,.633,.508,.409,.268
26,3,2021,.516,.797,.641,.522,.346
27,3,2021,.325,.533,.436,.337,.188
28,3,2021,.0584,.177,.12,.0754,-.0251
29,3,2021,.375,.554,.46,.379,.262
30,3,2021,.413,.582,.502,.411,.306
31,3,2021,.457,.645,.533,.449,.354
1,4,2021,.728,.968,.828,.719,.609
2,4,2021,.666,.98,.795,.662,.493
3,4,2021,.399,.64,.499,.4,.269
4,4,2021,-.25,-.134,-.216,-.256,-.311
5,4,2021,.44,.664,.552,.436,.306
6,4,2021,.425,.622,.517,.42,.309
7,4,2021,.401,.617,.497,.392,.278
8,4,2021,.414,.636,.504,.415,.283
9,4,2021,.527,.797,.646,.524,.375
10,4,2021,.336,.534,.435,.343,.215
11,4,2021,.0477,.155,.1,.054,-.0203
12,4,2021,.398,.575,.485,.406,.284
13,4,2021,.387,.559,.465,.392,.281
14,4,2021,.371,.547,.46,.365,.264
15,4,2021,.486,.677,.577,.479,.375
16,4,2021,.545,.791,.665,.542,.398
17,4,2021,.324,.494,.418,.332,.217
18,4,2021,.0389,.14,.0885,.0461,-.0234
19,4,2021,.371,.531,.457,.366,.272
20,4,2021,.403,.542,.48,.405,.311
21,4,2021,.355,.503,.438,.359,.253
22,4,2021,.385,.564,.48,.386,.268
23,4,2021,.493,.718,.603,.493,.356
24,4,2021,.288,.448,.374,.299,.186
25,4,2021,.0501,.141,.093,.0577,-.00688
26,4,2021,.391,.528,.457,.393,.309
27,4,2021,.386,.503,.456,.394,.301
28,4,2021,.397,.545,.467,.403,.301
29,4,2021,.442,.629,.528,.448,.325
30,4,2021,.666,.922,.782,.655,.526
1,5,2021,.564,.76,.644,.575,.462
2,5,2021,.143,.24,.18,.151,.0874
3,5,2021,.549,.735,.628,.539,.455
4,5,2021,.517,.671,.587,.518,.428
5,5,2021,.5,.658,.568,.505,.407
6,5,2021,.482,.661,.559,.486,.374
7,5,2021,.619,.854,.73,.615,.485
8,5,2021,.446,.623,.532,.462,.337
9,5,2021,.0611,.139,.101,.0769,.00694
10,5,2021,.433,.563,.504,.447,.342
11,5,2021,.454,.581,.527,.46,.368
12,5,2021,.434,.548,.499,.447,.35
13,5,2021,.453,.591,.534,.457,.359
14,5,2021,.579,.784,.683,.588,.451
15,5,2021,.378,.515,.454,.386,.295
16,5,2021,.0981,.154,.132,.117,.0521
17,5,2021,.511,.6,.563,.517,.455
18,5,2021,.46,.552,.524,.466,.392
19,5,2021,.447,.545,.511,.454,.374
20,5,2021,.493,.649,.571,.504,.394
21,5,2021,.581,.794,.685,.579,.458
22,5,2021,.333,.479,.411,.344,.243
23,5,2021,.0861,.15,.124,.1,.042
24,5,2021,.428,.545,.494,.432,.351
25,5,2021,.472,.577,.538,.477,.4
26,5,2021,.468,.588,.525,.475,.393
27,5,2021,.512,.667,.59,.521,.414
28,5,2021,.674,.891,.779,.684,.542
29,5,2021,.365,.521,.448,.376,.269
30,5,2021,.0567,.126,.0853,.0661,.0143
31,5,2021,.119,.194,.143,.118,.082
1,6,2021,.755,.864,.806,.758,.705
2,6,2021,.595,.74,.659,.599,.512
3,6,2021,.58,.785,.668,.577,.467
4,6,2021,.639,.881,.743,.634,.508
5,6,2021,.363,.522,.439,.375,.27
6,6,2021,.0767,.142,.115,.0894,.0319
7,6,2021,.447,.56,.51,.456,.37
8,6,2021,.465,.576,.534,.466,.392
9,6,2021,.453,.57,.518,.451,.381
10,6,2021,.512,.669,.589,.515,.418
11,6,2021,.583,.791,.695,.578,.458
12,6,2021,.321,.469,.399,.327,.234
13,6,2021,.0763,.142,.113,.0859,.0344
14,6,2021,.455,.563,.526,.454,.385
15,6,2021,.572,.666,.632,.579,.512
16,6,2021,.506,.617,.574,.511,.433
17,6,2021,.516,.649,.594,.53,.423
18,6,2021,.634,.836,.736,.636,.514
19,6,2021,.366,.504,.438,.376,.282
20,6,2021,.0602,.117,.0935,.0683,.023
21,6,2021,.462,.546,.538,.468,.392
22,6,2021,.496,.562,.556,.496,.446
23,6,2021,.496,.593,.559,.498,.435
24,6,2021,.494,.619,.564,.499,.412
25,6,2021,.61,.799,.712,.608,.497
26,6,2021,.344,.482,.415,.354,.26
27,6,2021,.0687,.119,.0998,.0809,.0325
28,6,2021,.467,.571,.528,.476,.396
29,6,2021,.5,.581,.552,.514,.439
30,6,2021,.571,.687,.63,.569,.509
1,7,2021,.854,1.02,.92,.856,.777
2,7,2021,.767,1.03,.881,.768,.627
3,7,2021,.396,.577,.468,.391,.309
4,7,2021,-.11,-.00896,-.0757,-.111,-.164
5,7,2021,.191,.282,.242,.204,.13
6,7,2021,.483,.588,.539,.493,.416
7,7,2021,.476,.561,.528,.473,.425
8,7,2021,.491,.628,.562,.488,.409
9,7,2021,.588,.781,.686,.595,.467
10,7,2021,.328,.459,.384,.339,.255
11,7,2021,.0522,.0932,.0827,.0661,.0155
12,7,2021,.452,.55,.511,.458,.387
13,7,2021,.453,.535,.507,.463,.392
14,7,2021,.448,.561,.509,.451,.378
15,7,2021,.58,.754,.676,.585,.472
16,7,2021,.638,.867,.738,.64,.506
17,7,2021,.329,.487,.4,.338,.239
18,7,2021,.0707,.133,.105,.081,.0312
19,7,2021,.451,.569,.515,.453,.379
20,7,2021,.476,.572,.543,.479,.411
21,7,2021,.447,.545,.505,.457,.38
22,7,2021,.471,.619,.546,.474,.381
23,7,2021,.582,.781,.687,.581,.461
24,7,2021,.31,.453,.379,.317,.229
25,7,2021,.0769,.124,.113,.0866,.0408
26,7,2021,.447,.54,.505,.453,.384
27,7,2021,.436,.511,.488,.451,.375
28,7,2021,.449,.547,.509,.449,.387
29,7,2021,.474,.626,.548,.476,.381
30,7,2021,.628,.878,.725,.63,.49
31,7,2021,.385,.55,.45,.386,.304
1,8,2021,.294,.334,.318,.308,.271
2,8,2021,.596,.73,.65,.602,.524
3,8,2021,.574,.708,.632,.569,.506
4,8,2021,.503,.624,.559,.507,.432
5,8,2021,.544,.695,.624,.547,.451
6,8,2021,.604,.808,.708,.598,.486
7,8,2021,.337,.481,.409,.345,.251
8,8,2021,.097,.159,.129,.111,.056
9,8,2021,.474,.582,.527,.485,.404
10,8,2021,.496,.586,.542,.502,.438
11,8,2021,.445,.536,.494,.456,.385
12,8,2021,.476,.603,.55,.485,.389
13,8,2021,.594,.818,.702,.589,.466
14,8,2021,.342,.497,.411,.348,.256
15,8,2021,.131,.182,.169,.147,.093
16,8,2021,.489,.588,.544,.494,.429
17,8,2021,.472,.552,.522,.474,.419
18,8,2021,.436,.537,.487,.442,.375
19,8,2021,.473,.597,.544,.479,.389
20,8,2021,.61,.784,.697,.613,.509
21,8,2021,.348,.479,.409,.358,.273
22,8,2021,.0796,.131,.113,.0946,.0407
23,8,2021,.438,.523,.485,.449,.38
24,8,2021,.433,.493,.49,.439,.382
25,8,2021,.439,.504,.482,.451,.39
26,8,2021,.46,.579,.536,.46,.38
27,8,2021,.565,.733,.655,.568,.462
28,8,2021,.355,.48,.414,.369,.281
29,8,2021,.0654,.104,.0874,.0788,.0402
30,8,2021,.44,.519,.488,.444,.39
31,8,2021,.529,.588,.558,.531,.492
1,9,2021,.739,.841,.778,.74,.698
2,9,2021,.578,.748,.665,.581,.477
3,9,2021,.726,.972,.831,.72,.6
4,9,2021,.38,.536,.447,.393,.293
5,9,2021,.122,.178,.152,.136,.087
6,9,2021,.136,.201,.162,.143,.101
7,9,2021,.487,.58,.532,.489,.436
8,9,2021,.475,.572,.524,.47,.418
9,9,2021,.485,.618,.566,.484,.399
10,9,2021,.602,.8,.699,.604,.486
11,9,2021,.324,.445,.384,.34,.25
12,9,2021,.0637,.11,.0991,.0739,.0297
13,9,2021,.427,.524,.475,.438,.366
14,9,2021,.428,.52,.484,.426,.368
15,9,2021,.548,.669,.611,.544,.478
16,9,2021,.512,.66,.578,.516,.426
17,9,2021,.598,.804,.696,.602,.477
18,9,2021,.349,.492,.407,.362,.27
19,9,2021,.0885,.136,.125,.105,.0497
20,9,2021,.463,.555,.512,.466,.408
21,9,2021,.457,.522,.502,.459,.411
22,9,2021,.417,.508,.466,.417,.361
23,9,2021,.468,.594,.536,.474,.388
24,9,2021,.589,.79,.678,.587,.481
25,9,2021,.375,.505,.442,.391,.296
26,9,2021,.0975,.138,.13,.11,.0661
27,9,2021,.455,.539,.507,.468,.393
28,9,2021,.473,.533,.514,.478,.431
29,9,2021,.457,.544,.507,.461,.401
30,9,2021,.656,.793,.711,.656,.591
1,10,2021,.986,1.23,1.08,.973,.88
2,10,2021,.496,.665,.558,.503,.413
3,10,2021,.175,.238,.205,.187,.14
4,10,2021,.536,.681,.596,.536,.458
5,10,2021,.548,.649,.591,.547,.493
6,10,2021,.463,.555,.51,.462,.413
7,10,2021,.51,.648,.57,.515,.434
8,10,2021,.651,.841,.752,.663,.53
9,10,2021,.386,.512,.447,.401,.314
10,10,2021,.131,.162,.161,.147,.104
11,10,2021,.447,.506,.483,.448,.414
12,10,2021,.492,.564,.538,.493,.45
13,10,2021,.501,.593,.551,.501,.443
14,10,2021,.525,.673,.607,.529,.432
15,10,2021,.784,1.01,.899,.778,.659
16,10,2021,.446,.61,.516,.453,.361
17,10,2021,.159,.232,.19,.172,.12
18,10,2021,.502,.576,.56,.52,.439
19,10,2021,.517,.592,.578,.517,.463
20,10,2021,.525,.613,.589,.521,.467
21,10,2021,.54,.654,.609,.546,.466
22,10,2021,.664,.859,.757,.666,.555
23,10,2021,.426,.556,.487,.432,.358
24,10,2021,.134,.198,.163,.147,.0965
25,10,2021,.508,.583,.575,.509,.452
26,10,2021,.53,.607,.583,.53,.477
27,10,2021,.508,.593,.558,.503,.46
28,10,2021,.582,.711,.644,.587,.505
29,10,2021,.702,.928,.803,.71,.569
30,10,2021,.429,.564,.498,.438,.35
31,10,2021,.123,.179,.146,.128,.0936
1,11,2021,.816,.92,.859,.818,.773
2,11,2021,.653,.755,.702,.65,.6
3,11,2021,.589,.721,.646,.587,.519
4,11,2021,.595,.771,.674,.586,.501
5,11,2021,.749,.967,.856,.742,.631
6,11,2021,.468,.604,.531,.478,.395
7,11,2021,.209,.261,.237,.222,.18
8,11,2021,.515,.59,.57,.521,.464
9,11,2021,.554,.615,.598,.556,.513
10,11,2021,.584,.699,.651,.59,.514
11,11,2021,.586,.679,.653,.595,.523
12,11,2021,.737,.928,.847,.738,.621
13,11,2021,.498,.645,.574,.504,.42
14,11,2021,.211,.275,.246,.222,.176
15,11,2021,.673,.776,.739,.678,.609
16,11,2021,.627,.71,.688,.636,.57
17,11,2021,.58,.68,.641,.591,.515
18,11,2021,.629,.747,.707,.627,.559
19,11,2021,.782,.97,.881,.784,.673
20,11,2021,.572,.698,.64,.585,.503
21,11,2021,.266,.314,.298,.283,.237
22,11,2021,.702,.773,.761,.71,.655
23,11,2021,.793,.873,.854,.798,.748
24,11,2021,.838,.981,.927,.834,.76
25,11,2021,-.239,-.19,-.235,-.253,-.255
26,11,2021,.895,1.12,1.06,.927,.726
27,11,2021,.608,.701,.666,.626,.555
28,11,2021,.36,.375,.375,.376,.354
29,11,2021,.899,.966,.966,.916,.846
30,11,2021,1,1.05,1.05,1,.983
1,12,2021,1.1,1.18,1.14,1.09,1.08
2,12,2021,.865,1.03,.948,.858,.784
3,12,2021,.94,1.18,1.06,.933,.812
4,12,2021,.666,.822,.751,.672,.581
5,12,2021,.368,.433,.404,.376,.338
6,12,2021,.702,.789,.759,.706,.652
7,12,2021,.627,.683,.667,.63,.596
8,12,2021,.553,.638,.593,.546,.518
9,12,2021,.707,.838,.774,.709,.638
10,12,2021,.911,1.12,1.01,.908,.803
11,12,2021,.654,.807,.732,.665,.571
12,12,2021,.348,.414,.392,.364,.307
13,12,2021,.72,.814,.796,.732,.653
14,12,2021,.765,.861,.834,.768,.706
15,12,2021,.867,1.02,.946,.866,.791
16,12,2021,.841,1,.927,.841,.752
17,12,2021,.947,1.18,1.06,.95,.825
18,12,2021,.715,.901,.811,.72,.617
19,12,2021,.394,.479,.439,.41,.347
20,12,2021,.888,.987,.968,.903,.824
21,12,2021,.903,.998,.961,.909,.855
22,12,2021,.932,1.07,1.01,.943,.855
23,12,2021,1.02,1.23,1.13,1.03,.903
24,12,2021,.434,.65,.51,.422,.337
25,12,2021,-.521,-.472,-.528,-.538,-.533
26,12,2021,-.0669,.00847,-.0218,-.0647,-.118
27,12,2021,.441,.499,.485,.438,.406
28,12,2021,.567,.615,.611,.561,.542
29,12,2021,.565,.622,.596,.562,.54
30,12,2021,.689,.819,.743,.693,.617
31,12,2021,.587,.712,.635,.585,.528
1,1,2022,.105,.159,.104,.106,.0918
2,1,2022,.102,.141,.117,.108,.0798
3,1,2022,.595,.697,.652,.589,.541
4,1,2022,.586,.709,.641,.589,.514
5,1,2022,.53,.668,.584,.521,.464
6,1,2022,.478,.584,.531,.477,.418
7,1,2022,.535,.712,.624,.529,.43
8,1,2022,.337,.432,.387,.351,.275
9,1,2022,.0696,.0877,.0939,.0819,.0466
10,1,2022,.474,.544,.531,.487,.415
11,1,2022,.468,.522,.504,.466,.432
12,1,2022,.446,.522,.505,.45,.389
13,1,2022,.498,.609,.566,.507,.417
14,1,2022,.63,.843,.718,.625,.516
15,1,2022,.428,.536,.475,.441,.367
16,1,2022,.0356,.0291,.0433,.0494,.0286
17,1,2022,.326,.289,.339,.35,.324
18,1,2022,.475,.502,.498,.49,.449
19,1,2022,.497,.581,.529,.491,.455
20,1,2022,.487,.59,.555,.485,.419
21,1,2022,.577,.727,.66,.571,.49
22,1,2022,.335,.421,.384,.344,.281
23,1,2022,.0884,.115,.106,.0999,.0699
24,1,2022,.416,.471,.464,.414,.376
25,1,2022,.471,.508,.51,.479,.432
26,1,2022,.459,.522,.508,.461,.412
27,1,2022,.505,.614,.573,.512,.431
28,1,2022,.647,.839,.744,.649,.534
29,1,2022,.309,.447,.401,.328,.205
30,1,2022,.0947,.135,.123,.109,.061
31,1,2022,.548,.621,.597,.548,.499
1,2,2022,.867,.954,.916,.858,.835
2,2,2022,.598,.72,.65,.594,.539
3,2,2022,.502,.665,.559,.489,.427
4,2,2022,.585,.789,.681,.584,.464
5,2,2022,.459,.585,.519,.465,.391
6,2,2022,.16,.196,.182,.172,.136
7,2,2022,.511,.589,.576,.512,.452
8,2,2022,.529,.601,.574,.543,.475
9,2,2022,.522,.614,.588,.533,.452
10,2,2022,.585,.72,.655,.604,.492
11,2,2022,.714,.908,.815,.717,.598
12,2,2022,.519,.65,.59,.536,.436
13,2,2022,.172,.236,.213,.186,.127
14,2,2022,.54,.636,.608,.547,.468
15,2,2022,.602,.669,.659,.608,.553
16,2,2022,.536,.663,.604,.545,.454
17,2,2022,.539,.679,.618,.537,.452
18,2,2022,.698,.908,.81,.694,.576
19,2,2022,.508,.657,.596,.517,.415
20,2,2022,.242,.29,.283,.259,.198
21,2,2022,.544,.595,.591,.555,.504
22,2,2022,.579,.694,.63,.577,.518
23,2,2022,.572,.688,.636,.564,.503
24,2,2022,.616,.874,.735,.593,.479
25,2,2022,.775,1.1,.911,.758,.599
26,2,2022,.552,.762,.646,.557,.436
27,2,2022,.262,.358,.306,.271,.206
28,2,2022,.815,.974,.895,.811,.731
1,3,2022,1.06,1.24,1.12,1.05,.991
2,3,2022,.794,1,.873,.785,.688
3,3,2022,.77,1.04,.88,.756,.633
4,3,2022,.854,1.17,.987,.844,.686
5,3,2022,.609,.821,.697,.615,.498
6,3,2022,.275,.371,.325,.277,.221
7,3,2022,.64,.784,.719,.637,.558
8,3,2022,.657,.795,.73,.654,.577
9,3,2022,.634,.792,.712,.627,.543
10,3,2022,.707,.879,.8,.696,.613
11,3,2022,.811,1.06,.935,.799,.675
12,3,2022,.507,.634,.589,.515,.425
13,3,2022,.261,.318,.298,.276,.222
14,3,2022,.642,.761,.721,.645,.563
15,3,2022,.765,.872,.832,.772,.697
16,3,2022,.695,.858,.777,.694,.605
17,3,2022,.675,.864,.77,.672,.568
18,3,2022,.813,1.04,.925,.811,.683
19,3,2022,.584,.745,.676,.594,.485
20,3,2022,.31,.387,.356,.324,.259
21,3,2022,.659,.765,.726,.664,.592
22,3,2022,.644,.735,.702,.652,.584
23,3,2022,.627,.744,.684,.636,.556
24,3,2022,.658,.811,.748,.657,.563
25,3,2022,.846,1.08,.959,.848,.714
26,3,2022,.604,.752,.694,.617,.511
27,3,2022,.29,.349,.327,.306,.251
28,3,2022,.442,.566,.536,.447,.347
29,3,2022,.439,.566,.516,.443,.354
30,3,2022,.436,.597,.518,.438,.333
31,3,2022,.548,.739,.638,.549,.436
1,4,2022,.973,1.28,1.11,.976,.809
2,4,2022,.517,.74,.626,.523,.392
3,4,2022,.223,.343,.286,.232,.151
4,4,2022,.742,.899,.83,.743,.652
5,4,2022,.764,.878,.828,.765,.7
6,4,2022,.686,.809,.752,.68,.622
7,4,2022,.705,.87,.784,.709,.612
8,4,2022,.872,1.1,.987,.877,.744
9,4,2022,.623,.761,.705,.628,.545
10,4,2022,.344,.398,.376,.357,.313
11,4,2022,.714,.787,.784,.719,.658
12,4,2022,.717,.818,.783,.715,.658
13,4,2022,.711,.828,.776,.704,.649
14,4,2022,.788,.965,.892,.784,.687
15,4,2022,1.05,1.26,1.17,1.07,.929
16,4,2022,.67,.817,.752,.684,.584
17,4,2022,-.0237,.0353,-.0103,-.0289,-.0445
18,4,2022,.755,.814,.809,.762,.712
19,4,2022,.742,.807,.789,.747,.7
20,4,2022,.704,.814,.775,.712,.632
21,4,2022,.721,.856,.804,.72,.641
22,4,2022,.846,1.06,.956,.847,.723
23,4,2022,.59,.747,.674,.6,.5
24,4,2022,.284,.356,.327,.294,.242
25,4,2022,.685,.776,.754,.695,.619
26,4,2022,.704,.784,.776,.718,.635
27,4,2022,.691,.81,.773,.707,.604
28,4,2022,.782,.946,.879,.786,.683
29,4,2022,.956,1.25,1.1,.956,.789
30,4,2022,.724,.903,.808,.731,.631
1,5,2022,.605,.651,.635,.624,.586
2,5,2022,.925,1.06,.976,.936,.862
3,5,2022,.892,1.04,.97,.887,.819
4,5,2022,.795,.953,.877,.799,.707
5,5,2022,.857,1.03,.967,.857,.751
6,5,2022,.953,1.18,1.08,.967,.816
7,5,2022,.72,.902,.826,.73,.614
8,5,2022,.321,.401,.372,.337,.27
9,5,2022,.704,.806,.782,.709,.634
10,5,2022,.752,.854,.816,.767,.681
11,5,2022,.722,.834,.804,.743,.636
12,5,2022,.755,.922,.843,.758,.657
13,5,2022,.918,1.16,1.04,.917,.78
14,5,2022,.624,.78,.717,.638,.528
15,5,2022,.378,.433,.419,.396,.342
16,5,2022,.753,.834,.837,.77,.684
17,5,2022,.735,.811,.796,.744,.683
18,5,2022,.733,.819,.797,.75,.666
19,5,2022,.762,.909,.854,.766,.67
20,5,2022,.911,1.12,1.03,.922,.781
21,5,2022,.596,.723,.676,.618,.513
22,5,2022,.341,.408,.385,.357,.299
23,5,2022,.709,.773,.771,.721,.659
24,5,2022,.73,.799,.786,.746,.676
25,5,2022,.743,.832,.812,.763,.674
26,5,2022,.798,.918,.882,.815,.714
27,5,2022,.983,1.19,1.1,.991,.858
28,5,2022,.654,.802,.735,.675,.567
29,5,2022,.289,.349,.325,.309,.249
30,5,2022,.308,.346,.336,.324,.279
31,5,2022,.865,.924,.915,.883,.821
1,6,2022,1.2,1.31,1.25,1.21,1.16
2,6,2022,.964,1.14,1.05,.973,.871
3,6,2022,1.05,1.33,1.19,1.04,.908
4,6,2022,.648,.818,.729,.665,.55
5,6,2022,.368,.447,.412,.388,.319
