year,month,day_endofmonth,freq,spend_all,spend_all_incmiddle,spend_all_q1,spend_all_q2,spend_all_q3,spend_all_q4,spend_aap,spend_aap_q1,spend_aap_q2,spend_aap_q3,spend_aap_q4,spend_acf,spend_acf_q1,spend_acf_q2,spend_acf_q3,spend_acf_q4,spend_aer,spend_aer_q1,spend_aer_q2,spend_aer_q3,spend_aer_q4,spend_apg,spend_apg_q1,spend_apg_q2,spend_apg_q3,spend_apg_q4,spend_durables,spend_durables_q1,spend_durables_q2,spend_durables_q3,spend_durables_q4,spend_gen,spend_gen_q1,spend_gen_q2,spend_gen_q3,spend_gen_q4,spend_grf,spend_grf_q1,spend_grf_q2,spend_grf_q3,spend_grf_q4,spend_hcs,spend_hcs_q1,spend_hcs_q2,spend_hcs_q3,spend_hcs_q4,spend_hic,spend_hic_q1,spend_hic_q2,spend_hic_q3,spend_hic_q4,spend_inpersonmisc,spend_inpersonmisc_q1,spend_inpersonmisc_q2,spend_inpersonmisc_q3,spend_inpersonmisc_q4,spend_nondurables,spend_nondurables_q1,spend_nondurables_q2,spend_nondurables_q3,spend_nondurables_q4,spend_remoteservices,spend_remoteservices_q1,spend_remoteservices_q2,spend_remoteservices_q3,spend_remoteservices_q4,spend_sgh,spend_sgh_q1,spend_sgh_q2,spend_sgh_q3,spend_sgh_q4,spend_tws,spend_tws_q1,spend_tws_q2,spend_tws_q3,spend_tws_q4,spend_inperson,spend_inperson_q1,spend_inperson_q2,spend_inperson_q3,spend_inperson_q4,spend_retail_no_grocery,spend_retail_no_grocery_q1,spend_retail_no_grocery_q2,spend_retail_no_grocery_q3,spend_retail_no_grocery_q4,spend_retail_w_grocery,spend_retail_w_grocery_q1,spend_retail_w_grocery_q2,spend_retail_w_grocery_q3,spend_retail_w_grocery_q4,spend_s_all,spend_s_all_incmiddle,spend_s_all_q1,spend_s_all_q2,spend_s_all_q3,spend_s_all_q4,spend_s_aap,spend_s_aap_q1,spend_s_aap_q2,spend_s_aap_q3,spend_s_aap_q4,spend_s_acf,spend_s_acf_q1,spend_s_acf_q2,spend_s_acf_q3,spend_s_acf_q4,spend_s_aer,spend_s_aer_q1,spend_s_aer_q2,spend_s_aer_q3,spend_s_aer_q4,spend_s_apg,spend_s_apg_q1,spend_s_apg_q2,spend_s_apg_q3,spend_s_apg_q4,spend_s_durables,spend_s_durables_q1,spend_s_durables_q2,spend_s_durables_q3,spend_s_durables_q4,spend_s_gen,spend_s_gen_q1,spend_s_gen_q2,spend_s_gen_q3,spend_s_gen_q4,spend_s_grf,spend_s_grf_q1,spend_s_grf_q2,spend_s_grf_q3,spend_s_grf_q4,spend_s_hcs,spend_s_hcs_q1,spend_s_hcs_q2,spend_s_hcs_q3,spend_s_hcs_q4,spend_s_hic,spend_s_hic_q1,spend_s_hic_q2,spend_s_hic_q3,spend_s_hic_q4,spend_s_inpersonmisc,spend_s_inpersonmisc_q1,spend_s_inpersonmisc_q2,spend_s_inpersonmisc_q3,spend_s_inpersonmisc_q4,spend_s_nondurables,spend_s_nondurables_q1,spend_s_nondurables_q2,spend_s_nondurables_q3,spend_s_nondurables_q4,spend_s_remoteservices,spend_s_remoteservices_q1,spend_s_remoteservices_q2,spend_s_remoteservices_q3,spend_s_remoteservices_q4,spend_s_sgh,spend_s_sgh_q1,spend_s_sgh_q2,spend_s_sgh_q3,spend_s_sgh_q4,spend_s_tws,spend_s_tws_q1,spend_s_tws_q2,spend_s_tws_q3,spend_s_tws_q4,spend_s_inperson,spend_s_inperson_q1,spend_s_inperson_q2,spend_s_inperson_q3,spend_s_inperson_q4,spend_s_retail_no_grocery,spend_s_retail_no_grocery_q1,spend_s_retail_no_grocery_q2,spend_s_retail_no_grocery_q3,spend_s_retail_no_grocery_q4,spend_s_retail_w_grocery,spend_s_retail_w_grocery_q1,spend_s_retail_w_grocery_q2,spend_s_retail_w_grocery_q3,spend_s_retail_w_grocery_q4,spend_19_all,spend_19_all_incmiddle,spend_19_all_q1,spend_19_all_q2,spend_19_all_q3,spend_19_all_q4,spend_19_aap,spend_19_acf,spend_19_aer,spend_19_apg,spend_19_durables,spend_19_gen,spend_19_grf,spend_19_hcs,spend_19_hic,spend_19_inpersonmisc,spend_19_nondurables,spend_19_remoteservices,spend_19_sgh,spend_19_tws,spend_19_inperson,spend_19_retail_no_grocery,spend_19_retail_w_grocery,provisional
2019,1,31,m,.,.,.,.,.,.,.,.,.,.,.,.,.,.,.,.,.,.,.,.,.,.,.,.,.,.,.,.,.,.,.,.,.,.,.,.,.,.,.,.,.,.,.,.,.,.,.,.,.,.,.,.,.,.,.,.,.,.,.,.,.,.,.,.,.,.,.,.,.,.,.,.,.,.,.,.,.,.,.,.,.,.,.,.,.,.,.,.,.,.,.,0,-4.80e-08,0,0,0,0,0,0,0,0,0,5.22e-08,0,-1.52e-08,-2.42e-08,0,0,0,0,0,0,0,0,-4.31e-08,-3.29e-08,4.67e-08,3.80e-08,4.28e-08,-1.01e-08,3.45e-08,0,0,0,0,0,0,0,0,0,0,0,1.87e-08,2.67e-08,-2.24e-08,-1.69e-08,4.84e-08,0,0,0,0,0,3.49e-08,0,-2.01e-08,0,2.34e-08,-3.15e-08,6.70e-09,3.82e-08,-3.31e-08,3.10e-08,4.69e-08,3.23e-08,-7.62e-09,-4.66e-08,-1.40e-08,0,0,0,0,0,0,0,0,0,0,2.81e-09,-1.31e-09,-4.76e-08,-2.58e-09,1.08e-08,0,0,1.04e-08,0,-1.20e-08,-4.00e-08,0,5.51e-09,-3.66e-08,-7.24e-09,0,-4.80e-08,0,0,0,0,0,5.22e-08,0,0,3.80e-08,0,0,1.87e-08,0,3.49e-08,-3.15e-08,4.69e-08,0,0,2.81e-09,0,-4.00e-08,0
2019,2,28,m,.,.,.,.,.,.,.,.,.,.,.,.,.,.,.,.,.,.,.,.,.,.,.,.,.,.,.,.,.,.,.,.,.,.,.,.,.,.,.,.,.,.,.,.,.,.,.,.,.,.,.,.,.,.,.,.,.,.,.,.,.,.,.,.,.,.,.,.,.,.,.,.,.,.,.,.,.,.,.,.,.,.,.,.,.,.,.,.,.,.,.,-.0786,-.0649,-.035,-.0503,-.0769,-.0929,-.0458,.032,.00115,-.0391,-.0752,-.029,.0191,.00347,-.0273,-.0448,-.0151,.051,.0241,-.00994,-.0289,-.0712,-.00348,-.0337,-.0682,-.0953,-.0636,-.0167,-.0372,-.0632,-.0794,-.0882,-.0243,-.054,-.0877,-.11,-.088,-.0545,-.0703,-.0901,-.0941,-.0906,-.052,-.0526,-.0851,-.118,-.0806,-.0267,-.0567,-.0862,-.0948,-.105,-.0516,-.0772,-.103,-.121,-.074,-.0327,-.0495,-.0754,-.0855,-.114,-.0685,-.0826,-.109,-.135,.0104,.0821,.046,.0181,-.0168,-.0614,-.0188,-.0328,-.0622,-.0655,-.0546,-.00628,-.0226,-.0528,-.0695,-.0635,.00141,-.027,-.0608,-.0865,-.0743,-.0261,-.0475,-.0736,-.0895,-.0786,-.0649,-.035,-.0503,-.0769,-.0929,-.0458,-.029,-.0151,-.0712,-.0636,-.0882,-.088,-.0906,-.0806,-.105,-.074,-.114,.0104,-.0614,-.0546,-.0635,-.0743,0
2019,3,31,m,.,.,.,.,.,.,.,.,.,.,.,.,.,.,.,.,.,.,.,.,.,.,.,.,.,.,.,.,.,.,.,.,.,.,.,.,.,.,.,.,.,.,.,.,.,.,.,.,.,.,.,.,.,.,.,.,.,.,.,.,.,.,.,.,.,.,.,.,.,.,.,.,.,.,.,.,.,.,.,.,.,.,.,.,.,.,.,.,.,.,.,-.0247,-.00856,.0321,.0113,-.0248,-.0491,.114,.229,.186,.134,.0649,.0846,.159,.129,.0877,.0533,.0708,.162,.14,.0734,.0373,.0348,.13,.0887,.0393,-.00515,.00611,.061,.0416,.00712,-.0217,-.0183,.0718,.0315,-.024,-.0571,-.069,-.0303,-.044,-.0739,-.0813,-.0864,-.0448,-.041,-.0869,-.118,.134,.19,.158,.14,.104,-.059,.0168,-.014,-.0641,-.0863,-.0135,.0395,.0196,-.0162,-.0355,-.093,-.0403,-.059,-.0883,-.117,.0403,.124,.104,.0515,-.0113,.0015,.0729,.0465,-.00593,-.0139,.0206,.0931,.0673,.0192,-.00766,.0291,.117,.0789,.0354,-.0118,-.0141,.0442,.0209,-.0125,-.0393,-.0247,-.00856,.0321,.0113,-.0248,-.0491,.114,.0846,.0708,.0348,.00611,-.0183,-.069,-.0864,.134,-.059,-.0135,-.093,.0403,.0015,.0206,.0291,-.0141,0
2019,4,30,m,.,.,.,.,.,.,.,.,.,.,.,.,.,.,.,.,.,.,.,.,.,.,.,.,.,.,.,.,.,.,.,.,.,.,.,.,.,.,.,.,.,.,.,.,.,.,.,.,.,.,.,.,.,.,.,.,.,.,.,.,.,.,.,.,.,.,.,.,.,.,.,.,.,.,.,.,.,.,.,.,.,.,.,.,.,.,.,.,.,.,.,.00243,.0178,.0389,.0331,.00533,-.0108,.14,.193,.192,.161,.118,.0452,.1,.0786,.0461,.0294,.05,.0964,.0961,.0596,.0308,.0664,.128,.109,.0726,.0456,.033,.0561,.0624,.0413,.019,.0174,.0895,.06,.0133,-.0078,-.0522,-.0169,-.0284,-.0521,-.0641,-.0438,-.0127,.00324,-.0356,-.0621,.379,.369,.384,.387,.395,-.00684,.0542,.0365,-.00846,-.0298,.0238,.0655,.055,.0239,.00853,-.0319,-.0107,-.00526,-.0232,-.0385,.0202,.0753,.0662,.0413,-.0205,-.018,.0428,.00768,-.0248,-.0257,.0133,.0674,.0507,.0141,-.00334,.0787,.132,.12,.0881,.053,.021,.059,.0501,.0267,.00661,.00243,.0178,.0389,.0331,.00533,-.0108,.14,.0452,.05,.0664,.033,.0174,-.0522,-.0438,.379,-.00684,.0238,-.0319,.0202,-.018,.0133,.0787,.021,0
2019,5,31,m,.,.,.,.,.,.,.,.,.,.,.,.,.,.,.,.,.,.,.,.,.,.,.,.,.,.,.,.,.,.,.,.,.,.,.,.,.,.,.,.,.,.,.,.,.,.,.,.,.,.,.,.,.,.,.,.,.,.,.,.,.,.,.,.,.,.,.,.,.,.,.,.,.,.,.,.,.,.,.,.,.,.,.,.,.,.,.,.,.,.,.,.0215,.0385,.0582,.0542,.0256,.00659,.168,.216,.193,.215,.164,.111,.17,.16,.11,.0861,.0369,.0958,.0835,.0514,.0132,.106,.152,.137,.127,.096,.0941,.0983,.114,.108,.0936,.0656,.114,.105,.0678,.0457,-.0231,.00402,.00438,-.0209,-.0349,-.0684,-.0537,-.0276,-.0613,-.0814,.55,.462,.54,.583,.604,.0417,.099,.0812,.0429,.0179,.0671,.098,.0972,.0712,.0566,-.0782,-.0461,-.0525,-.0695,-.0919,.0961,.123,.129,.129,.0692,-.0109,.0697,.0153,-.0264,-.0161,.0456,.105,.0902,.045,.0242,.145,.176,.175,.168,.131,.071,.0915,.0946,.0854,.0652,.0215,.0385,.0582,.0542,.0256,.00659,.168,.111,.0369,.106,.0941,.0656,-.0231,-.0684,.55,.0417,.0671,-.0782,.0961,-.0109,.0456,.145,.071,0
2019,6,30,m,.,.,.,.,.,.,.,.,.,.,.,.,.,.,.,.,.,.,.,.,.,.,.,.,.,.,.,.,.,.,.,.,.,.,.,.,.,.,.,.,.,.,.,.,.,.,.,.,.,.,.,.,.,.,.,.,.,.,.,.,.,.,.,.,.,.,.,.,.,.,.,.,.,.,.,.,.,.,.,.,.,.,.,.,.,.,.,.,.,.,.,.0123,.0284,.045,.0421,.0172,.0009,.143,.153,.163,.165,.151,.19,.246,.224,.191,.176,.0413,.148,.123,.0587,-.0096,.0826,.097,.108,.0937,.0857,.0613,.0653,.0836,.0714,.0614,.0424,.0642,.0754,.0457,.0371,-.0076,.014,.0199,-.00322,-.0184,-.118,-.0991,-.0756,-.11,-.13,.449,.398,.444,.473,.491,.0341,.089,.0652,.033,.0202,.0541,.0731,.0834,.0584,.0478,-.105,-.0716,-.0797,-.0961,-.118,.0869,.107,.105,.0976,.081,-.0123,.0596,.0082,-.0269,-.0129,.0713,.136,.111,.0709,.0525,.104,.12,.131,.118,.0983,.0548,.0679,.0783,.0647,.0521,.0123,.0284,.045,.0421,.0172,.0009,.143,.19,.0413,.0826,.0613,.0424,-.0076,-.118,.449,.0341,.0541,-.105,.0869,-.0123,.0713,.104,.0548,0
2019,7,31,m,.,.,.,.,.,.,.,.,.,.,.,.,.,.,.,.,.,.,.,.,.,.,.,.,.,.,.,.,.,.,.,.,.,.,.,.,.,.,.,.,.,.,.,.,.,.,.,.,.,.,.,.,.,.,.,.,.,.,.,.,.,.,.,.,.,.,.,.,.,.,.,.,.,.,.,.,.,.,.,.,.,.,.,.,.,.,.,.,.,.,.,.0154,.033,.0488,.0477,.021,.00102,.108,.171,.154,.177,.0711,.157,.203,.186,.159,.147,.102,.207,.187,.116,.0527,.0502,.1,.082,.079,.0307,.0467,.0544,.066,.0562,.0469,.0116,.0586,.0399,.0136,.000726,-.017,.000662,.0111,-.0138,-.0259,-.0865,-.0617,-.0582,-.0847,-.104,.339,.329,.332,.356,.367,.0772,.118,.103,.0827,.0639,.0454,.0708,.0778,.0548,.0309,-.0623,-.032,-.0268,-.0538,-.0815,.0294,.0368,.0505,.0461,.0225,-.0555,.00591,-.0331,-.0684,-.0546,.067,.123,.102,.0677,.0498,.0729,.108,.101,.0933,.0576,.0333,.0553,.0587,.0464,.0246,.0154,.033,.0488,.0477,.021,.00102,.108,.157,.102,.0502,.0467,.0116,-.017,-.0865,.339,.0772,.0454,-.0623,.0294,-.0555,.067,.0729,.0333,0
2019,8,31,m,.,.,.,.,.,.,.,.,.,.,.,.,.,.,.,.,.,.,.,.,.,.,.,.,.,.,.,.,.,.,.,.,.,.,.,.,.,.,.,.,.,.,.,.,.,.,.,.,.,.,.,.,.,.,.,.,.,.,.,.,.,.,.,.,.,.,.,.,.,.,.,.,.,.,.,.,.,.,.,.,.,.,.,.,.,.,.,.,.,.,.,.0178,.035,.0508,.0499,.0227,.00379,.18,.238,.251,.254,.131,.142,.171,.166,.146,.138,.0506,.104,.105,.0604,.0307,.0989,.139,.138,.128,.0776,.0563,.0569,.0795,.0626,.0582,.0446,.0805,.0711,.0442,.038,-.00883,.015,.0177,-.00685,-.0184,-.0935,-.0694,-.0508,-.0869,-.112,.261,.247,.276,.265,.275,.0551,.0812,.0781,.0556,.0532,.0597,.081,.0884,.0689,.0493,-.052,-.00782,-.0191,-.0458,-.0736,.103,.125,.16,.112,.0779,-.119,-.0585,-.0997,-.127,-.123,.0406,.0838,.073,.0424,.0283,.105,.133,.14,.123,.0889,.0549,.0751,.0824,.0662,.0464,.0178,.035,.0508,.0499,.0227,.00379,.18,.142,.0506,.0989,.0563,.0446,-.00883,-.0935,.261,.0551,.0597,-.052,.103,-.119,.0406,.105,.0549,0
2019,9,30,m,.,.,.,.,.,.,.,.,.,.,.,.,.,.,.,.,.,.,.,.,.,.,.,.,.,.,.,.,.,.,.,.,.,.,.,.,.,.,.,.,.,.,.,.,.,.,.,.,.,.,.,.,.,.,.,.,.,.,.,.,.,.,.,.,.,.,.,.,.,.,.,.,.,.,.,.,.,.,.,.,.,.,.,.,.,.,.,.,.,.,.,-.0474,-.0307,-.0192,-.0166,-.0423,-.0594,.0625,.0744,.108,.0798,.0518,.0565,.0917,.0892,.0633,.0409,-.0281,.0258,.0122,-.0151,-.0452,.014,.0289,.0452,.0231,.00948,.00348,.00519,.0261,.0115,.00261,-.0184,.00225,.00853,-.0149,-.0219,-.0614,-.0525,-.0403,-.0574,-.0611,-.142,-.13,-.109,-.144,-.149,.198,.177,.208,.218,.206,-.0511,-.017,-.0203,-.0489,-.064,-.0069,.00211,.0196,-.00254,-.00991,-.123,-.0765,-.0912,-.116,-.145,-.023,.0216,.0342,-.00724,-.0637,-.13,-.084,-.107,-.143,-.129,-.0297,.0115,.0047,-.028,-.0438,.031,.0468,.0607,.0426,.022,-.0097,-.00209,.013,-.00121,-.0109,-.0474,-.0307,-.0192,-.0166,-.0423,-.0594,.0625,.0565,-.0281,.014,.00348,-.0184,-.0614,-.142,.198,-.0511,-.0069,-.123,-.023,-.13,-.0297,.031,-.0097,0
2019,10,31,m,.,.,.,.,.,.,.,.,.,.,.,.,.,.,.,.,.,.,.,.,.,.,.,.,.,.,.,.,.,.,.,.,.,.,.,.,.,.,.,.,.,.,.,.,.,.,.,.,.,.,.,.,.,.,.,.,.,.,.,.,.,.,.,.,.,.,.,.,.,.,.,.,.,.,.,.,.,.,.,.,.,.,.,.,.,.,.,.,.,.,.,-.0101,.00748,.0225,.0238,-.00589,-.0239,.139,.173,.201,.171,.117,.0543,.0987,.0866,.0577,.0392,.0196,.0466,.0562,.0245,.0116,.0818,.109,.12,.0968,.0701,.0213,.0272,.0492,.0295,.0153,.0433,.0708,.0725,.0474,.0352,-.0424,-.0234,-.0157,-.0401,-.0496,-.0589,-.0449,-.024,-.0488,-.0709,.174,.15,.187,.191,.188,.0133,.0399,.0477,.0135,.00109,.0349,.05,.0638,.0395,.0302,-.0776,-.0283,-.0428,-.0728,-.102,-.00125,.0508,.0757,.0135,-.055,-.104,-.0522,-.084,-.111,-.103,.00113,.0429,.0349,.00312,-.0124,.061,.0831,.0959,.0741,.048,.0154,.0306,.0432,.0241,.00941,-.0101,.00748,.0225,.0238,-.00589,-.0239,.139,.0543,.0196,.0818,.0213,.0433,-.0424,-.0589,.174,.0133,.0349,-.0776,-.00125,-.104,.00113,.061,.0154,0
2019,11,30,m,.,.,.,.,.,.,.,.,.,.,.,.,.,.,.,.,.,.,.,.,.,.,.,.,.,.,.,.,.,.,.,.,.,.,.,.,.,.,.,.,.,.,.,.,.,.,.,.,.,.,.,.,.,.,.,.,.,.,.,.,.,.,.,.,.,.,.,.,.,.,.,.,.,.,.,.,.,.,.,.,.,.,.,.,.,.,.,.,.,.,.,.0181,.0287,.0315,.0319,.0261,-.0000438,.391,.445,.429,.463,.339,.0179,.0405,.0204,.0226,.00453,-.0233,.0238,-.000422,-.0128,-.0452,.347,.383,.375,.384,.305,.119,.0757,.114,.134,.129,.317,.347,.343,.331,.28,.0493,.0629,.061,.0506,.0301,-.145,-.16,-.128,-.137,-.153,.247,.199,.221,.259,.274,-.0517,-.047,-.0431,-.0489,-.0608,.137,.135,.139,.146,.131,-.0961,-.0692,-.0764,-.0881,-.126,.271,.307,.328,.292,.204,-.18,-.14,-.179,-.185,-.185,-.0547,-.03,-.0449,-.0513,-.0694,.29,.3,.303,.316,.266,.184,.183,.189,.2,.173,.0181,.0287,.0315,.0319,.0261,-.0000438,.391,.0179,-.0233,.347,.119,.317,.0493,-.145,.247,-.0517,.137,-.0961,.271,-.18,-.0547,.29,.184,0
2019,12,31,m,.,.,.,.,.,.,.,.,.,.,.,.,.,.,.,.,.,.,.,.,.,.,.,.,.,.,.,.,.,.,.,.,.,.,.,.,.,.,.,.,.,.,.,.,.,.,.,.,.,.,.,.,.,.,.,.,.,.,.,.,.,.,.,.,.,.,.,.,.,.,.,.,.,.,.,.,.,.,.,.,.,.,.,.,.,.,.,.,.,.,.,.0706,.0772,.0734,.0719,.0815,.102,.646,.704,.684,.677,.661,.00559,.0136,-.00204,.0137,.0381,-.0125,.0465,.00738,.00784,-.00447,.613,.665,.631,.634,.633,.111,.0671,.094,.122,.181,.59,.642,.601,.606,.612,.133,.136,.141,.141,.159,-.188,-.208,-.185,-.177,-.162,.05,.0283,.0447,.0646,.0879,-.0734,-.0821,-.0747,-.0721,-.0376,.242,.224,.225,.252,.302,-.0139,-.00906,-.00435,-.000754,.00301,.768,.784,.817,.771,.801,-.234,-.199,-.231,-.232,-.216,-.0781,-.0622,-.0762,-.0709,-.0549,.441,.459,.439,.454,.483,.305,.3,.298,.317,.354,.0706,.0772,.0734,.0719,.0815,.102,.646,.00559,-.0125,.613,.111,.59,.133,-.188,.05,-.0734,.242,-.0139,.768,-.234,-.0781,.441,.305,0
2020,1,31,m,0,9.34e-08,0,0,0,0,0,0,0,0,0,-5.22e-08,0,4.30e-08,6.86e-08,0,0,0,0,0,0,3.47e-08,-2.93e-08,8.48e-08,6.51e-08,-9.28e-08,-1.26e-09,-1.90e-09,4.51e-10,-4.29e-08,-2.13e-08,0,0,0,0,0,0,0,0,0,0,-4.52e-08,-3.52e-08,4.32e-08,8.75e-10,-2.49e-08,0,0,0,0,0,-2.99e-09,2.83e-08,5.65e-08,0,-1.79e-09,1.43e-08,-4.47e-08,-3.37e-08,4.10e-08,-2.10e-08,-1.83e-08,-2.26e-08,4.62e-08,2.30e-08,9.37e-09,0,0,0,0,0,0,0,0,0,0,1.95e-08,-2.89e-08,3.19e-08,1.67e-10,-1.08e-08,1.74e-08,1.50e-08,-4.06e-08,2.38e-08,6.05e-09,4.97e-08,7.62e-09,-2.14e-08,1.44e-08,3.22e-08,0,4.54e-08,0,0,0,0,0,0,0,0,0,0,0,2.78e-08,4.44e-08,0,0,0,0,0,0,3.47e-08,-2.93e-08,4.17e-08,3.22e-08,-4.61e-08,3.68e-08,4.09e-08,-9.64e-09,-8.37e-09,-2.13e-08,0,0,0,0,0,0,0,0,0,0,-2.65e-08,-8.43e-09,2.08e-08,-1.60e-08,2.35e-08,0,0,0,0,0,3.19e-08,2.83e-08,3.64e-08,0,2.16e-08,-1.72e-08,-3.80e-08,4.51e-09,7.92e-09,1.00e-08,2.86e-08,9.77e-09,3.85e-08,-2.35e-08,-4.60e-09,0,0,0,0,0,0,0,0,0,0,2.23e-08,-3.02e-08,-1.57e-08,-2.41e-09,0,1.74e-08,1.50e-08,-3.01e-08,2.38e-08,-5.93e-09,9.71e-09,7.62e-09,-1.58e-08,-2.22e-08,2.50e-08,.0503,.0584,.0739,.0676,.0508,.028,.0156,.0864,.0721,.0245,.0342,.0304,.0339,.0552,.0317,.0939,.0476,.0555,.0186,.0139,.0695,.0278,.0305,0
2020,2,29,m,.0362,.0308,.0178,.0282,.0328,.0382,.0397,.0413,.0285,.0776,.0372,.0222,.00859,.0179,.0203,.02,.0641,.0171,.0597,.0743,.0555,.0563,.0385,.0479,.0691,.0561,.0436,.0198,.0391,.0441,.0459,.068,.0373,.06,.0634,.0707,.0548,.037,.0491,.0535,.0569,.0358,.0142,.0194,.0262,.0445,.0815,.0304,.0718,.0942,.0939,.0195,.0091,.0111,.0126,.024,.0395,.0192,.0297,.0435,.0427,.0416,.03,.0299,.033,.0472,.0272,.0418,.0176,.00411,.0342,-.0274,-.0314,-.0403,-.0299,-.0301,.0201,.00553,.0123,.0173,.019,.0538,.0287,.0454,.0602,.0573,.0542,.0328,.0471,.0572,.0572,-.0453,-.0362,-.0178,-.0236,-.0466,-.0583,-.00788,.0746,.0296,.0355,-.0408,-.00739,.0279,.0215,-.00757,-.0257,.048,.069,.0852,.0636,.025,-.0189,.0349,.0126,-.00378,-.0445,-.0228,.00279,.000524,-.0219,-.0371,-.0262,.0121,.00277,-.0298,-.0473,-.0381,-.0195,-.0247,-.0414,-.0425,-.058,-.0386,-.0342,-.0611,-.0785,-.00566,.00294,.011,-.000133,-.00988,-.0874,-.043,-.067,-.0914,-.1,-.0374,-.0141,-.0213,-.0352,-.0464,-.0771,-.0406,-.0552,-.0792,-.0939,.0379,.127,.0644,.0223,.0169,-.0872,-.0496,-.0718,-.0902,-.0936,-.0357,-.000788,-.0105,-.0364,-.0519,-.0131,.0301,.0172,-.00428,-.0341,-.0242,.00579,-.00264,-.0206,-.0374,.00273,.0201,.0547,.0424,.00183,-.0319,.00756,.0784,.124,.0051,.0106,.00345,-.00542,-.00602,.0259,-.00171,.00843,-.0259,.0571,-.0744,.0314,.0143,.00561,0
2020,3,31,m,-.11,-.107,-.0999,-.104,-.11,-.13,-.389,-.356,-.382,-.396,-.41,-.383,-.359,-.372,-.384,-.409,-.399,-.403,-.401,-.392,-.408,-.161,-.134,-.143,-.162,-.198,-.0572,-.0525,-.0524,-.0591,-.0743,.0101,.0119,.0177,.018,-.0228,.309,.265,.278,.315,.338,-.197,-.182,-.195,-.198,-.2,.0703,.0371,.0654,.0726,.0792,-.236,-.195,-.221,-.231,-.274,.0218,.0131,.0174,.0239,.0127,-.0391,-.0517,-.0509,-.0464,-.0331,-.0899,-.0601,-.0801,-.0944,-.12,-.479,-.465,-.475,-.47,-.494,-.352,-.327,-.341,-.348,-.377,-.0995,-.0858,-.0846,-.101,-.127,.0711,.0744,.076,.0702,.0499,-.132,-.115,-.0709,-.0938,-.132,-.173,-.319,-.208,-.267,-.315,-.372,-.331,-.258,-.291,-.329,-.377,-.356,-.306,-.317,-.347,-.386,-.132,-.022,-.0666,-.129,-.202,-.0514,.00527,-.0129,-.0524,-.0944,-.00838,.0846,.0498,-.00638,-.0786,.219,.227,.222,.218,.229,-.267,-.219,-.228,-.267,-.295,.214,.234,.234,.222,.192,-.281,-.181,-.232,-.28,-.336,.00803,.0531,.0374,.00736,-.0232,-.128,-.0899,-.107,-.131,-.147,-.0533,.0565,.016,-.0478,-.13,-.478,-.425,-.451,-.473,-.501,-.339,-.265,-.297,-.336,-.382,-.0733,.0207,-.0124,-.0694,-.137,.0559,.122,.0984,.0568,.00858,-.0883,-.0629,-.00229,-.0325,-.0878,-.15,-.309,-.273,-.31,-.11,-.019,.0218,.26,-.226,.253,-.213,.056,-.0801,-.0357,-.471,-.293,-.0475,.0881,0
2020,4,30,m,-.238,-.226,-.173,-.209,-.24,-.297,-.544,-.475,-.524,-.556,-.576,-.62,-.554,-.59,-.619,-.673,-.695,-.665,-.68,-.686,-.714,-.308,-.221,-.263,-.316,-.376,-.0169,.0573,.0151,-.0225,-.0868,-.133,-.0611,-.0918,-.133,-.212,.172,.163,.151,.161,.187,-.517,-.469,-.497,-.516,-.546,.195,.253,.231,.187,.133,-.496,-.398,-.456,-.497,-.562,-.134,-.104,-.124,-.139,-.168,-.103,-.0437,-.0949,-.112,-.14,-.212,-.152,-.201,-.221,-.251,-.738,-.715,-.716,-.721,-.764,-.61,-.546,-.578,-.605,-.658,-.141,-.0582,-.091,-.144,-.215,-.0127,.0426,.0147,-.0206,-.0663,-.236,-.212,-.141,-.182,-.236,-.304,-.48,-.373,-.433,-.484,-.526,-.603,-.51,-.557,-.601,-.663,-.679,-.633,-.649,-.667,-.705,-.262,-.121,-.183,-.266,-.348,.0156,.117,.0785,.0178,-.0694,-.118,.0229,-.0374,-.122,-.218,.111,.143,.118,.1,.111,-.538,-.476,-.495,-.533,-.574,.648,.716,.704,.647,.581,-.5,-.365,-.436,-.502,-.575,-.114,-.0455,-.0753,-.119,-.161,-.131,-.054,-.0996,-.132,-.174,-.196,-.0882,-.148,-.189,-.267,-.743,-.703,-.714,-.728,-.77,-.605,-.515,-.557,-.6,-.66,-.0733,.0665,.0184,-.0686,-.173,.00807,.104,.0656,.00559,-.0601,-.198,-.166,-.077,-.127,-.197,-.285,-.472,-.568,-.656,-.244,.0504,-.0915,.148,-.512,.7,-.453,-.0717,-.0831,-.181,-.74,-.578,-.0476,.0388,0
2020,5,31,m,-.143,-.131,-.0793,-.117,-.143,-.201,-.328,-.163,-.269,-.358,-.417,-.473,-.384,-.439,-.471,-.543,-.574,-.52,-.536,-.566,-.611,-.142,-.0123,-.0815,-.158,-.24,.146,.193,.164,.143,.099,-.00795,.0826,.0363,-.0062,-.0968,.182,.168,.154,.175,.203,-.354,-.267,-.32,-.357,-.401,.392,.433,.391,.379,.373,-.373,-.262,-.325,-.375,-.45,-.0584,-.0209,-.0505,-.0625,-.0961,-.0283,.00638,-.0309,-.0342,-.0502,.0474,.167,.0841,.031,-.0291,-.684,-.666,-.66,-.662,-.713,-.481,-.394,-.441,-.475,-.545,.0648,.168,.119,.0565,-.0218,.112,.168,.134,.103,.0588,-.124,-.0977,-.0257,-.0693,-.121,-.196,-.215,.018,-.128,-.22,-.322,-.414,-.28,-.349,-.413,-.503,-.558,-.474,-.498,-.544,-.606,-.051,.138,.0446,-.0509,-.168,.254,.311,.296,.267,.202,.0572,.206,.145,.0612,-.0556,.155,.172,.159,.15,.161,-.398,-.306,-.339,-.397,-.45,1.16,1.1,1.14,1.18,1.2,-.347,-.189,-.27,-.348,-.44,.00482,.0751,.0418,.00432,-.0449,-.104,-.04,-.0817,-.101,-.138,.148,.311,.224,.164,.0381,-.687,-.643,-.655,-.671,-.717,-.457,-.33,-.39,-.452,-.534,.219,.375,.315,.234,.106,.191,.275,.241,.197,.128,-.0804,-.0451,.0462,-.00642,-.0767,-.173,-.203,-.364,-.526,-.0278,.297,.0893,.194,-.365,1.22,-.286,.0526,-.0545,.169,-.683,-.419,.253,.227,0
2020,6,30,m,-.0545,-.0468,-.00718,-.0386,-.054,-.1,-.126,.0792,-.0536,-.143,-.234,-.364,-.289,-.329,-.36,-.43,-.406,-.378,-.393,-.394,-.436,-.0182,.117,.0355,-.0231,-.115,.196,.218,.197,.197,.17,.06,.142,.0916,.0659,-.0184,.101,.0785,.0697,.0948,.129,-.0549,.00417,-.0487,-.0588,-.0933,.315,.329,.308,.303,.307,-.144,-.0511,-.108,-.143,-.212,-.00497,.0283,-.00667,-.00747,-.0327,.0765,.0954,.0642,.0689,.066,.3,.395,.331,.316,.215,-.582,-.562,-.553,-.564,-.612,-.326,-.255,-.291,-.318,-.386,.153,.244,.191,.152,.0796,.131,.167,.137,.128,.0977,-.0428,-.0198,.0375,.00183,-.0377,-.0997,-.000878,.244,.101,-.00146,-.118,-.243,-.113,-.178,-.238,-.329,-.381,-.286,-.318,-.358,-.442,.0629,.226,.147,.0683,-.0392,.269,.298,.297,.283,.242,.105,.215,.174,.115,.018,.0923,.0936,.091,.0913,.108,-.166,-.0953,-.121,-.162,-.211,.905,.858,.889,.919,.949,-.115,.0334,-.0502,-.114,-.196,.0489,.103,.0762,.0505,.0135,-.0364,.017,-.0206,-.0338,-.0602,.413,.545,.471,.445,.314,-.587,-.536,-.549,-.576,-.617,-.278,-.154,-.212,-.269,-.354,.273,.393,.347,.288,.186,.193,.246,.226,.201,.155,.00532,.0374,.114,.0695,.0111,-.0744,.0147,-.177,-.337,.0889,.312,.139,.129,-.12,.965,-.0318,.0988,.0171,.439,-.582,-.227,.308,.229,0
2020,7,31,m,-.0299,-.0276,.00865,-.0237,-.0311,-.0644,-.0842,.0268,-.0468,-.139,-.14,-.308,-.246,-.275,-.303,-.367,-.421,-.402,-.41,-.415,-.442,.0174,.0989,.0527,-.007,-.0468,.186,.198,.175,.181,.178,.0911,.146,.117,.095,.026,.119,.0899,.0857,.119,.15,-.0566,-.0181,-.0463,-.0507,-.0655,.253,.237,.251,.247,.25,-.149,-.0546,-.119,-.155,-.205,.02,.0371,.0108,.0146,.00566,.0842,.106,.0589,.0756,.0833,.345,.422,.33,.323,.321,-.618,-.579,-.598,-.604,-.646,-.302,-.236,-.27,-.296,-.355,.162,.212,.179,.147,.12,.144,.155,.137,.135,.131,-.0149,.00449,.0578,.0229,-.0108,-.0635,.0146,.202,.1,.0135,-.0787,-.2,-.0929,-.141,-.193,-.273,-.362,-.278,-.299,-.347,-.413,.0684,.209,.139,.0715,-.0176,.241,.263,.253,.248,.233,.104,.213,.162,.11,.0268,.1,.0906,.0977,.104,.12,-.138,-.0787,-.102,-.131,-.162,.677,.643,.666,.691,.708,-.0832,.0568,-.0284,-.0851,-.154,.0664,.111,.0894,.0702,.0367,.0167,.0708,.0305,.0178,-.00502,.385,.475,.398,.384,.35,-.639,-.576,-.611,-.631,-.666,-.256,-.142,-.196,-.248,-.323,.246,.343,.299,.254,.185,.182,.219,.204,.188,.159,.0346,.0631,.136,.092,.0394,-.0372,.0304,-.131,-.316,.0945,.284,.137,.138,-.0907,.73,.0029,.117,.0731,.411,-.634,-.204,.281,.218,0
2020,8,31,m,-.0329,-.0306,.00132,-.0285,-.0325,-.0651,-.121,-.015,-.0931,-.16,-.175,-.248,-.18,-.218,-.242,-.307,-.433,-.382,-.404,-.424,-.471,.00742,.0826,.0369,-.00886,-.0523,.153,.164,.132,.156,.149,.103,.148,.126,.112,.0457,.104,.067,.0703,.107,.137,-.0686,-.035,-.0734,-.0726,-.0722,.282,.272,.251,.303,.285,-.187,-.0757,-.152,-.193,-.256,.00976,.0215,-.000118,.00693,-.00232,.0583,.0665,.0379,.0526,.0573,.244,.286,.208,.236,.235,-.595,-.528,-.57,-.582,-.63,-.277,-.198,-.244,-.271,-.334,.138,.182,.143,.132,.103,.124,.129,.111,.122,.115,-.0157,.00334,.0522,.02,-.0105,-.0616,.0379,.219,.135,.0532,-.0675,-.142,-.0392,-.0883,-.132,-.212,-.404,-.318,-.341,-.389,-.454,.107,.233,.18,.118,.0212,.218,.23,.222,.228,.216,.153,.24,.206,.161,.0855,.0946,.083,.0892,.0996,.116,-.156,-.102,-.12,-.153,-.176,.616,.586,.596,.648,.639,-.143,-.000607,-.0857,-.148,-.216,.07,.104,.0883,.0763,.0469,.00326,.0582,.0181,.00444,-.0205,.373,.447,.401,.375,.331,-.644,-.556,-.613,-.635,-.675,-.247,-.13,-.189,-.24,-.315,.257,.339,.304,.271,.201,.185,.213,.202,.196,.167,.0338,.0619,.13,.0889,.0398,-.0353,.054,-.0673,-.361,.134,.259,.188,.132,-.109,.668,-.0621,.121,.059,.398,-.639,-.195,.292,.222,0
2020,9,30,m,.0222,.0244,.063,.0263,.0225,-.0128,.00602,.157,.0391,.00161,-.072,-.218,-.144,-.19,-.213,-.277,-.365,-.318,-.341,-.355,-.404,.0822,.185,.112,.0834,.0073,.198,.208,.179,.197,.197,.137,.203,.159,.143,.0699,.124,.114,.0983,.123,.138,.0387,.0837,.0371,.0447,.0247,.328,.323,.303,.321,.349,-.0764,.0339,-.0467,-.0823,-.144,.0572,.0839,.0467,.0592,.0378,.136,.148,.114,.128,.136,.37,.41,.334,.341,.377,-.539,-.468,-.516,-.514,-.585,-.219,-.136,-.189,-.21,-.279,.201,.258,.209,.198,.16,.168,.191,.159,.167,.152,-.0262,-.0071,.0426,.00927,-.0207,-.0714,.0689,.243,.151,.0815,-.0239,-.174,-.0651,-.117,-.163,-.248,-.383,-.301,-.333,-.364,-.431,.0973,.219,.162,.108,.0168,.202,.214,.21,.21,.201,.116,.205,.169,.126,.0464,.0547,.0556,.054,.0582,.0683,-.109,-.057,-.0755,-.105,-.128,.591,.557,.574,.61,.626,-.124,.0164,-.066,-.127,-.199,.0499,.0862,.0673,.0565,.0275,-.00308,.0597,.0124,-.00307,-.0293,.339,.44,.379,.331,.289,-.599,-.513,-.568,-.584,-.638,-.242,-.126,-.185,-.233,-.311,.238,.317,.283,.249,.186,.157,.189,.174,.165,.139,.0227,.0508,.12,.0775,.029,-.0453,.0855,-.102,-.338,.124,.243,.15,.0905,-.0601,.641,-.0414,.0998,.0523,.364,-.593,-.19,.272,.192,0
2020,10,31,m,-.000502,.0016,.0321,.00103,.00187,-.0324,-.00296,.108,.00511,.0113,-.0625,-.193,-.125,-.168,-.186,-.252,-.404,-.327,-.379,-.392,-.448,.0768,.145,.0917,.0882,.0174,.168,.171,.149,.167,.17,.135,.17,.148,.146,.0807,.134,.112,.102,.136,.155,-.037,-.0182,-.0386,-.0395,-.0386,.299,.296,.272,.303,.307,-.129,-.0261,-.104,-.128,-.19,.043,.057,.0292,.0494,.0284,.0901,.0922,.0652,.0872,.0927,.351,.377,.303,.316,.368,-.532,-.452,-.497,-.518,-.58,-.227,-.147,-.197,-.219,-.286,.184,.222,.184,.187,.152,.163,.171,.147,.166,.153,-.0106,.00909,.0553,.0248,-.00403,-.0556,.136,.299,.207,.184,.0473,-.149,-.0388,-.0961,-.139,-.223,-.393,-.296,-.344,-.378,-.442,.165,.27,.223,.194,.0887,.193,.203,.205,.202,.188,.184,.253,.232,.2,.119,.0856,.0858,.085,.0909,.098,-.0937,-.0623,-.0617,-.0863,-.107,.526,.491,.51,.551,.553,-.117,.0128,-.0612,-.116,-.189,.0795,.11,.0948,.0909,.0595,.00549,.0612,.0196,.00811,-.0191,.349,.447,.402,.334,.293,-.581,-.481,-.539,-.571,-.623,-.226,-.111,-.169,-.217,-.295,.256,.324,.297,.275,.207,.181,.207,.197,.194,.164,.0391,.068,.133,.0941,.0466,-.0291,.154,-.0759,-.349,.193,.234,.22,.122,-.0437,.574,-.034,.131,.0613,.374,-.575,-.172,.291,.217,0
2020,11,30,m,-.0313,-.0238,.0101,-.0128,-.033,-.0505,-.039,.0282,-.00662,-.0554,-.0665,-.269,-.19,-.229,-.269,-.319,-.442,-.392,-.411,-.436,-.472,.052,.112,.095,.0446,.0105,.121,.139,.122,.12,.132,.116,.163,.158,.118,.0694,.0742,.0613,.0643,.0755,.107,-.0257,.0133,-.0147,-.0316,-.017,.244,.243,.241,.247,.265,-.187,-.0694,-.146,-.194,-.239,.00956,.0275,.0165,.0102,.00801,.0759,.0918,.0685,.0704,.0901,.268,.299,.262,.257,.27,-.552,-.476,-.512,-.541,-.591,-.277,-.192,-.235,-.275,-.324,.136,.174,.161,.132,.118,.112,.125,.12,.11,.114,-.0138,.00427,.042,.0187,-.00772,-.0505,.336,.486,.42,.382,.25,-.256,-.157,-.213,-.253,-.316,-.455,-.378,-.411,-.444,-.495,.417,.538,.506,.446,.319,.254,.225,.249,.27,.278,.47,.567,.556,.488,.369,.127,.128,.129,.13,.14,-.167,-.149,-.141,-.164,-.168,.551,.491,.516,.57,.611,-.229,-.113,-.183,-.233,-.285,.148,.166,.158,.158,.14,-.0276,.0163,-.0131,-.0239,-.0471,.611,.699,.677,.623,.529,-.633,-.55,-.6,-.626,-.667,-.316,-.216,-.269,-.312,-.371,.466,.527,.512,.49,.416,.316,.331,.331,.332,.306,.0358,.0629,.119,.0875,.0427,-.0239,.357,-.192,-.416,.451,.297,.514,.165,-.121,.6,-.156,.202,.0264,.641,-.628,-.269,.507,.356,0
2020,12,31,m,-.0192,-.0127,.0347,.00524,-.0274,-.0744,-.0724,.0267,-.0384,-.0615,-.147,-.29,-.195,-.235,-.29,-.377,-.43,-.379,-.394,-.43,-.479,-.0157,.0453,.0243,-.00996,-.0919,.118,.153,.127,.107,.0802,.0232,.0566,.0627,.0259,-.0504,.0811,.0843,.0749,.0743,.0717,.0316,.0713,.0486,.0199,.00907,.244,.264,.234,.232,.23,-.122,.00846,-.0774,-.128,-.21,.00716,.041,.0223,.00614,-.0385,.105,.136,.101,.0894,.081,.158,.197,.145,.14,.118,-.539,-.458,-.499,-.526,-.594,-.265,-.172,-.215,-.264,-.342,.0666,.115,.0915,.0644,.00828,.0718,.102,.0842,.0679,.0293,.0501,.0635,.111,.0775,.0518,.02,.527,.75,.619,.573,.417,-.287,-.184,-.237,-.281,-.353,-.437,-.35,-.39,-.426,-.482,.587,.74,.671,.618,.483,.242,.23,.233,.241,.276,.627,.735,.701,.648,.531,.225,.232,.226,.226,.242,-.163,-.152,-.146,-.161,-.154,.306,.3,.289,.312,.338,-.186,-.0744,-.146,-.191,-.24,.251,.274,.252,.259,.252,.0892,.126,.0962,.0886,.0842,1.05,1.14,1.08,1.02,1.01,-.647,-.566,-.615,-.636,-.682,-.322,-.223,-.275,-.316,-.378,.537,.627,.571,.548,.495,.399,.433,.407,.407,.394,.103,.126,.193,.15,.105,.0486,.551,-.225,-.397,.626,.285,.677,.267,-.117,.348,-.11,.311,.15,1.08,-.642,-.275,.58,.442,0
2021,1,31,m,-.00357,.0193,.084,.042,.000299,-.0618,.0105,.146,.0754,.0154,-.0631,-.19,-.0606,-.123,-.178,-.281,-.407,-.3,-.343,-.396,-.465,.115,.225,.181,.124,.0366,.174,.2,.197,.177,.155,.183,.271,.243,.196,.109,.12,.128,.125,.121,.129,-.0522,.00379,-.0164,-.0476,-.0715,.301,.331,.314,.295,.292,-.128,.00542,-.0654,-.135,-.202,.0816,.125,.106,.0846,.0535,.0708,.152,.0975,.0702,.0286,.432,.484,.484,.433,.376,-.623,-.541,-.582,-.608,-.665,-.247,-.121,-.181,-.238,-.325,.206,.283,.26,.213,.148,.168,.207,.196,.172,.141,-.00357,.0193,.084,.042,.000299,-.0618,.0105,.146,.0754,.0154,-.0631,-.19,-.0606,-.123,-.178,-.281,-.407,-.3,-.343,-.396,-.465,.115,.225,.181,.124,.0366,.174,.2,.197,.177,.155,.183,.271,.243,.196,.109,.12,.128,.125,.121,.129,-.0522,.00379,-.0164,-.0476,-.0715,.301,.331,.314,.295,.292,-.128,.00542,-.0654,-.135,-.202,.0816,.125,.106,.0846,.0535,.0708,.152,.0975,.0702,.0286,.432,.484,.484,.433,.376,-.623,-.541,-.582,-.608,-.665,-.247,-.121,-.181,-.238,-.325,.206,.283,.26,.213,.148,.168,.207,.196,.172,.141,.0465,.0787,.164,.112,.0511,-.0355,.0262,-.119,-.364,.142,.214,.219,.158,.000027,.342,-.0458,.133,.13,.459,-.618,-.195,.239,.203,0
2021,2,28,m,.0276,.0351,.0705,.0421,.029,-.0167,-.00372,.0464,.00841,.0472,-.0551,-.162,-.0939,-.13,-.156,-.227,-.346,-.297,-.307,-.339,-.393,.113,.145,.133,.139,.059,.166,.138,.155,.17,.165,.194,.206,.21,.203,.145,.127,.1,.111,.133,.142,.0144,.0249,.0214,.0141,.0208,.325,.278,.3,.325,.344,-.0465,.0358,-.0162,-.0561,-.11,.0928,.0942,.0899,.103,.0741,.136,.178,.13,.126,.11,.297,.254,.273,.279,.303,-.565,-.512,-.542,-.546,-.605,-.199,-.126,-.163,-.193,-.261,.19,.186,.192,.204,.164,.163,.146,.155,.173,.155,-.0532,-.0321,.0331,-.0104,-.0501,-.108,-.0493,.0799,.00957,.00626,-.126,-.186,-.0765,-.127,-.179,-.262,-.356,-.261,-.29,-.345,-.411,.0339,.141,.0949,.0613,-.0419,.0918,.119,.112,.0956,.0726,.0886,.176,.144,.0979,.0193,.028,.0405,.0331,.0309,.0345,-.0775,-.0284,-.0324,-.0722,-.0994,.218,.244,.227,.21,.217,-.146,-.0177,-.0921,-.153,-.217,.012,.0584,.036,.0196,-.0178,.00625,.0976,.0364,.00357,-.0399,.311,.356,.332,.302,.281,-.591,-.521,-.557,-.574,-.631,-.243,-.132,-.182,-.235,-.312,.115,.188,.16,.13,.063,.0764,.116,.0998,.0868,.0516,-.00558,.0244,.109,.0565,-.00188,-.0831,-.0345,-.116,-.309,.0592,.129,.122,.0629,-.0266,.256,-.0663,.0601,.0621,.335,-.586,-.19,.146,.109,0
2021,3,31,m,.133,.148,.195,.163,.135,.0641,.117,.24,.161,.13,.0239,-.0894,-.0207,-.0518,-.0871,-.161,-.243,-.155,-.198,-.228,-.311,.217,.294,.262,.234,.123,.293,.29,.312,.294,.256,.293,.33,.33,.315,.205,.164,.165,.157,.171,.153,.196,.215,.192,.194,.187,.445,.407,.465,.434,.44,.0976,.19,.122,.095,.0175,.166,.19,.174,.174,.123,.276,.352,.296,.265,.206,.484,.504,.499,.46,.436,-.429,-.381,-.404,-.409,-.473,-.09,-.0135,-.0535,-.0829,-.161,.32,.36,.359,.325,.25,.255,.271,.27,.261,.213,.126,.159,.247,.197,.128,.0387,.269,.541,.401,.305,.119,.00711,.148,.0892,.0118,-.0931,-.173,-.00721,-.0699,-.156,-.267,.285,.478,.398,.307,.147,.327,.384,.39,.328,.262,.295,.442,.396,.308,.167,.105,.142,.126,.105,.0875,.114,.174,.163,.111,.0745,.671,.693,.726,.665,.632,.0533,.224,.125,.0442,-.0456,.173,.251,.218,.176,.112,.18,.312,.241,.175,.093,.575,.709,.685,.564,.457,-.416,-.328,-.366,-.401,-.466,-.0529,.0906,.0278,-.0476,-.146,.386,.536,.492,.398,.269,.262,.343,.319,.269,.196,.183,.227,.339,.277,.185,.0678,.289,.0941,-.114,.316,.372,.334,.143,.175,.724,.152,.229,.246,.604,-.408,.0129,.424,.3,0
2021,4,30,m,.109,.124,.176,.142,.109,.0424,.136,.265,.181,.14,.0516,-.00273,.0744,.0429,.0022,-.0814,-.166,-.0367,-.092,-.156,-.254,.209,.283,.25,.223,.123,.264,.272,.282,.261,.234,.263,.296,.295,.286,.183,.133,.125,.133,.137,.126,.102,.128,.113,.0889,.0782,.35,.332,.367,.353,.341,.0598,.148,.0921,.053,-.0151,.138,.16,.149,.145,.0979,.16,.245,.182,.148,.0954,.478,.495,.521,.434,.438,-.371,-.324,-.349,-.354,-.413,-.0493,.0354,-.00388,-.0451,-.125,.296,.339,.331,.301,.234,.229,.242,.244,.234,.194,.107,.138,.207,.172,.109,.0337,.29,.491,.399,.318,.178,.0384,.168,.117,.0431,-.0521,-.127,.0437,-.0112,-.11,-.229,.284,.43,.377,.305,.177,.301,.328,.353,.306,.26,.28,.395,.364,.297,.176,.0701,.0934,.0941,.0723,.0559,.0501,.101,.109,.0449,.0137,.855,.802,.88,.867,.875,.0485,.196,.125,.0389,-.0421,.16,.222,.204,.166,.11,.119,.217,.168,.116,.0558,.502,.589,.612,.486,.412,-.385,-.303,-.348,-.373,-.427,-.0403,.0922,.0398,-.0365,-.126,.392,.498,.482,.408,.303,.25,.3,.298,.261,.204,.163,.204,.296,.251,.166,.0626,.31,.128,-.0644,.315,.345,.319,.106,.108,.913,.147,.216,.181,.53,-.376,.0264,.431,.288,0
2021,5,31,m,.0893,.1,.128,.111,.0911,.0359,.13,.181,.161,.147,.0567,.00324,.0524,.0235,.00762,-.0551,-.0514,.0439,.0138,-.0346,-.144,.187,.22,.219,.203,.113,.171,.165,.184,.167,.143,.228,.245,.255,.245,.159,.116,.0969,.116,.121,.108,.0408,.0697,.051,.0318,.0261,.208,.205,.222,.207,.184,-.0194,.058,.0075,-.0324,-.0827,.106,.113,.115,.116,.068,.177,.221,.187,.168,.129,.333,.324,.35,.294,.305,-.307,-.271,-.285,-.291,-.355,-.0458,.0153,-.017,-.0421,-.108,.229,.244,.254,.231,.177,.183,.178,.194,.187,.152,.115,.141,.194,.168,.119,.0524,.322,.437,.381,.393,.241,.116,.232,.185,.119,.0358,-.0145,.145,.0957,.0149,-.124,.316,.406,.383,.355,.231,.283,.28,.316,.293,.262,.311,.389,.383,.33,.223,.0927,.102,.119,.0976,.0793,-.0285,.0129,.0195,-.0316,-.0487,.876,.763,.877,.911,.917,.0234,.164,.0866,.00896,-.0575,.183,.223,.22,.195,.139,.0874,.165,.122,.0869,.035,.464,.488,.521,.46,.409,-.313,-.22,-.276,-.31,-.359,-.000363,.123,.069,.000926,-.0779,.41,.464,.47,.438,.343,.27,.287,.303,.289,.238,.171,.208,.283,.247,.176,.0819,.342,.213,.0565,.348,.327,.351,.13,.0251,.935,.12,.239,.148,.491,-.303,.0691,.45,.309,0
2021,6,30,m,.113,.123,.16,.137,.112,.0574,.129,.199,.162,.112,.0681,-.00605,.0304,.023,-.00545,-.0587,.0825,.172,.129,.0847,-.0021,.19,.249,.225,.19,.115,.154,.168,.171,.147,.119,.234,.282,.266,.247,.153,.0802,.0725,.0845,.0871,.0643,.142,.174,.148,.12,.131,.145,.16,.169,.137,.11,.0764,.152,.107,.0677,.0056,.115,.138,.127,.118,.0717,.218,.264,.228,.207,.167,.33,.328,.357,.309,.287,-.197,-.152,-.172,-.182,-.252,.00681,.0576,.0368,.00678,-.0512,.214,.251,.24,.207,.16,.158,.168,.17,.158,.124,.0986,.123,.179,.151,.0995,.0373,.258,.345,.313,.26,.205,.154,.25,.217,.152,.0852,.0993,.31,.232,.117,-.0313,.256,.334,.319,.265,.186,.194,.211,.233,.195,.164,.255,.328,.322,.268,.172,.0455,.0585,.0746,.0536,.024,-.0175,.0292,.0315,-.0311,-.036,.618,.578,.641,.629,.622,.0856,.221,.146,.0724,.00549,.146,.188,.186,.151,.101,.0629,.142,.0985,.0606,.00881,.41,.431,.457,.397,.364,-.226,-.125,-.189,-.226,-.277,.0519,.169,.119,.0483,-.0212,.307,.364,.362,.312,.249,.191,.214,.226,.199,.159,.154,.188,.267,.229,.155,.0664,.278,.253,.178,.287,.235,.293,.081,.0367,.669,.188,.2,.122,.436,-.215,.125,.343,.227,0
2021,7,31,m,.0884,.103,.147,.121,.088,.0344,.133,.192,.173,.0732,.0902,.0619,.107,.104,.0614,.00822,.0158,.115,.0789,.0197,-.0681,.187,.236,.239,.169,.121,.129,.155,.156,.123,.0942,.228,.265,.281,.243,.145,.0811,.0892,.0975,.0912,.0607,.0548,.0909,.0891,.053,.04,.112,.133,.144,.104,.081,.0253,.108,.0644,.013,-.0368,.106,.137,.129,.106,.0647,.12,.194,.137,.112,.0676,.341,.355,.379,.325,.294,-.218,-.152,-.185,-.208,-.275,.0133,.0781,.0578,.0134,-.0462,.193,.232,.23,.178,.142,.146,.166,.17,.142,.111,.102,.127,.188,.156,.103,.0388,.252,.378,.332,.254,.172,.226,.315,.287,.222,.16,.117,.329,.26,.13,-.0157,.244,.342,.318,.253,.159,.179,.202,.212,.178,.149,.239,.322,.311,.251,.15,.0601,.0756,.0917,.0688,.0366,-.0389,.0101,.00907,-.0427,-.0648,.486,.486,.499,.486,.482,.102,.222,.155,.0893,.0281,.153,.202,.197,.158,.101,.0479,.14,.0883,.0453,-.0162,.377,.386,.426,.376,.327,-.264,-.158,-.225,-.267,-.313,.0785,.195,.146,.0746,.00461,.276,.347,.332,.279,.212,.181,.214,.218,.187,.142,.158,.193,.275,.234,.159,.0679,.271,.332,.197,.274,.219,.276,.0961,.0141,.533,.205,.208,.106,.403,-.253,.153,.312,.217,0
2021,8,31,m,.0813,.0893,.121,.1,.0796,.0295,.0966,.134,.119,.0569,.0553,.00858,.0398,.0352,.00982,-.0445,-.0694,.00193,-.00952,-.0561,-.157,.176,.204,.212,.165,.111,.102,.117,.113,.094,.0688,.235,.251,.275,.253,.155,.0754,.0586,.0764,.0832,.0628,.104,.125,.112,.0953,.0894,.128,.138,.136,.122,.104,-.00448,.0713,.0241,-.00851,-.0785,.0995,.113,.11,.1,.0599,.148,.181,.152,.138,.106,.274,.266,.257,.263,.243,-.266,-.208,-.246,-.258,-.318,-.0229,.0269,.00738,-.0208,-.0838,.174,.195,.193,.163,.127,.133,.132,.141,.13,.103,.093,.116,.172,.144,.0932,.0308,.285,.398,.387,.312,.19,.144,.212,.195,.145,.0849,-.029,.1,.0836,-.00898,-.133,.283,.364,.365,.302,.194,.156,.175,.189,.151,.128,.281,.345,.352,.295,.196,.0585,.0693,.0847,.0651,.0407,-.00592,.0422,.0448,-.00979,-.0354,.412,.412,.434,.405,.405,.0432,.153,.0933,.0363,-.0319,.157,.198,.197,.164,.109,.0811,.166,.119,.0749,.0218,.396,.418,.444,.391,.336,-.358,-.258,-.328,-.359,-.403,.00985,.107,.0704,.0106,-.0602,.288,.347,.347,.293,.225,.187,.211,.223,.193,.151,.148,.181,.259,.221,.149,.0597,.305,.243,.041,.314,.195,.32,.0945,.0489,.457,.141,.212,.141,.422,-.349,.08,.324,.223,0
2021,9,30,m,.137,.146,.181,.158,.135,.0819,.169,.219,.192,.159,.115,.0251,.0614,.0505,.0268,-.0298,.0314,.104,.0932,.0358,-.0559,.236,.286,.278,.24,.155,.165,.173,.178,.158,.133,.284,.328,.333,.299,.188,.105,.0927,.105,.111,.094,.169,.18,.183,.172,.14,.203,.197,.219,.185,.189,.0904,.168,.117,.0847,.0145,.148,.169,.159,.152,.104,.225,.265,.231,.209,.18,.386,.347,.376,.351,.377,-.239,-.174,-.22,-.225,-.296,.0193,.0711,.0493,.0236,-.0451,.241,.265,.265,.233,.189,.184,.185,.193,.182,.153,.076,.0997,.153,.127,.0766,.0151,.233,.303,.307,.239,.17,.0756,.153,.133,.081,.00737,-.00442,.127,.0958,.0101,-.101,.244,.317,.323,.256,.164,.161,.174,.197,.16,.133,.252,.325,.332,.267,.159,.0303,.0303,.0499,.0365,.0246,-.00415,.0214,.044,-.00592,-.0318,.431,.402,.458,.429,.43,.0275,.143,.0842,.0216,-.0527,.132,.166,.17,.137,.0904,.0675,.162,.108,.0581,.00616,.345,.369,.409,.328,.286,-.343,-.247,-.311,-.342,-.388,-.0177,.0782,.044,-.0149,-.0891,.271,.318,.329,.273,.212,.164,.177,.197,.169,.137,.13,.164,.238,.204,.131,.0436,.252,.169,.0673,.275,.201,.29,.0653,.0508,.477,.124,.186,.127,.37,-.333,.0506,.306,.2,0
2021,10,31,m,.119,.127,.155,.135,.12,.0662,.172,.201,.172,.147,.135,.0822,.111,.104,.0875,.0248,.0135,.164,.0783,.0224,-.0933,.269,.309,.312,.267,.189,.16,.154,.164,.155,.135,.34,.378,.404,.357,.232,.121,.095,.116,.128,.118,.0308,.0438,.0447,.0185,.0142,.236,.251,.251,.224,.202,-.0413,.038,-.02,-.0421,-.111,.157,.17,.166,.159,.114,.151,.177,.148,.146,.112,.392,.347,.356,.354,.4,-.19,-.15,-.185,-.187,-.235,.011,.0644,.0362,.013,-.0513,.268,.287,.289,.259,.215,.207,.198,.212,.205,.178,.1,.124,.175,.151,.102,.0381,.327,.402,.394,.33,.265,.133,.215,.188,.139,.0623,.0262,.213,.128,.0372,-.0851,.364,.444,.455,.376,.269,.176,.18,.209,.177,.15,.388,.469,.491,.407,.272,.0665,.0642,.0879,.0718,.0604,-.0365,-.00791,.00968,-.0407,-.0601,.442,.431,.47,.443,.425,-.0352,.0742,.0168,-.0387,-.112,.189,.223,.229,.193,.145,.0545,.138,.0882,.0517,-.00475,.38,.409,.444,.359,.32,-.279,-.198,-.261,-.285,-.316,.00514,.105,.0619,.00615,-.0653,.336,.387,.399,.339,.27,.217,.229,.252,.221,.186,.156,.19,.262,.229,.158,.0672,.347,.231,.1,.397,.216,.43,.103,.0166,.487,.0554,.245,.113,.406,-.269,.075,.373,.254,0
2021,11,30,m,.154,.163,.207,.177,.15,.108,.24,.262,.266,.186,.212,.0428,.0803,.0707,.0423,-.00316,.0555,.136,.116,.0596,-.027,.273,.323,.325,.253,.205,.164,.191,.181,.153,.137,.296,.361,.362,.302,.2,.071,.0643,.071,.0776,.0721,.167,.2,.175,.158,.151,.238,.254,.271,.237,.202,.0538,.156,.0844,.0497,-.0198,.154,.182,.171,.151,.12,.259,.306,.262,.251,.222,.396,.402,.386,.367,.384,-.0785,-.018,-.0532,-.076,-.133,.0478,.103,.0774,.0472,-.00609,.265,.305,.298,.246,.216,.188,.199,.202,.181,.165,.167,.184,.239,.203,.169,.105,.713,.814,.791,.719,.619,.0542,.119,.0819,.0554,-.0011,.0238,.157,.105,.0357,-.0733,.702,.821,.805,.717,.568,.293,.275,.303,.294,.28,.695,.825,.812,.717,.532,.116,.126,.125,.121,.102,-.00893,.00308,.0143,-.0105,-.0281,.533,.496,.536,.541,.527,-.00763,.096,.0276,-.0115,-.0817,.303,.335,.321,.306,.263,.13,.209,.155,.13,.0657,.762,.824,.823,.748,.663,-.25,-.16,-.231,-.255,-.295,-.0163,.0647,.019,-.0163,-.0773,.62,.688,.676,.623,.536,.397,.412,.415,.403,.363,.226,.253,.33,.284,.228,.136,.74,.145,.0976,.744,.337,.747,.154,.0457,.582,.0856,.365,.193,.795,-.24,.0521,.665,.44,0
2021,12,31,m,.0839,.0911,.149,.112,.0741,.0154,.071,.128,.0983,.0525,.00711,.0218,.0782,.0582,.0135,-.0483,-.00571,.0722,.0423,-.0174,-.0905,.104,.154,.151,.1,.02,.0929,.136,.118,.0809,.0318,.127,.169,.183,.134,.0299,.0559,.0554,.0595,.0558,.0368,.132,.175,.152,.112,.0991,.194,.233,.213,.177,.14,.0557,.164,.0887,.052,-.0401,.0834,.122,.108,.0798,.0228,.139,.208,.147,.121,.0792,.188,.206,.173,.163,.143,-.183,-.0827,-.155,-.181,-.258,.0146,.0886,.0507,.00726,-.061,.111,.16,.145,.0999,.0392,.0895,.115,.109,.0828,.0378,.152,.164,.227,.18,.15,.116,.751,.913,.831,.747,.669,.0204,.0876,.0457,.0173,-.0145,-.0249,.117,.0397,-.0195,-.0968,.769,.911,.859,.781,.662,.206,.207,.211,.2,.216,.781,.91,.876,.803,.656,.189,.194,.197,.193,.198,-.0875,-.0736,-.0709,-.0938,-.0813,.245,.261,.255,.241,.238,-.0286,.0633,-.00243,-.0335,-.0784,.337,.367,.344,.338,.329,.116,.191,.131,.109,.0798,1.09,1.14,1.11,1.04,1.05,-.379,-.269,-.357,-.378,-.42,-.071,.016,-.0389,-.0733,-.115,.59,.683,.631,.584,.537,.413,.443,.425,.412,.402,.21,.232,.318,.26,.209,.147,.778,.109,.0454,.812,.247,.835,.229,-.0372,.285,.0627,.4,.178,1.12,-.37,-.00642,.634,.456,0
2022,1,31,m,.0734,.0912,.14,.107,.078,.0259,.162,.155,.186,.217,.132,.0337,.0877,.0678,.044,-.014,-.051,.0878,.0349,-.0383,-.142,.256,.301,.315,.286,.192,.123,.135,.135,.119,.112,.319,.385,.389,.332,.236,.0658,.0604,.0665,.0737,.078,.0122,.037,.0383,.00772,.00242,.229,.255,.231,.221,.222,-.0385,.0653,.00241,-.0404,-.107,.131,.156,.148,.142,.106,.0729,.151,.0963,.0717,.0237,.286,.24,.299,.263,.283,-.285,-.199,-.254,-.276,-.333,-.0395,.0391,.00289,-.0334,-.0962,.232,.265,.263,.242,.193,.158,.164,.17,.168,.147,.0734,.0912,.14,.107,.078,.0259,.162,.155,.186,.217,.132,.0337,.0877,.0678,.044,-.014,-.051,.0878,.0349,-.0383,-.142,.256,.301,.315,.286,.192,.123,.135,.135,.119,.112,.319,.385,.389,.332,.236,.0658,.0604,.0665,.0737,.078,.0122,.037,.0383,.00772,.00242,.229,.255,.231,.221,.222,-.0385,.0653,.00241,-.0404,-.107,.131,.156,.148,.142,.106,.0729,.151,.0963,.0717,.0237,.286,.24,.299,.263,.283,-.285,-.199,-.254,-.276,-.333,-.0395,.0391,.00289,-.0334,-.0962,.232,.265,.263,.242,.193,.158,.164,.17,.168,.147,.127,.155,.224,.182,.133,.0547,.18,.123,.0174,.287,.161,.359,.102,.068,.267,.0519,.184,.133,.309,-.275,.0272,.266,.194,0
2022,2,28,m,.165,.174,.198,.187,.162,.111,.194,.151,.197,.204,.169,.123,.131,.136,.128,.078,.0465,.105,.0991,.056,-.0418,.323,.322,.364,.331,.253,.184,.153,.187,.18,.167,.413,.426,.467,.42,.318,.113,.0876,.113,.119,.106,.128,.112,.132,.121,.128,.34,.296,.334,.344,.325,.109,.176,.137,.0969,.0369,.198,.196,.21,.202,.159,.177,.235,.189,.158,.119,.314,.221,.322,.28,.301,-.11,-.068,-.0892,-.107,-.164,.0779,.109,.1,.0787,.0228,.302,.279,.316,.302,.258,.219,.188,.222,.223,.198,.0734,.0974,.156,.127,.0727,.00729,.139,.188,.198,.157,.0808,.0903,.152,.14,.0968,.0297,.0306,.162,.126,.0455,-.0696,.229,.318,.318,.241,.134,.109,.133,.143,.105,.0741,.288,.392,.387,.296,.173,.0147,.0283,.0351,.0181,.00223,.0261,.0544,.0722,.0257,-.00443,.232,.262,.259,.228,.199,-.00701,.115,.0488,-.0158,-.0888,.109,.156,.15,.112,.0601,.0428,.15,.0905,.0326,-.0317,.328,.321,.382,.304,.279,-.164,-.0855,-.119,-.162,-.219,.019,.102,.0752,.0218,-.0483,.219,.28,.28,.223,.15,.129,.157,.164,.133,.0909,.127,.161,.241,.203,.127,.0355,.157,.185,.105,.259,.147,.327,.0492,.0826,.271,.0863,.162,.101,.352,-.153,.0898,.253,.163,0
2022,3,31,m,.192,.2,.23,.21,.19,.14,.102,.0676,.0856,.0737,.099,.0853,.0943,.0936,.0818,.05,.104,.193,.162,.111,.00691,.299,.298,.333,.293,.239,.196,.18,.198,.192,.175,.447,.45,.499,.463,.356,.099,.088,.0998,.107,.0865,.222,.227,.222,.219,.222,.294,.275,.294,.28,.29,.137,.19,.143,.127,.0767,.207,.215,.216,.21,.168,.243,.307,.253,.228,.179,.342,.268,.329,.319,.328,.00969,.0436,.0153,.0138,-.0412,.102,.129,.114,.1,.0558,.29,.28,.303,.279,.252,.21,.193,.212,.208,.189,.186,.211,.284,.245,.183,.113,.252,.326,.31,.24,.201,.2,.283,.256,.199,.135,.206,.401,.348,.215,.0723,.371,.482,.477,.369,.266,.227,.266,.27,.223,.18,.449,.572,.573,.455,.312,.0434,.0669,.0698,.0444,.0246,.139,.185,.192,.135,.106,.497,.534,.525,.486,.462,.0906,.223,.146,.0747,.00985,.215,.278,.261,.213,.157,.15,.269,.2,.141,.0679,.424,.441,.493,.413,.347,.0312,.132,.081,.0269,-.0294,.147,.248,.21,.143,.0756,.354,.445,.43,.349,.271,.217,.26,.259,.215,.173,.246,.282,.379,.33,.243,.144,.271,.304,.293,.404,.269,.493,.0788,.202,.544,.193,.272,.213,.451,.0456,.227,.392,.254,0
2022,4,30,m,.174,.182,.22,.196,.17,.119,.124,.115,.115,.104,.108,.164,.188,.175,.16,.119,.107,.241,.181,.11,.000422,.307,.32,.347,.304,.239,.181,.178,.187,.167,.16,.443,.449,.499,.456,.348,.135,.118,.139,.14,.124,.0992,.112,.0968,.0978,.0772,.19,.2,.198,.169,.174,.0571,.118,.065,.0437,-.000695,.203,.211,.214,.205,.163,.17,.228,.181,.159,.108,.361,.302,.364,.311,.352,.00285,.0549,.022,-.000129,-.0515,.108,.154,.125,.103,.0531,.28,.285,.299,.264,.238,.22,.209,.228,.213,.195,.173,.196,.252,.227,.171,.109,.277,.315,.321,.275,.241,.212,.291,.259,.207,.154,.158,.345,.286,.17,.0337,.389,.471,.484,.391,.299,.215,.229,.253,.209,.185,.463,.56,.579,.468,.34,.0717,.0857,.099,.0751,.0544,.0471,.0847,.0932,.0534,.0128,.634,.624,.648,.613,.641,.0459,.165,.0967,.0297,-.0281,.227,.275,.273,.228,.176,.129,.201,.167,.127,.0684,.383,.383,.445,.358,.327,-.019,.087,.0232,-.0298,-.0737,.119,.217,.174,.113,.0521,.376,.438,.446,.368,.307,.241,.265,.282,.239,.206,.232,.266,.345,.31,.23,.141,.297,.316,.242,.423,.257,.507,.108,.105,.686,.144,.286,.191,.409,-.00531,.196,.414,.279,0
2022,5,31,m,.16,.167,.192,.177,.157,.107,.0946,.0575,.0908,.0561,.0776,.119,.129,.117,.118,.0813,.101,.217,.176,.108,-.00921,.281,.283,.32,.269,.214,.122,.118,.136,.111,.0904,.417,.426,.463,.43,.326,.12,.103,.118,.125,.109,.118,.131,.124,.108,.0998,.165,.189,.18,.143,.135,.0526,.114,.0687,.042,-.0115,.189,.197,.2,.19,.146,.174,.212,.184,.162,.119,.266,.218,.27,.215,.248,.0361,.0704,.0407,.0375,-.0156,.0949,.128,.105,.0927,.0445,.23,.233,.253,.21,.183,.185,.174,.194,.176,.156,.187,.21,.262,.238,.186,.125,.28,.287,.298,.283,.266,.245,.322,.292,.242,.185,.144,.334,.271,.165,.0133,.421,.479,.497,.43,.343,.23,.229,.263,.231,.204,.513,.59,.612,.527,.4,.0962,.108,.12,.101,.0799,.0435,.0713,.0905,.0399,.0196,.809,.739,.812,.809,.837,.0986,.225,.153,.0865,.0156,.272,.315,.313,.275,.222,.0842,.157,.119,.0811,.0258,.39,.368,.43,.372,.347,.0268,.146,.0539,.01,-.0224,.147,.247,.202,.142,.0798,.411,.451,.469,.413,.35,.272,.283,.304,.276,.243,.247,.281,.355,.322,.247,.157,.3,.352,.226,.455,.272,.559,.133,.101,.866,.202,.332,.144,.416,.0411,.227,.45,.311,0
2022,6,30,m,.209,.218,.249,.23,.207,.151,.0905,.0772,.0839,.0749,.0677,.0822,.0886,.0915,.0809,.0428,.167,.24,.201,.17,.0807,.298,.333,.345,.294,.216,.15,.155,.165,.14,.113,.448,.492,.51,.456,.337,.134,.128,.133,.14,.117,.196,.199,.197,.187,.177,.169,.204,.19,.147,.126,.157,.219,.176,.144,.0846,.241,.267,.256,.245,.186,.267,.309,.272,.255,.21,.336,.283,.347,.314,.3,.0668,.121,.0844,.0696,.000571,.115,.14,.128,.113,.0639,.253,.278,.282,.24,.195,.203,.208,.215,.199,.165,.194,.217,.271,.246,.194,.129,.216,.209,.225,.218,.205,.256,.321,.298,.252,.202,.186,.385,.31,.204,.0491,.37,.423,.448,.376,.294,.19,.198,.226,.187,.158,.472,.545,.577,.481,.359,.0973,.113,.123,.105,.0742,.0292,.0515,.0752,.027,.00343,.651,.638,.67,.642,.646,.167,.292,.217,.149,.0845,.276,.324,.322,.281,.218,.106,.183,.137,.103,.046,.416,.383,.446,.402,.377,.0276,.156,.0623,.012,-.0319,.165,.261,.217,.159,.0974,.349,.393,.408,.347,.286,.238,.256,.273,.241,.202,.254,.288,.365,.33,.254,.16,.235,.365,.271,.404,.231,.517,.135,.0859,.704,.277,.337,.167,.442,.0419,.246,.387,.276,0
2022,7,31,m,.166,.178,.218,.194,.165,.111,.154,.0827,.0933,.664,.0743,.102,.132,.128,.1,.0579,.0806,.167,.141,.0844,-.0119,.321,.322,.356,.546,.217,.119,.133,.141,.109,.0884,.441,.474,.526,.456,.329,.141,.147,.148,.148,.127,.0447,.0451,.0699,.0463,.0359,.142,.165,.173,.127,.107,.0291,.117,.0592,.00692,-.0322,.215,.24,.23,.277,.162,.195,.249,.2,.19,.146,.346,.31,.363,.317,.313,-.0193,.0609,.00252,-.0103,-.0879,.0659,.116,.0953,.0628,.0124,.248,.262,.272,.348,.181,.203,.209,.215,.265,.161,.181,.204,.26,.231,.181,.116,.275,.251,.241,.945,.154,.272,.344,.315,.266,.217,.188,.391,.333,.202,.0436,.383,.435,.443,.657,.259,.169,.179,.196,.163,.143,.454,.54,.561,.466,.334,.119,.132,.142,.125,.101,-.0481,-.0323,-.00866,-.0488,-.0684,.526,.527,.537,.518,.517,.106,.232,.15,.0827,.033,.268,.311,.305,.338,.201,.118,.193,.149,.118,.0563,.382,.341,.408,.368,.347,-.076,.053,-.0464,-.0843,-.135,.134,.237,.187,.127,.0663,.336,.38,.378,.463,.254,.24,.258,.266,.315,.193,.24,.274,.353,.314,.241,.147,.295,.382,.273,.417,.209,.499,.157,.00442,.574,.21,.328,.18,.408,-.0631,.213,.373,.278,0
2022,8,31,m,.174,.178,.21,.188,.17,.12,.0667,.0595,.0631,.0185,.0478,.0478,.0712,.066,.045,-.000468,.129,.206,.178,.138,.03,.268,.293,.312,.249,.192,.114,.133,.125,.101,.0752,.418,.447,.482,.434,.306,.104,.0872,.0992,.111,.0946,.199,.195,.201,.178,.18,.155,.183,.167,.138,.12,.115,.206,.132,.101,.0375,.17,.184,.179,.167,.127,.245,.275,.243,.236,.196,.279,.234,.263,.253,.253,.0558,.125,.0834,.0633,-.0229,.0896,.128,.109,.0857,.0307,.213,.237,.235,.193,.157,.168,.168,.175,.159,.134,.186,.208,.265,.235,.185,.122,.25,.305,.317,.264,.182,.188,.248,.231,.185,.135,.178,.325,.288,.195,.0591,.384,.465,.478,.395,.281,.168,.191,.202,.159,.135,.471,.556,.572,.482,.353,.0871,.0982,.108,.0921,.0719,.0797,.107,.129,.0652,.0449,.446,.468,.474,.426,.426,.169,.298,.208,.151,.0899,.231,.274,.271,.236,.179,.172,.259,.207,.168,.105,.401,.382,.45,.38,.347,-.0764,.0545,-.0341,-.081,-.145,.126,.217,.178,.121,.0572,.331,.395,.395,.327,.257,.223,.249,.259,.224,.183,.246,.278,.359,.319,.245,.153,.27,.291,.263,.417,.208,.516,.124,.139,.492,.278,.29,.237,.427,-.0635,.204,.368,.261,0
2022,9,30,m,.208,.214,.252,.226,.204,.149,.133,.13,.13,.126,.103,.0931,.128,.111,.0878,.0431,.178,.288,.243,.175,.0719,.326,.37,.376,.327,.237,.15,.165,.164,.135,.113,.464,.518,.532,.474,.343,.153,.151,.155,.156,.133,.183,.183,.184,.182,.155,.206,.237,.228,.177,.17,.169,.259,.189,.153,.0904,.215,.24,.228,.218,.164,.277,.311,.276,.268,.226,.329,.259,.317,.286,.322,.0723,.147,.0932,.0858,-.00761,.124,.173,.143,.121,.0614,.26,.29,.288,.245,.2,.215,.226,.228,.208,.175,.143,.166,.222,.194,.142,.0784,.196,.209,.24,.204,.157,.147,.225,.198,.145,.083,.137,.314,.246,.146,.0208,.335,.403,.424,.345,.246,.146,.165,.183,.137,.113,.427,.514,.53,.438,.31,.0752,.0851,.0975,.0788,.0613,.00785,.0247,.0449,.00223,-.0193,.435,.449,.469,.419,.407,.102,.232,.153,.0858,.0181,.199,.237,.24,.202,.15,.113,.205,.149,.109,.045,.289,.28,.349,.264,.235,-.0739,.046,-.0334,-.0786,-.137,.0831,.181,.138,.0786,.0124,.29,.344,.353,.285,.224,.195,.217,.232,.195,.159,.2,.234,.313,.275,.2,.109,.214,.246,.219,.368,.185,.471,.112,.0634,.48,.205,.256,.175,.313,-.061,.158,.326,.232,0
2022,10,31,m,.167,.173,.208,.185,.163,.11,.102,.0837,.0932,.0806,.0846,.116,.145,.138,.111,.0618,.122,.263,.194,.133,.00474,.299,.325,.342,.292,.222,.127,.145,.135,.113,.0917,.441,.477,.504,.449,.331,.154,.135,.148,.16,.145,.0664,.0699,.0764,.0512,.0466,.214,.27,.23,.185,.164,.0438,.135,.0592,.0339,-.029,.195,.21,.204,.197,.15,.209,.241,.212,.201,.157,.29,.237,.242,.246,.301,.0402,.106,.0719,.0398,-.034,.0885,.14,.113,.0833,.0253,.247,.279,.268,.229,.19,.208,.212,.214,.2,.173,.147,.17,.229,.201,.145,.0808,.247,.265,.3,.252,.209,.169,.252,.225,.164,.101,.137,.315,.249,.149,.0139,.395,.461,.488,.403,.305,.143,.171,.179,.134,.106,.493,.574,.598,.503,.374,.0975,.103,.119,.102,.0856,-.00327,.0169,.0403,-.0099,-.0301,.416,.453,.445,.398,.38,.0504,.174,.0989,.0376,-.0303,.229,.264,.268,.232,.182,.107,.2,.149,.102,.0358,.279,.294,.323,.251,.227,-.0739,.0431,-.0277,-.0853,-.136,.0823,.183,.141,.076,.0101,.314,.378,.376,.307,.244,.218,.243,.254,.217,.181,.205,.239,.32,.282,.203,.111,.267,.27,.218,.429,.183,.538,.135,.0517,.461,.149,.287,.169,.303,-.061,.158,.35,.255,0
2022,11,30,m,.199,.208,.251,.223,.195,.156,.177,.137,.18,.141,.173,.0629,.105,.0927,.0551,.0222,.24,.327,.301,.24,.151,.299,.324,.351,.283,.24,.121,.159,.141,.11,.0875,.384,.439,.458,.387,.292,.115,.103,.114,.124,.12,.21,.223,.204,.191,.189,.169,.218,.203,.151,.125,.145,.254,.166,.138,.0731,.188,.206,.205,.188,.159,.345,.395,.355,.336,.302,.322,.313,.321,.292,.305,.12,.22,.171,.128,.0335,.123,.178,.15,.117,.07,.235,.274,.27,.217,.188,.188,.199,.204,.18,.164,.213,.23,.284,.25,.214,.153,.625,.636,.67,.652,.567,.0744,.144,.104,.0684,.0243,.203,.352,.288,.212,.0965,.737,.822,.84,.758,.615,.245,.24,.258,.246,.225,.811,.929,.939,.828,.649,.161,.166,.171,.169,.151,.0274,.0227,.0395,.018,.00444,.447,.454,.455,.434,.43,.078,.189,.105,.0713,.00535,.341,.362,.359,.348,.308,.207,.292,.239,.206,.135,.668,.708,.737,.652,.567,-.0887,.0436,-.0485,-.09,-.16,.0539,.137,.0873,.0493,-.0067,.583,.649,.639,.585,.5,.397,.412,.417,.402,.361,.274,.302,.379,.334,.276,.185,.65,.167,.29,.78,.288,.866,.201,.084,.493,.179,.405,.274,.699,-.0761,.127,.627,.439,0
2022,12,31,m,.166,.174,.228,.196,.156,.0922,.0413,.05,.0487,.0282,-.00415,.0912,.142,.123,.081,.022,.178,.228,.238,.167,.0817,.164,.199,.215,.158,.0769,.0947,.146,.119,.0773,.0283,.248,.287,.317,.248,.138,.148,.149,.156,.151,.118,.186,.192,.191,.15,.14,.179,.266,.197,.138,.117,.154,.279,.182,.142,.0515,.141,.175,.168,.139,.0748,.291,.361,.31,.278,.21,.178,.177,.155,.147,.14,.0904,.184,.13,.0907,-.00534,.125,.186,.155,.113,.0472,.129,.181,.163,.113,.0532,.136,.167,.16,.127,.0746,.239,.252,.311,.269,.237,.201,.702,.781,.748,.707,.65,.0897,.152,.11,.085,.0583,.156,.279,.235,.164,.0742,.864,.986,.963,.873,.754,.208,.217,.212,.196,.212,.971,1.1,1.09,.984,.83,.293,.299,.305,.301,.292,-.0444,-.0604,-.0391,-.0624,-.0473,.229,.296,.238,.2,.212,.0621,.169,.0826,.0493,.00946,.408,.432,.417,.411,.396,.265,.342,.292,.264,.211,1.07,1.09,1.08,1.01,1.05,-.171,-.0563,-.14,-.171,-.222,.03,.107,.0569,.0237,-.0127,.616,.714,.658,.602,.558,.473,.51,.491,.47,.452,.302,.325,.408,.355,.3,.234,.729,.184,.239,.91,.249,1.03,.337,.00834,.268,.162,.475,.335,1.11,-.159,.102,.661,.518,0
2023,1,31,m,.173,.194,.249,.222,.172,.113,.101,.0804,.118,.113,.0877,.122,.195,.173,.118,.0586,.178,.351,.295,.19,.0546,.305,.362,.389,.315,.224,.101,.132,.135,.0875,.0657,.44,.523,.546,.449,.323,.0983,.1,.116,.103,.0899,.129,.141,.169,.123,.108,.181,.256,.213,.143,.141,.0899,.215,.135,.0766,.00537,.166,.201,.2,.169,.124,.273,.371,.32,.268,.192,.242,.2,.262,.215,.224,.0746,.183,.125,.0797,-.0016,.115,.201,.169,.112,.0463,.223,.282,.279,.215,.162,.168,.193,.202,.166,.133,.173,.194,.249,.222,.172,.113,.101,.0804,.118,.113,.0877,.122,.195,.173,.118,.0586,.178,.351,.295,.19,.0546,.305,.362,.389,.315,.224,.101,.132,.135,.0875,.0657,.44,.523,.546,.449,.323,.0983,.1,.116,.103,.0899,.129,.141,.169,.123,.108,.181,.256,.213,.143,.141,.0899,.215,.135,.0766,.00537,.166,.201,.2,.169,.124,.273,.371,.32,.268,.192,.242,.2,.262,.215,.224,.0746,.183,.125,.0797,-.0016,.115,.201,.169,.112,.0463,.223,.282,.279,.215,.162,.168,.193,.202,.166,.133,.232,.264,.341,.304,.231,.144,.118,.219,.263,.337,.139,.484,.136,.192,.218,.192,.221,.343,.265,.0895,.193,.257,.204,0
2023,2,28,m,.224,.231,.263,.244,.22,.17,.105,.057,.0926,.097,.104,.14,.172,.167,.133,.0834,.224,.297,.293,.227,.121,.34,.347,.387,.34,.267,.14,.13,.146,.13,.111,.502,.524,.569,.51,.39,.15,.123,.151,.157,.14,.197,.177,.196,.182,.206,.253,.276,.26,.223,.212,.177,.255,.195,.161,.0988,.208,.207,.218,.212,.17,.351,.418,.364,.335,.276,.239,.167,.237,.209,.22,.113,.171,.13,.111,.0474,.158,.197,.181,.15,.1,.261,.268,.281,.249,.209,.213,.199,.221,.21,.182,.128,.151,.218,.181,.126,.0609,.0541,.0908,.0939,.0541,.021,.107,.194,.171,.102,.0348,.205,.363,.324,.215,.0884,.244,.343,.341,.249,.146,.0674,.111,.104,.0582,.0226,.369,.487,.484,.378,.237,.0486,.062,.07,.053,.0324,.0885,.116,.133,.0817,.0641,.152,.242,.189,.118,.0972,.0537,.19,.102,.0417,-.0344,.119,.168,.158,.12,.0696,.197,.32,.251,.19,.104,.252,.262,.294,.231,.2,.0449,.149,.0927,.0421,-.0212,.0946,.189,.154,.0897,.0238,.181,.27,.246,.173,.105,.122,.168,.163,.12,.0759,.185,.218,.308,.261,.183,.0906,.0705,.203,.292,.275,.104,.411,.0842,.149,.188,.153,.172,.263,.276,.0594,.171,.214,.157,0
2023,3,31,m,.231,.237,.266,.245,.23,.183,.0566,.00472,.0378,.036,.0646,.099,.123,.117,.0902,.0527,.241,.322,.286,.251,.145,.293,.289,.33,.29,.233,.131,.128,.135,.12,.103,.471,.477,.526,.487,.373,.154,.134,.151,.163,.143,.278,.249,.266,.272,.299,.161,.186,.178,.126,.13,.231,.308,.23,.221,.153,.194,.193,.197,.198,.16,.416,.47,.423,.404,.344,.269,.192,.236,.235,.276,.117,.166,.114,.12,.0604,.16,.191,.17,.155,.111,.227,.229,.243,.211,.187,.196,.186,.202,.191,.17,.225,.249,.322,.281,.222,.155,.201,.248,.253,.197,.164,.216,.317,.284,.208,.138,.355,.553,.492,.369,.219,.364,.473,.473,.367,.259,.16,.211,.203,.15,.108,.472,.601,.601,.479,.329,.0953,.112,.12,.0971,.0782,.191,.207,.235,.184,.176,.343,.427,.388,.308,.281,.181,.345,.234,.164,.0814,.201,.254,.242,.201,.149,.309,.427,.363,.304,.218,.346,.354,.389,.324,.295,.141,.266,.186,.134,.0734,.207,.317,.27,.2,.132,.288,.388,.364,.278,.204,.203,.252,.248,.198,.154,.286,.321,.419,.367,.284,.187,.219,.321,.453,.398,.2,.517,.132,.257,.385,.292,.258,.382,.371,.156,.291,.324,.239,0
2023,4,30,m,.194,.202,.238,.212,.192,.14,.0525,.0359,.0561,-.0022,.0628,.152,.188,.174,.146,.0957,.192,.298,.254,.193,.0926,.29,.303,.339,.275,.226,.121,.123,.126,.11,.0919,.467,.472,.524,.487,.361,.176,.155,.173,.184,.167,.125,.117,.112,.117,.119,.113,.145,.127,.094,.0751,.104,.204,.111,.0878,.0226,.182,.186,.188,.183,.148,.304,.362,.317,.293,.231,.275,.201,.254,.228,.283,.0559,.107,.0648,.0516,.00345,.13,.18,.147,.123,.0719,.22,.234,.241,.201,.175,.202,.198,.211,.194,.172,.193,.216,.271,.244,.193,.13,.195,.221,.251,.153,.191,.2,.291,.258,.193,.131,.247,.407,.366,.258,.129,.371,.452,.475,.361,.285,.153,.171,.188,.15,.115,.486,.585,.605,.499,.354,.111,.122,.132,.117,.0945,.0716,.0896,.109,.0717,.0522,.529,.55,.55,.51,.503,.0921,.254,.144,.0732,-.00541,.206,.248,.245,.205,.161,.257,.331,.301,.257,.186,.296,.276,.329,.272,.26,.0329,.141,.066,.0204,-.02,.141,.245,.197,.133,.071,.311,.381,.381,.3,.241,.223,.254,.263,.219,.182,.253,.287,.365,.328,.253,.162,.214,.304,.337,.404,.193,.532,.148,.131,.578,.195,.263,.327,.32,.0473,.22,.348,.26,0
2023,5,31,m,.209,.214,.244,.222,.206,.154,.0573,.0189,.0711,-.0223,.0641,.105,.13,.108,.102,.0578,.262,.367,.334,.268,.143,.286,.305,.339,.25,.217,.105,.107,.118,.0924,.0642,.451,.484,.507,.456,.343,.158,.14,.152,.163,.143,.239,.235,.224,.223,.233,.114,.152,.14,.0973,.0525,.186,.284,.203,.165,.0981,.169,.172,.174,.164,.131,.373,.419,.382,.359,.302,.237,.183,.224,.176,.233,.0968,.147,.107,.1,.0306,.15,.191,.159,.145,.0922,.203,.224,.234,.17,.149,.184,.186,.198,.167,.146,.238,.259,.317,.285,.237,.173,.237,.24,.275,.188,.25,.23,.323,.282,.223,.16,.311,.499,.441,.333,.169,.425,.504,.519,.408,.347,.211,.217,.243,.211,.175,.549,.655,.66,.555,.417,.133,.145,.154,.138,.114,.156,.169,.187,.148,.143,.73,.686,.752,.737,.704,.238,.412,.297,.215,.128,.25,.288,.285,.247,.206,.269,.355,.307,.264,.194,.358,.329,.379,.327,.331,.0869,.228,.121,.0711,.0235,.205,.317,.26,.196,.129,.38,.441,.447,.367,.311,.271,.296,.308,.267,.232,.3,.332,.415,.372,.3,.206,.256,.336,.406,.46,.252,.596,.172,.22,.785,.354,.309,.339,.383,.102,.289,.418,.31,0
2023,6,30,m,.239,.248,.281,.259,.238,.182,.057,.0514,.0735,.00302,.0558,.108,.13,.128,.105,.0583,.294,.354,.333,.296,.204,.307,.363,.368,.29,.224,.124,.14,.135,.112,.0845,.489,.557,.554,.502,.361,.171,.161,.17,.177,.156,.289,.291,.276,.276,.278,.0986,.16,.131,.075,.0303,.243,.342,.26,.227,.151,.2,.217,.21,.201,.157,.438,.481,.45,.426,.369,.292,.223,.278,.256,.285,.121,.175,.141,.128,.0504,.172,.208,.188,.169,.114,.226,.271,.257,.202,.167,.203,.22,.218,.191,.162,.224,.247,.303,.274,.224,.16,.178,.18,.213,.137,.191,.287,.371,.342,.279,.22,.314,.513,.455,.334,.169,.381,.455,.473,.372,.303,.163,.182,.194,.158,.128,.514,.613,.623,.527,.384,.134,.146,.159,.141,.112,.109,.132,.146,.104,.0892,.552,.579,.587,.539,.506,.254,.422,.304,.233,.151,.234,.271,.273,.236,.188,.256,.338,.296,.254,.183,.369,.318,.373,.34,.362,.0798,.212,.118,.0674,.0163,.225,.335,.283,.217,.149,.32,.386,.381,.306,.256,.237,.268,.276,.233,.199,.285,.32,.399,.36,.287,.192,.197,.398,.409,.414,.203,.56,.172,.171,.602,.371,.293,.325,.395,.0948,.31,.356,.275,0
2023,7,31,m,.195,.206,.252,.223,.191,.138,.0586,.0661,.0864,-.0356,.0677,.138,.172,.17,.131,.0856,.183,.271,.242,.188,.0837,.311,.37,.385,.27,.23,.082,.107,.106,.0693,.0394,.493,.564,.578,.506,.357,.163,.167,.165,.168,.148,.123,.126,.141,.118,.109,.0821,.136,.133,.0548,.0129,.0873,.208,.117,.0604,.00652,.177,.209,.192,.169,.135,.335,.392,.346,.324,.273,.283,.249,.288,.242,.261,.0614,.15,.0986,.054,-.0117,.123,.18,.156,.114,.0624,.207,.264,.253,.175,.144,.188,.219,.213,.172,.145,.211,.232,.295,.26,.208,.143,.17,.232,.233,.127,.147,.314,.391,.365,.302,.249,.3,.515,.451,.317,.145,.373,.488,.475,.361,.272,.13,.151,.16,.122,.0917,.507,.634,.615,.516,.362,.14,.153,.159,.144,.122,.0228,.0422,.0571,.0166,-.00229,.445,.489,.484,.42,.389,.168,.332,.212,.14,.0743,.227,.278,.264,.225,.174,.248,.33,.289,.244,.173,.317,.278,.331,.291,.294,.0000322,.142,.045,-.0248,-.0626,.196,.308,.253,.182,.119,.292,.382,.357,.275,.214,.225,.27,.263,.218,.177,.272,.304,.391,.346,.269,.175,.188,.427,.393,.407,.168,.552,.179,.0793,.491,.278,.285,.318,.342,.014,.279,.328,.262,0
2023,8,31,m,.228,.233,.272,.245,.223,.171,.0436,.041,.0565,-.044,.0536,.0834,.114,.11,.0776,.0282,.265,.338,.315,.272,.161,.294,.342,.358,.256,.215,.0795,.104,.0909,.0699,.0341,.481,.542,.563,.495,.344,.143,.128,.138,.147,.133,.28,.277,.271,.265,.272,.101,.15,.122,.0861,.0369,.213,.347,.233,.191,.112,.189,.213,.203,.18,.144,.4,.432,.401,.387,.343,.244,.197,.21,.215,.23,.141,.211,.163,.143,.0642,.157,.205,.178,.151,.0943,.194,.239,.226,.165,.132,.172,.188,.186,.157,.132,.241,.264,.33,.294,.238,.172,.223,.283,.309,.187,.189,.229,.298,.282,.222,.167,.319,.469,.439,.335,.194,.412,.521,.53,.403,.306,.132,.162,.166,.126,.0916,.536,.658,.658,.546,.391,.125,.139,.147,.128,.109,.152,.183,.195,.144,.126,.378,.427,.417,.36,.319,.271,.449,.316,.245,.169,.251,.305,.296,.249,.197,.318,.414,.361,.31,.241,.363,.34,.39,.339,.323,-.00158,.134,.0366,-.0119,-.0687,.196,.299,.252,.188,.122,.31,.397,.384,.295,.23,.228,.271,.272,.222,.182,.303,.337,.428,.382,.301,.205,.242,.335,.415,.447,.171,.583,.163,.216,.422,.39,.311,.391,.388,.0123,.279,.346,.266,0
2023,9,30,m,.269,.274,.315,.282,.266,.209,.104,.0919,.106,.0493,.112,.136,.175,.157,.132,.0773,.339,.423,.395,.342,.226,.357,.415,.417,.336,.272,.119,.136,.127,.108,.0775,.538,.614,.615,.545,.398,.197,.193,.19,.198,.18,.253,.253,.235,.25,.241,.138,.195,.165,.105,.0769,.233,.359,.245,.21,.136,.242,.27,.25,.239,.194,.425,.452,.425,.414,.364,.319,.233,.27,.283,.329,.135,.211,.146,.146,.0535,.187,.241,.202,.184,.121,.245,.29,.273,.22,.185,.225,.245,.236,.21,.183,.201,.222,.283,.248,.201,.135,.165,.167,.214,.122,.166,.192,.276,.248,.192,.119,.292,.452,.399,.309,.168,.367,.449,.466,.353,.281,.115,.136,.145,.11,.0777,.5,.61,.613,.507,.364,.115,.125,.131,.118,.105,.0668,.0851,.0898,.0596,.0536,.354,.4,.394,.333,.295,.162,.329,.208,.14,.061,.225,.266,.262,.224,.179,.241,.334,.283,.238,.163,.28,.254,.301,.261,.241,-.0201,.104,.013,-.0278,-.0842,.144,.249,.196,.139,.0692,.275,.344,.338,.259,.208,.205,.236,.239,.197,.167,.261,.294,.378,.333,.262,.167,.183,.296,.385,.4,.153,.545,.153,.126,.397,.271,.283,.31,.304,-.00645,.224,.311,.241,0
2023,10,31,m,.226,.231,.267,.238,.224,.167,.0423,.0342,.0427,-.0154,.0437,.128,.155,.15,.124,.069,.263,.429,.343,.276,.123,.304,.355,.364,.28,.216,.0819,.102,.0881,.0714,.0373,.492,.558,.573,.5,.352,.175,.162,.165,.179,.161,.189,.189,.174,.172,.175,.131,.203,.152,.106,.054,.126,.261,.142,.105,.0282,.196,.217,.203,.193,.147,.378,.396,.374,.369,.324,.292,.227,.242,.261,.291,.0819,.159,.114,.0775,.000734,.144,.201,.165,.137,.0733,.214,.265,.244,.189,.146,.198,.217,.208,.185,.151,.206,.228,.29,.255,.205,.136,.18,.207,.24,.141,.163,.181,.263,.237,.177,.108,.278,.489,.405,.294,.133,.401,.495,.513,.391,.298,.0973,.126,.13,.0922,.0506,.546,.66,.671,.556,.396,.117,.129,.135,.121,.1,.111,.13,.135,.104,.0893,.319,.377,.353,.304,.249,.133,.305,.185,.109,.0268,.229,.272,.267,.228,.178,.262,.35,.303,.257,.185,.282,.283,.323,.266,.217,-.0367,.0937,.0108,-.052,-.105,.137,.246,.193,.129,.0574,.279,.364,.35,.264,.198,.208,.249,.248,.201,.159,.266,.299,.385,.34,.266,.168,.198,.283,.371,.435,.135,.593,.155,.173,.36,.24,.288,.333,.305,-.0233,.216,.315,.245,0
2023,11,30,m,.223,.233,.272,.25,.219,.19,.127,.0941,.156,.0428,.164,.067,.107,.106,.0602,.0302,.263,.359,.333,.267,.175,.305,.344,.377,.266,.261,.0744,.105,.0986,.0616,.0504,.429,.499,.515,.428,.335,.122,.113,.123,.13,.135,.283,.294,.276,.266,.29,.096,.155,.141,.075,.0457,.197,.348,.228,.18,.111,.176,.193,.194,.169,.161,.427,.467,.44,.418,.395,.313,.286,.3,.269,.328,.143,.228,.2,.142,.0739,.148,.207,.183,.141,.102,.213,.26,.26,.18,.178,.177,.196,.202,.16,.163,.236,.256,.305,.277,.238,.187,.557,.574,.636,.511,.555,.0786,.146,.117,.0734,.0324,.225,.385,.32,.238,.119,.746,.851,.876,.734,.641,.194,.183,.212,.192,.183,.87,1.01,1.01,.883,.704,.169,.178,.18,.175,.167,.089,.0816,.101,.0814,.0894,.357,.378,.379,.34,.328,.127,.278,.164,.111,.0408,.327,.348,.347,.326,.31,.281,.359,.317,.28,.217,.657,.673,.711,.623,.595,-.0696,.0504,-.0253,-.0791,-.127,.078,.165,.119,.0718,.0228,.555,.63,.626,.538,.488,.384,.408,.415,.378,.36,.299,.329,.402,.363,.301,.221,.581,.172,.313,.788,.235,.927,.209,.149,.4,.233,.39,.352,.688,-.0566,.153,.598,.427,0
2023,12,31,m,.141,.15,.206,.174,.13,.068,-.0387,-.0176,-.0132,-.0936,-.0536,.099,.15,.141,.0873,.026,.176,.261,.239,.162,.0679,.146,.197,.216,.121,.062,.00141,.0462,.027,-.0148,-.0619,.273,.325,.356,.271,.149,.126,.127,.131,.129,.0979,.164,.2,.173,.149,.13,.079,.158,.117,.0419,-.000506,.0993,.253,.133,.0785,-.0133,.109,.148,.137,.1,.0467,.276,.341,.299,.258,.197,.133,.129,.111,.102,.0946,.0579,.137,.0977,.0506,-.0296,.112,.184,.149,.0992,.0323,.0798,.141,.126,.0523,.0052,.0971,.135,.128,.081,.0362,.213,.226,.288,.246,.21,.174,.571,.666,.645,.505,.568,.0975,.16,.127,.0913,.0624,.153,.313,.236,.16,.0605,.836,.983,.964,.815,.73,.105,.111,.113,.0941,.105,1.01,1.17,1.15,1.02,.847,.267,.274,.278,.276,.269,-.0615,-.054,-.0537,-.0635,-.0556,.125,.185,.156,.0982,.0847,.0116,.144,.0381,-.00912,-.0527,.368,.398,.379,.363,.36,.249,.323,.281,.244,.198,.989,1,.999,.932,.966,-.196,-.0939,-.164,-.201,-.241,.0184,.105,.0513,.0112,-.0268,.545,.656,.605,.515,.487,.422,.469,.45,.41,.4,.274,.298,.383,.33,.272,.207,.596,.192,.236,.881,.143,1.07,.31,-.00975,.161,.107,.433,.319,1.03,-.184,.0892,.588,.466,0
2024,1,31,m,.185,.201,.248,.219,.186,.141,.0124,-.0229,.028,-.0192,.041,.0734,.131,.111,.0711,.0275,.215,.356,.297,.218,.123,.317,.374,.403,.312,.248,.0336,.0546,.0556,.0275,.00685,.517,.6,.62,.532,.399,.106,.106,.113,.113,.109,.223,.221,.25,.221,.219,.0868,.15,.119,.0609,.0382,.157,.286,.191,.14,.0773,.156,.18,.178,.157,.133,.344,.421,.374,.342,.282,.185,.125,.178,.155,.193,.119,.222,.157,.119,.0575,.129,.199,.167,.126,.0783,.183,.235,.23,.168,.137,.149,.171,.174,.144,.125,.185,.201,.248,.219,.186,.141,.0124,-.0229,.028,-.0192,.041,.0734,.131,.111,.0711,.0275,.215,.356,.297,.218,.123,.317,.374,.403,.312,.248,.0336,.0546,.0556,.0275,.00685,.517,.6,.62,.532,.399,.106,.106,.113,.113,.109,.223,.221,.25,.221,.219,.0868,.15,.119,.0609,.0382,.157,.286,.191,.14,.0773,.156,.18,.178,.157,.133,.344,.421,.374,.342,.282,.185,.125,.178,.155,.193,.119,.222,.157,.119,.0575,.129,.199,.167,.126,.0783,.183,.235,.23,.168,.137,.149,.171,.174,.144,.125,.245,.271,.341,.302,.246,.173,.0282,.166,.303,.349,.069,.563,.144,.29,.121,.265,.211,.418,.207,.135,.208,.216,.184,0
2024,2,29,m,.275,.276,.313,.284,.27,.221,.0573,.00714,.0519,.014,.0815,.158,.19,.173,.155,.102,.315,.401,.363,.311,.214,.39,.406,.444,.374,.316,.111,.0979,.111,.0999,.0836,.619,.648,.685,.625,.493,.186,.158,.175,.195,.181,.323,.306,.308,.309,.335,.201,.222,.216,.177,.14,.261,.375,.275,.238,.163,.232,.231,.231,.231,.198,.462,.526,.465,.444,.385,.259,.172,.229,.224,.256,.165,.218,.166,.159,.105,.214,.257,.224,.206,.156,.269,.278,.286,.247,.219,.233,.22,.234,.225,.204,.174,.194,.267,.219,.172,.108,.00894,.0394,.0531,-.0256,.000141,.125,.213,.177,.124,.0526,.295,.473,.396,.298,.179,.291,.401,.395,.28,.191,.0404,.0796,.0698,.0304,-.00244,.476,.608,.594,.483,.329,.0819,.0945,.0924,.0873,.0703,.203,.238,.239,.197,.178,.104,.189,.147,.0756,.0323,.129,.304,.176,.111,.0222,.141,.191,.171,.138,.0957,.295,.422,.344,.288,.199,.272,.269,.286,.246,.235,.093,.195,.128,.0867,.0323,.148,.25,.197,.143,.0755,.188,.279,.251,.171,.114,.141,.189,.176,.135,.0965,.233,.263,.361,.301,.232,.139,.0246,.222,.388,.322,.076,.521,.119,.269,.139,.235,.195,.367,.296,.108,.227,.221,.176,0
2024,3,31,m,.262,.266,.301,.273,.26,.207,.0309,-.0235,.0165,-.031,.0642,.134,.16,.146,.126,.085,.312,.423,.36,.317,.199,.364,.379,.414,.34,.294,.0835,.0752,.0856,.0777,.0515,.614,.644,.681,.627,.485,.222,.206,.215,.232,.205,.284,.263,.27,.283,.29,.142,.162,.158,.124,.0924,.244,.347,.238,.222,.159,.232,.237,.234,.231,.195,.468,.526,.473,.454,.388,.276,.177,.229,.242,.288,.132,.178,.122,.13,.0763,.188,.228,.193,.181,.134,.244,.254,.263,.22,.196,.235,.232,.241,.225,.199,.255,.278,.358,.309,.252,.178,.171,.213,.227,.12,.163,.255,.36,.316,.248,.173,.433,.672,.578,.44,.277,.439,.575,.567,.419,.322,.112,.154,.151,.106,.056,.616,.782,.764,.618,.437,.16,.182,.182,.163,.136,.196,.22,.239,.194,.168,.322,.398,.365,.306,.238,.194,.385,.242,.165,.0875,.24,.301,.28,.234,.183,.358,.481,.41,.351,.258,.354,.338,.381,.33,.308,.157,.278,.194,.145,.0895,.237,.357,.295,.227,.155,.306,.416,.386,.287,.213,.241,.301,.289,.232,.183,.318,.353,.458,.398,.316,.211,.19,.363,.536,.475,.15,.665,.199,.262,.363,.306,.299,.433,.379,.173,.323,.342,.279,0
2024,4,30,m,.254,.259,.303,.27,.25,.198,.00695,-.0337,.00186,-.0471,.0288,.151,.189,.174,.145,.0904,.285,.417,.351,.281,.172,.339,.355,.396,.318,.27,.0978,.112,.106,.0878,.0592,.585,.599,.654,.597,.468,.155,.141,.151,.162,.143,.3,.297,.289,.284,.289,.103,.149,.13,.0875,.0402,.219,.33,.22,.196,.135,.197,.202,.202,.195,.163,.446,.514,.454,.43,.372,.252,.162,.218,.213,.264,.131,.215,.158,.12,.0621,.193,.249,.212,.183,.129,.233,.256,.259,.21,.182,.201,.204,.211,.19,.167,.252,.275,.338,.304,.25,.187,.143,.139,.187,.101,.153,.198,.292,.258,.192,.125,.344,.535,.471,.351,.211,.422,.51,.538,.407,.331,.13,.161,.167,.127,.082,.606,.722,.742,.61,.46,.0906,.108,.111,.096,.0719,.238,.266,.285,.232,.212,.514,.554,.554,.501,.454,.206,.385,.256,.18,.104,.221,.266,.26,.217,.176,.395,.48,.437,.39,.323,.273,.235,.29,.257,.242,.107,.252,.16,.0869,.0373,.204,.317,.265,.194,.128,.325,.406,.401,.31,.247,.221,.26,.264,.216,.177,.315,.349,.436,.392,.314,.221,.161,.302,.441,.457,.168,.655,.128,.306,.562,.32,.279,.472,.296,.122,.288,.362,.259,0
2024,5,31,m,.25,.252,.279,.256,.248,.193,.0428,-.0137,.0401,-.0363,.0584,.147,.166,.146,.145,.0951,.314,.433,.387,.311,.19,.359,.37,.411,.323,.283,.0778,.0731,.0824,.0666,.0391,.587,.611,.643,.594,.466,.193,.17,.179,.202,.176,.296,.291,.274,.288,.282,.0784,.109,.0924,.0619,.0206,.216,.324,.221,.19,.127,.208,.203,.204,.206,.171,.44,.488,.443,.423,.362,.253,.178,.205,.199,.265,.12,.177,.139,.116,.0476,.191,.231,.195,.184,.127,.228,.241,.249,.194,.175,.213,.209,.219,.197,.175,.279,.298,.355,.321,.279,.212,.22,.2,.238,.171,.243,.277,.364,.326,.272,.2,.365,.572,.499,.378,.217,.506,.579,.6,.49,.42,.182,.179,.203,.182,.147,.694,.796,.811,.702,.548,.168,.175,.182,.177,.146,.21,.223,.236,.209,.189,.674,.623,.679,.681,.652,.269,.456,.317,.241,.157,.292,.322,.317,.292,.249,.33,.42,.364,.324,.249,.377,.323,.357,.353,.366,.11,.26,.154,.0867,.0404,.247,.362,.3,.237,.165,.409,.461,.464,.395,.341,.302,.321,.331,.299,.263,.344,.374,.455,.41,.344,.246,.239,.387,.463,.543,.222,.746,.207,.277,.727,.388,.354,.403,.402,.125,.334,.448,.342,0
2024,6,30,m,.245,.248,.281,.256,.241,.185,.00981,-.00961,.0198,-.0474,.0096,.117,.133,.13,.112,.0626,.344,.415,.383,.327,.251,.354,.41,.422,.33,.258,.056,.0692,.0637,.0443,.0107,.604,.67,.675,.61,.458,.177,.165,.164,.183,.16,.31,.297,.294,.297,.293,.0436,.0971,.0709,.0189,-.0261,.234,.337,.244,.21,.141,.203,.215,.202,.202,.16,.468,.509,.473,.452,.391,.256,.174,.224,.222,.25,.103,.164,.133,.106,.0212,.179,.213,.192,.171,.116,.214,.257,.246,.187,.147,.199,.214,.209,.185,.152,.229,.247,.303,.272,.227,.162,.126,.111,.153,.0794,.139,.296,.374,.344,.287,.225,.365,.581,.509,.366,.214,.43,.505,.531,.415,.338,.0929,.109,.12,.0879,.0515,.63,.73,.75,.637,.483,.139,.149,.154,.147,.116,.127,.137,.163,.123,.102,.475,.492,.502,.459,.423,.244,.417,.287,.215,.141,.237,.269,.265,.237,.191,.281,.364,.317,.276,.202,.332,.265,.315,.304,.324,.0621,.2,.11,.0463,-.0119,.232,.34,.286,.22,.151,.307,.371,.368,.29,.235,.233,.262,.267,.227,.188,.291,.32,.399,.358,.29,.195,.143,.408,.463,.465,.13,.68,.178,.189,.522,.361,.296,.352,.356,.0769,.317,.344,.271,0
2024,7,31,m,.234,.243,.279,.253,.235,.184,.00632,-.00774,.0263,-.0808,.0243,.105,.129,.129,.103,.0601,.223,.311,.28,.213,.136,.351,.388,.43,.311,.275,.0454,.0651,.0616,.0375,.00764,.6,.64,.691,.614,.471,.165,.163,.158,.178,.155,.291,.286,.313,.296,.281,.0335,.0698,.0706,.0133,-.0214,.187,.308,.218,.16,.106,.193,.21,.201,.191,.16,.446,.502,.454,.437,.384,.263,.217,.237,.23,.259,.11,.198,.144,.114,.0363,.156,.203,.185,.152,.101,.203,.243,.244,.173,.149,.187,.206,.205,.175,.151,.25,.27,.323,.292,.252,.189,.112,.146,.165,.0743,.101,.276,.34,.317,.27,.22,.344,.562,.495,.344,.2,.415,.507,.523,.405,.319,.0915,.108,.113,.0883,.0583,.615,.713,.73,.625,.477,.142,.148,.152,.153,.128,.177,.191,.216,.179,.152,.38,.403,.403,.364,.342,.276,.443,.322,.248,.18,.244,.278,.273,.247,.2,.352,.435,.392,.351,.275,.297,.246,.278,.278,.292,.0463,.189,.0885,.0303,-.0171,.231,.333,.284,.222,.16,.288,.36,.348,.274,.219,.223,.256,.255,.221,.183,.313,.344,.421,.379,.316,.223,.129,.386,.441,.45,.129,.664,.181,.241,.424,.396,.303,.427,.321,.0608,.316,.323,.261,0
2024,8,31,m,.236,.237,.268,.242,.232,.178,.00447,-.0153,.0102,-.0767,.012,.109,.13,.124,.105,.0502,.271,.355,.312,.28,.159,.355,.382,.416,.316,.271,.0504,.0749,.0541,.0402,-.000093,.617,.645,.692,.63,.476,.17,.149,.154,.177,.153,.299,.289,.284,.287,.285,.0637,.106,.0761,.0485,-.00132,.206,.336,.218,.182,.105,.208,.211,.206,.201,.166,.408,.439,.404,.393,.342,.256,.207,.196,.234,.241,.147,.212,.178,.15,.0623,.172,.214,.186,.167,.104,.208,.247,.232,.178,.143,.192,.202,.197,.177,.147,.25,.268,.326,.291,.248,.179,.177,.213,.252,.146,.142,.257,.317,.298,.253,.192,.326,.488,.435,.344,.192,.479,.567,.595,.47,.366,.102,.131,.127,.0943,.0555,.677,.769,.795,.685,.528,.152,.161,.163,.157,.129,.169,.194,.207,.164,.138,.332,.373,.359,.313,.271,.264,.437,.3,.235,.161,.271,.303,.3,.271,.22,.326,.421,.364,.316,.24,.376,.352,.373,.359,.335,.00339,.136,.0499,-.00583,-.0703,.211,.309,.26,.204,.133,.326,.406,.392,.31,.242,.249,.285,.283,.243,.197,.312,.341,.424,.378,.311,.212,.196,.366,.421,.515,.14,.728,.191,.234,.374,.382,.332,.399,.401,.0174,.296,.363,.287,0
2024,9,30,m,.253,.255,.281,.256,.253,.204,.0517,.0103,.0246,-.00654,.0899,.123,.149,.14,.12,.0707,.343,.442,.401,.336,.237,.419,.454,.467,.397,.345,.0617,.0807,.0633,.0558,.0206,.681,.727,.749,.692,.546,.186,.175,.172,.194,.169,.319,.31,.306,.328,.299,.0839,.134,.096,.056,.0348,.226,.333,.236,.211,.136,.238,.243,.229,.238,.207,.409,.417,.403,.401,.359,.278,.186,.212,.253,.295,.142,.215,.162,.148,.068,.19,.232,.204,.188,.129,.247,.285,.264,.223,.196,.221,.234,.223,.211,.186,.186,.204,.25,.223,.188,.13,.11,.0803,.124,.0622,.143,.179,.248,.229,.179,.112,.297,.472,.404,.303,.178,.429,.489,.518,.416,.355,.0581,.0811,.0804,.0574,.0207,.638,.722,.747,.65,.508,.105,.108,.114,.114,.0948,.123,.135,.153,.126,.103,.289,.328,.311,.274,.244,.156,.304,.199,.141,.0609,.221,.24,.241,.223,.192,.228,.302,.262,.226,.158,.24,.205,.242,.232,.21,-.0134,.108,.0274,-.0256,-.0717,.147,.24,.197,.143,.0769,.277,.339,.328,.262,.22,.201,.226,.226,.197,.17,.245,.274,.342,.306,.249,.162,.127,.28,.39,.464,.0943,.688,.143,.185,.33,.264,.279,.296,.263,.000293,.227,.313,.238,0
2024,10,31,m,.258,.26,.291,.26,.26,.207,.00673,-.0291,-.00981,-.0457,.0293,.141,.167,.157,.142,.0858,.341,.51,.411,.349,.215,.404,.438,.458,.382,.327,.0782,.103,.0816,.0715,.035,.691,.732,.762,.7,.561,.204,.19,.187,.213,.192,.3,.293,.281,.289,.297,.149,.23,.179,.124,.0663,.208,.343,.211,.192,.121,.231,.24,.226,.233,.194,.439,.453,.429,.434,.39,.274,.196,.194,.239,.305,.115,.194,.131,.117,.044,.191,.245,.203,.189,.129,.261,.309,.285,.237,.2,.237,.254,.241,.227,.197,.237,.257,.314,.278,.24,.175,.139,.133,.178,.106,.147,.195,.276,.245,.196,.126,.358,.573,.475,.369,.226,.509,.586,.617,.501,.417,.0936,.128,.124,.0923,.0483,.752,.845,.872,.763,.612,.145,.157,.157,.153,.13,.215,.229,.238,.214,.202,.34,.408,.385,.325,.264,.216,.39,.256,.196,.12,.265,.295,.291,.269,.227,.318,.405,.354,.316,.245,.264,.251,.272,.243,.231,-.00752,.126,.0262,-.017,-.066,.184,.292,.233,.181,.112,.328,.411,.394,.315,.255,.247,.286,.282,.244,.205,.299,.331,.411,.364,.303,.208,.157,.298,.456,.546,.131,.805,.184,.282,.382,.33,.325,.391,.287,.00629,.266,.365,.285,0
2024,11,30,m,.218,.229,.278,.247,.213,.179,.0481,.0269,.0707,-.0268,.0802,.117,.161,.154,.115,.0761,.336,.479,.412,.334,.241,.343,.392,.423,.306,.29,.0472,.092,.0762,.0373,.015,.548,.616,.641,.549,.45,.141,.134,.143,.153,.152,.29,.331,.292,.284,.29,.0772,.15,.137,.0626,.00702,.196,.356,.234,.174,.114,.184,.204,.204,.181,.165,.413,.494,.443,.391,.364,.286,.282,.251,.244,.307,.154,.261,.216,.155,.0807,.181,.254,.218,.176,.131,.214,.275,.267,.185,.171,.185,.213,.214,.172,.164,.232,.252,.312,.274,.233,.176,.447,.477,.515,.41,.443,.129,.202,.166,.128,.0783,.296,.507,.398,.304,.182,.796,.916,.938,.79,.679,.163,.169,.187,.165,.143,1.03,1.17,1.18,1.04,.851,.189,.199,.201,.199,.184,.0957,.113,.115,.0971,.0894,.334,.372,.375,.324,.279,.126,.286,.169,.106,.0436,.337,.36,.358,.34,.315,.268,.384,.32,.256,.189,.623,.668,.646,.591,.57,-.0611,.0785,-.0119,-.0682,-.121,.109,.21,.152,.105,.0498,.556,.649,.635,.544,.479,.394,.428,.429,.392,.361,.294,.325,.409,.36,.295,.209,.47,.227,.389,.84,.203,1.09,.23,.156,.376,.232,.4,.339,.653,-.048,.186,.599,.436,0
2024,12,31,m,.22,.229,.281,.252,.21,.141,.0117,.0121,.0326,-.0379,-.00284,.134,.184,.175,.123,.0557,.306,.416,.377,.278,.189,.289,.323,.363,.267,.197,.0423,.0906,.0655,.0316,-.026,.478,.509,.566,.478,.347,.161,.154,.167,.168,.13,.327,.368,.339,.306,.285,.0998,.184,.135,.0697,.0164,.234,.4,.267,.218,.109,.188,.212,.214,.184,.125,.394,.478,.428,.368,.3,.198,.179,.15,.168,.172,.194,.31,.244,.184,.0937,.203,.279,.241,.189,.117,.18,.233,.224,.156,.101,.172,.199,.2,.16,.11,.297,.311,.368,.329,.296,.254,.654,.716,.721,.597,.652,.132,.194,.161,.127,.0932,.281,.475,.374,.275,.18,1.06,1.19,1.2,1.05,.95,.15,.158,.154,.146,.148,1.33,1.47,1.48,1.35,1.17,.307,.305,.318,.32,.305,.0692,.0779,.0798,.0646,.0743,.147,.212,.174,.128,.103,.135,.279,.161,.119,.0644,.466,.477,.472,.467,.462,.365,.457,.408,.354,.301,1.1,1.09,1.07,1.05,1.1,-.0919,.0439,-.0528,-.0998,-.144,.101,.194,.135,.0942,.0528,.688,.789,.744,.665,.629,.52,.552,.542,.513,.5,.362,.387,.469,.419,.362,.289,.68,.23,.373,1.11,.19,1.41,.351,.128,.183,.242,.535,.441,1.14,-.0792,.178,.735,.566,0
2025,1,31,m,.214,.229,.288,.251,.211,.166,-.00869,-.0214,.012,-.0421,.0156,.0961,.155,.132,.096,.0528,.273,.437,.364,.273,.179,.427,.5,.531,.42,.347,.0226,.0552,.0483,.0183,-.0072,.714,.798,.832,.727,.587,.131,.139,.139,.138,.13,.269,.281,.301,.267,.264,.0578,.125,.0908,.0381,.00934,.209,.36,.256,.191,.124,.209,.238,.232,.21,.183,.387,.501,.436,.369,.314,.219,.186,.188,.198,.229,.107,.221,.157,.101,.0511,.158,.238,.201,.154,.107,.233,.299,.288,.22,.182,.188,.22,.218,.184,.161,.214,.229,.288,.251,.211,.166,-.00869,-.0214,.012,-.0421,.0156,.0961,.155,.132,.096,.0528,.273,.437,.364,.273,.179,.427,.5,.531,.42,.347,.0226,.0552,.0483,.0183,-.0072,.714,.798,.832,.727,.587,.131,.139,.139,.138,.13,.269,.281,.301,.267,.264,.0578,.125,.0908,.0381,.00934,.209,.36,.256,.191,.124,.209,.238,.232,.21,.183,.387,.501,.436,.369,.314,.219,.186,.188,.198,.229,.107,.221,.157,.101,.0511,.158,.238,.201,.154,.107,.233,.299,.288,.22,.182,.188,.22,.218,.184,.161,.275,.301,.383,.335,.273,.199,.00673,.191,.364,.462,.0576,.766,.169,.339,.0913,.323,.266,.464,.242,.123,.239,.268,.224,0
2025,2,28,m,.275,.275,.315,.283,.269,.229,-.00255,-.0546,-.0131,-.0463,.0358,.137,.169,.146,.131,.0947,.326,.428,.377,.316,.236,.471,.486,.534,.456,.4,.07,.0663,.0687,.0647,.0464,.798,.813,.87,.807,.676,.194,.16,.178,.203,.202,.353,.332,.343,.345,.372,.119,.141,.127,.107,.0665,.279,.398,.296,.258,.19,.254,.245,.249,.256,.233,.492,.581,.507,.461,.419,.241,.156,.194,.206,.263,.124,.194,.134,.117,.0702,.206,.253,.217,.198,.158,.281,.293,.299,.263,.239,.243,.23,.243,.237,.224,.175,.193,.27,.218,.171,.115,-.0482,-.0244,-.0119,-.0836,-.0421,.104,.191,.15,.101,.0456,.306,.501,.41,.303,.2,.366,.48,.482,.357,.267,.00186,.0485,.029,-.00259,-.0366,.639,.769,.769,.649,.491,.0887,.0972,.0952,.0949,.0886,.231,.263,.272,.231,.21,.0285,.111,.0633,.0112,-.0346,.145,.326,.196,.129,.0456,.161,.204,.188,.161,.128,.322,.472,.382,.303,.228,.254,.251,.249,.227,.242,.0549,.171,.0965,.0474,.0000972,.14,.245,.19,.135,.0775,.2,.295,.264,.186,.132,.151,.198,.184,.146,.115,.234,.262,.363,.3,.231,.146,-.0334,.199,.4,.4,.0361,.689,.126,.298,.0611,.252,.217,.395,.277,.0695,.219,.233,.186,0
2025,3,31,m,.298,.301,.338,.304,.298,.242,.0141,-.0295,.00446,-.0393,.038,.161,.188,.173,.159,.107,.314,.443,.354,.322,.199,.485,.491,.542,.47,.403,.111,.11,.109,.111,.0768,.837,.834,.902,.863,.704,.215,.196,.201,.227,.201,.398,.387,.373,.403,.405,.141,.166,.158,.125,.0914,.303,.423,.307,.286,.207,.263,.259,.256,.266,.231,.546,.623,.56,.524,.458,.333,.246,.264,.315,.343,.129,.184,.13,.124,.0725,.224,.272,.231,.222,.164,.317,.328,.335,.3,.263,.274,.268,.276,.27,.24,.291,.313,.397,.342,.289,.213,.152,.206,.213,.11,.135,.284,.393,.347,.284,.197,.434,.696,.571,.446,.277,.567,.703,.708,.556,.433,.14,.191,.176,.14,.0814,.839,.987,.996,.853,.65,.153,.173,.168,.158,.133,.302,.34,.339,.305,.272,.32,.402,.364,.306,.237,.25,.463,.311,.227,.132,.271,.323,.303,.27,.219,.43,.575,.493,.415,.321,.414,.417,.42,.409,.363,.153,.284,.203,.139,.0857,.274,.406,.337,.269,.186,.382,.5,.466,.372,.282,.281,.339,.325,.278,.222,.356,.39,.5,.433,.355,.247,.17,.395,.538,.605,.179,.895,.192,.374,.362,.368,.331,.51,.44,.169,.363,.42,.32,0
2025,4,30,m,.286,.291,.336,.296,.287,.226,-.0042,-.0224,-.00741,-.0533,.00756,.17,.211,.188,.169,.106,.296,.467,.358,.303,.172,.455,.481,.52,.444,.363,.111,.119,.114,.108,.0753,.794,.798,.864,.822,.656,.203,.184,.192,.213,.19,.374,.38,.355,.368,.357,.0686,.103,.085,.0623,.0147,.262,.383,.27,.243,.17,.243,.243,.239,.249,.206,.509,.597,.52,.485,.426,.301,.23,.252,.27,.308,.0888,.17,.107,.0888,.0227,.213,.278,.23,.211,.143,.293,.318,.316,.279,.235,.256,.257,.261,.252,.218,.285,.307,.372,.33,.287,.215,.131,.152,.176,.0939,.129,.218,.316,.273,.217,.141,.355,.59,.479,.374,.211,.546,.651,.674,.541,.429,.143,.168,.175,.148,.0984,.818,.936,.963,.838,.647,.136,.15,.15,.144,.117,.309,.347,.351,.313,.276,.468,.493,.492,.466,.419,.249,.44,.308,.227,.138,.267,.309,.299,.272,.219,.456,.561,.502,.444,.374,.322,.307,.327,.315,.284,.0651,.206,.108,.0565,-.00123,.225,.348,.284,.222,.142,.389,.475,.465,.385,.304,.277,.315,.316,.279,.229,.349,.383,.473,.42,.352,.249,.148,.323,.453,.583,.182,.874,.174,.381,.514,.366,.328,.536,.347,.0799,.31,.428,.316,0
2025,5,31,m,.267,.269,.308,.276,.263,.207,.0224,-.0235,.0232,-.0535,.0368,.182,.207,.184,.181,.127,.328,.494,.391,.322,.204,.444,.456,.516,.413,.355,.0718,.0796,.0807,.0658,.0305,.749,.757,.825,.767,.613,.207,.189,.194,.212,.194,.329,.334,.322,.315,.313,.0363,.0698,.0566,.02,-.0174,.24,.357,.254,.219,.147,.226,.222,.223,.222,.191,.49,.574,.511,.465,.398,.301,.232,.244,.254,.317,.0914,.147,.107,.0936,.0244,.212,.264,.222,.207,.146,.262,.282,.292,.234,.203,.24,.24,.249,.225,.199,.297,.317,.385,.342,.295,.226,.196,.188,.218,.15,.218,.315,.413,.37,.311,.236,.38,.639,.503,.39,.231,.601,.679,.72,.593,.498,.175,.186,.201,.181,.137,.868,.959,1.01,.886,.702,.182,.195,.196,.187,.163,.24,.264,.283,.234,.217,.609,.565,.624,.614,.591,.295,.492,.352,.271,.178,.31,.343,.338,.309,.27,.376,.503,.428,.363,.281,.429,.384,.401,.415,.421,.0816,.227,.121,.0646,.0173,.269,.398,.329,.261,.185,.448,.509,.515,.442,.373,.33,.355,.364,.33,.29,.362,.393,.487,.433,.361,.26,.215,.428,.479,.64,.215,.924,.222,.309,.66,.416,.373,.453,.455,.0966,.358,.488,.371,0
2025,6,30,m,.278,.281,.321,.288,.275,.216,-.0119,-.0182,.00126,-.0681,-.0134,.132,.147,.145,.134,.0781,.338,.433,.376,.339,.234,.437,.493,.516,.42,.328,.0556,.0763,.064,.0478,.0108,.761,.811,.839,.781,.605,.184,.171,.169,.19,.17,.42,.432,.4,.405,.402,.00323,.0511,.0291,-.0154,-.0605,.28,.39,.295,.256,.188,.23,.242,.229,.23,.187,.55,.622,.562,.525,.465,.262,.2,.222,.238,.254,.0911,.165,.111,.0962,.0158,.205,.246,.217,.202,.14,.246,.292,.28,.225,.177,.22,.236,.23,.21,.174,.262,.28,.343,.304,.261,.193,.101,.102,.132,.0559,.113,.314,.392,.362,.313,.243,.359,.601,.501,.378,.198,.517,.594,.632,.51,.414,.0925,.116,.12,.0915,.0516,.791,.876,.922,.811,.632,.146,.156,.158,.154,.126,.222,.256,.257,.216,.195,.418,.43,.444,.41,.373,.291,.473,.34,.261,.188,.265,.297,.294,.266,.219,.353,.466,.397,.34,.266,.338,.294,.313,.322,.329,.0511,.201,.0883,.0372,-.0172,.259,.377,.314,.252,.176,.341,.409,.406,.331,.267,.255,.285,.289,.253,.211,.325,.355,.443,.392,.325,.227,.119,.428,.457,.554,.13,.845,.185,.289,.463,.412,.325,.428,.363,.0657,.346,.379,.293,0
2025,7,31,m,.289,.301,.345,.312,.292,.234,.0289,.0349,.0605,-.0576,.0385,.14,.171,.17,.144,.0898,.255,.359,.304,.261,.165,.474,.52,.579,.438,.382,.0586,.0893,.0806,.0538,.0198,.796,.828,.913,.82,.649,.186,.187,.183,.198,.178,.38,.399,.399,.384,.373,.00605,.0509,.0443,-.0122,-.0466,.239,.372,.273,.219,.156,.236,.257,.249,.236,.201,.523,.618,.545,.511,.446,.316,.288,.286,.284,.316,.113,.21,.156,.12,.0378,.196,.255,.229,.198,.137,.265,.319,.317,.237,.206,.232,.257,.256,.221,.195,.306,.329,.392,.353,.31,.239,.137,.196,.204,.101,.116,.316,.39,.365,.317,.254,.379,.62,.523,.397,.231,.544,.65,.68,.541,.429,.105,.133,.133,.105,.071,.812,.91,.957,.832,.656,.163,.172,.177,.174,.151,.257,.295,.297,.258,.234,.344,.378,.368,.33,.307,.332,.513,.381,.311,.234,.289,.328,.324,.294,.242,.425,.545,.479,.42,.333,.351,.318,.329,.334,.35,.049,.201,.0996,.0365,-.0156,.273,.39,.332,.27,.198,.354,.442,.427,.343,.28,.27,.309,.309,.269,.229,.372,.407,.494,.444,.376,.274,.155,.429,.479,.582,.143,.867,.203,.327,.386,.457,.35,.504,.376,.0636,.362,.392,.308,0
2025,8,31,m,.285,.286,.322,.292,.282,.225,.0383,.0325,.0433,-.0507,.0506,.149,.175,.169,.151,.0871,.304,.456,.365,.311,.176,.469,.505,.545,.43,.375,.0545,.0766,.0574,.0481,.0136,.791,.817,.885,.815,.632,.195,.174,.18,.201,.184,.328,.337,.305,.319,.314,.0261,.0649,.0443,.0126,-.031,.229,.356,.253,.207,.13,.237,.245,.237,.231,.197,.482,.542,.489,.46,.406,.299,.25,.222,.264,.314,.158,.238,.181,.163,.0768,.204,.257,.221,.202,.133,.267,.31,.295,.238,.206,.237,.247,.244,.223,.197,.299,.318,.383,.343,.298,.227,.217,.272,.293,.178,.185,.303,.369,.35,.305,.234,.361,.599,.493,.376,.209,.604,.706,.74,.598,.478,.106,.132,.13,.103,.0699,.858,.954,.999,.876,.69,.177,.186,.189,.181,.16,.196,.238,.226,.192,.164,.285,.321,.319,.268,.233,.287,.459,.338,.261,.187,.302,.339,.333,.303,.253,.395,.522,.446,.379,.299,.423,.4,.404,.392,.413,.013,.16,.053,.00557,-.0577,.244,.356,.298,.24,.162,.391,.477,.462,.377,.309,.296,.334,.333,.291,.25,.364,.395,.485,.434,.364,.261,.236,.415,.459,.643,.144,.915,.217,.262,.325,.408,.364,.472,.45,.0271,.33,.429,.336,0
2025,9,30,m,.321,.325,.364,.328,.321,.267,.0351,.0205,.0378,-.0132,.0507,.139,.175,.158,.141,.0835,.38,.536,.456,.372,.26,.483,.534,.563,.474,.385,.0784,.101,.0822,.0712,.0457,.803,.849,.898,.828,.646,.194,.182,.18,.204,.184,.445,.469,.442,.449,.421,.0479,.0935,.0653,.0218,.00706,.303,.439,.319,.289,.207,.257,.274,.257,.261,.218,.57,.62,.574,.552,.505,.341,.269,.263,.302,.382,.178,.286,.205,.188,.0982,.235,.298,.255,.236,.169,.282,.33,.312,.261,.225,.245,.261,.253,.237,.209,.25,.271,.332,.293,.253,.189,.0923,.0912,.139,.055,.102,.195,.277,.249,.201,.125,.332,.568,.459,.337,.2,.494,.57,.617,.493,.394,.0748,.102,.0996,.0729,.0458,.758,.845,.895,.783,.606,.113,.114,.121,.124,.109,.23,.272,.272,.229,.206,.246,.281,.274,.233,.211,.228,.408,.28,.214,.127,.24,.271,.269,.245,.203,.368,.489,.417,.358,.284,.301,.29,.293,.279,.291,.0176,.172,.0651,.00809,-.0455,.19,.307,.248,.189,.115,.312,.385,.378,.302,.249,.224,.252,.257,.224,.193,.313,.345,.43,.381,.317,.222,.109,.298,.428,.53,.112,.811,.151,.298,.286,.343,.299,.444,.325,.0317,.273,.349,.262,0
2025,10,31,m,.316,.32,.359,.321,.318,.267,.0315,.0178,.0166,-.0261,.0587,.177,.209,.197,.182,.123,.364,.603,.456,.369,.226,.487,.533,.555,.47,.404,.0783,.103,.082,.0719,.0476,.816,.857,.906,.838,.675,.219,.2,.2,.231,.219,.36,.366,.347,.356,.361,.0686,.126,.0917,.0413,.0182,.263,.401,.281,.249,.178,.26,.273,.257,.263,.229,.548,.605,.551,.533,.489,.346,.295,.253,.315,.388,.145,.238,.17,.152,.0734,.231,.298,.252,.233,.169,.301,.353,.328,.277,.249,.266,.282,.271,.258,.238,.294,.317,.382,.339,.298,.234,.167,.188,.209,.129,.18,.232,.322,.288,.238,.164,.381,.669,.522,.388,.237,.598,.691,.725,.596,.498,.0937,.128,.124,.0927,.061,.882,.979,1.02,.906,.73,.159,.166,.17,.17,.156,.272,.298,.302,.277,.261,.246,.289,.283,.228,.207,.271,.45,.329,.253,.176,.295,.33,.324,.3,.263,.418,.552,.47,.408,.333,.336,.354,.335,.319,.308,.019,.168,.0613,.0138,-.0397,.224,.347,.283,.224,.152,.37,.458,.441,.358,.306,.277,.315,.313,.275,.246,.359,.393,.484,.43,.364,.269,.185,.338,.481,.637,.131,.939,.199,.342,.286,.391,.357,.497,.36,.0332,.309,.409,.316,0
2025,11,30,m,.252,.264,.309,.281,.25,.216,.0872,.0546,.11,.00863,.129,.128,.175,.172,.129,.0848,.339,.522,.446,.329,.228,.41,.443,.496,.378,.359,.0324,.0758,.0582,.0268,.00642,.635,.683,.734,.648,.535,.149,.137,.148,.161,.164,.316,.365,.326,.307,.317,.0263,.0882,.0748,.0169,-.0295,.212,.362,.252,.198,.134,.203,.222,.223,.201,.188,.483,.566,.517,.464,.434,.328,.306,.283,.294,.365,.163,.26,.208,.163,.105,.194,.27,.236,.19,.144,.245,.297,.295,.219,.208,.207,.227,.232,.196,.192,.266,.288,.343,.309,.27,.213,.502,.517,.571,.461,.508,.14,.217,.184,.143,.0871,.298,.551,.431,.299,.17,.886,.987,1.04,.889,.769,.147,.152,.167,.153,.134,1.14,1.26,1.31,1.17,.959,.197,.203,.206,.207,.196,.118,.141,.145,.116,.113,.271,.299,.3,.267,.233,.141,.292,.187,.128,.0621,.359,.38,.379,.363,.34,.332,.451,.388,.322,.251,.676,.699,.688,.655,.639,-.0537,.0776,-.0185,-.0624,-.102,.121,.226,.169,.118,.062,.595,.678,.671,.588,.526,.419,.445,.451,.421,.395,.33,.363,.443,.397,.335,.247,.525,.239,.392,.933,.186,1.2,.238,.179,.311,.248,.423,.405,.707,-.0405,.199,.639,.462,0
2025,12,31,m,.266,.279,.332,.303,.259,.18,.014,.0226,.0368,-.0338,-.00212,.139,.198,.189,.13,.0572,.312,.487,.396,.295,.175,.325,.361,.413,.308,.223,.03,.0874,.0605,.0196,-.0394,.537,.563,.643,.545,.391,.165,.157,.167,.176,.134,.416,.467,.444,.404,.36,.0418,.12,.0738,.0137,-.0301,.29,.455,.335,.274,.164,.198,.227,.228,.198,.129,.506,.612,.553,.48,.397,.211,.207,.17,.184,.183,.222,.34,.273,.222,.114,.231,.317,.278,.222,.137,.191,.25,.243,.17,.108,.18,.211,.211,.172,.117,.346,.364,.423,.383,.348,.298,.658,.734,.728,.604,.653,.138,.209,.175,.134,.0947,.287,.549,.392,.292,.167,1.12,1.26,1.28,1.12,.992,.137,.155,.149,.132,.132,1.43,1.55,1.6,1.46,1.24,.311,.309,.318,.33,.311,.141,.156,.165,.144,.137,.0864,.146,.111,.0685,.0525,.187,.329,.224,.171,.117,.478,.495,.49,.484,.467,.475,.59,.531,.465,.398,1.13,1.14,1.11,1.08,1.12,-.0711,.068,-.0307,-.0708,-.129,.127,.229,.169,.124,.0724,.704,.815,.771,.685,.639,.53,.567,.556,.529,.509,.414,.444,.528,.477,.417,.334,.683,.236,.38,1.17,.176,1.5,.356,.204,.121,.299,.548,.557,1.16,-.0582,.205,.752,.577,0
2026,1,31,m,.249,.269,.325,.29,.252,.198,.013,-.00974,.037,-.0142,.0391,.122,.18,.165,.126,.0724,.349,.608,.459,.353,.226,.473,.548,.593,.477,.379,.0226,.0567,.0518,.0212,-.00668,.776,.867,.916,.803,.626,.155,.16,.161,.165,.156,.284,.295,.319,.284,.282,.0338,.104,.0616,.0188,-.011,.237,.376,.279,.231,.158,.222,.256,.249,.227,.193,.465,.597,.524,.451,.38,.301,.257,.27,.284,.322,.135,.25,.18,.134,.0804,.188,.272,.234,.189,.134,.259,.331,.322,.253,.202,.213,.247,.246,.215,.184,.249,.269,.325,.29,.252,.198,.013,-.00974,.037,-.0142,.0391,.122,.18,.165,.126,.0724,.349,.608,.459,.353,.226,.473,.548,.593,.477,.379,.0226,.0567,.0518,.0212,-.00668,.776,.867,.916,.803,.626,.155,.16,.161,.165,.156,.284,.295,.319,.284,.282,.0338,.104,.0616,.0188,-.011,.237,.376,.279,.231,.158,.222,.256,.249,.227,.193,.465,.597,.524,.451,.38,.301,.257,.27,.284,.322,.135,.25,.18,.134,.0804,.188,.272,.234,.189,.134,.259,.331,.322,.253,.202,.213,.247,.246,.215,.184,.312,.343,.423,.377,.315,.232,.0288,.219,.446,.509,.0576,.83,.194,.355,.0666,.353,.281,.546,.325,.151,.27,.294,.25,0
2026,2,28,m,.326,.333,.372,.341,.326,.269,.0331,-.00441,.0372,-.00498,.05,.169,.211,.194,.17,.105,.366,.528,.444,.367,.242,.527,.557,.614,.522,.425,.0697,.0735,.0777,.0715,.0368,.868,.897,.968,.89,.709,.234,.191,.213,.247,.249,.413,.413,.41,.407,.422,.0715,.0936,.0845,.0691,.0203,.367,.466,.382,.344,.292,.291,.285,.291,.297,.261,.575,.696,.604,.549,.475,.324,.244,.286,.296,.335,.185,.256,.212,.179,.123,.256,.312,.28,.252,.195,.312,.337,.345,.302,.251,.278,.268,.284,.278,.25,.222,.246,.324,.273,.224,.151,-.0142,.0275,.0384,-.0439,-.029,.135,.234,.198,.138,.056,.345,.606,.479,.353,.206,.418,.551,.559,.418,.29,.00164,.0556,.0377,.00374,-.0455,.703,.851,.862,.724,.521,.125,.126,.127,.134,.131,.285,.339,.335,.287,.254,-.0149,.0644,.023,-.023,-.0765,.224,.39,.275,.206,.136,.195,.243,.227,.199,.153,.396,.579,.472,.381,.276,.338,.346,.345,.32,.312,.112,.232,.173,.106,.0492,.187,.304,.251,.186,.112,.228,.339,.309,.223,.143,.183,.235,.223,.184,.138,.283,.319,.421,.359,.286,.184,.00113,.233,.442,.453,.0359,.755,.164,.356,.0164,.338,.252,.473,.363,.127,.27,.263,.219,0
2026,3,31,m,.37,.377,.412,.38,.373,.316,.0522,-.00588,.0446,-.00189,.0849,.172,.214,.189,.174,.114,.348,.529,.42,.361,.217,.563,.564,.633,.555,.479,.112,.116,.117,.116,.082,.945,.94,1.03,.984,.805,.254,.233,.222,.263,.271,.505,.506,.501,.51,.508,.129,.156,.15,.121,.0846,.374,.473,.37,.367,.296,.343,.348,.34,.346,.312,.664,.757,.687,.645,.572,.388,.29,.299,.366,.433,.234,.314,.233,.233,.177,.274,.331,.286,.277,.214,.362,.376,.387,.348,.315,.317,.311,.314,.313,.298,.362,.39,.474,.42,.364,.284,.196,.235,.261,.153,.186,.297,.423,.365,.301,.205,.472,.796,.648,.489,.296,.649,.787,.808,.646,.511,.141,.197,.184,.145,.0866,.948,1.1,1.13,.973,.747,.191,.209,.189,.192,.199,.402,.454,.465,.405,.365,.306,.39,.355,.302,.229,.318,.514,.374,.304,.215,.351,.417,.39,.349,.299,.539,.705,.615,.528,.424,.473,.467,.46,.464,.455,.261,.426,.313,.249,.192,.326,.472,.397,.326,.237,.43,.554,.523,.422,.334,.324,.384,.365,.321,.28,.431,.471,.583,.516,.434,.32,.214,.409,.578,.689,.18,1.01,.231,.479,.347,.442,.415,.625,.5,.278,.418,.47,.365,0
2026,4,30,m,.356,.363,.405,.368,.358,.294,.0337,-.00147,.023,-.0142,.0533,.208,.246,.229,.211,.141,.472,.675,.528,.462,.355,.527,.549,.602,.52,.429,.116,.128,.123,.117,.0797,.891,.896,.981,.926,.737,.21,.184,.196,.225,.201,.451,.452,.434,.448,.439,.055,.0923,.0849,.058,-.00867,.331,.437,.332,.318,.251,.312,.318,.315,.32,.266,.604,.712,.624,.579,.509,.398,.299,.318,.366,.443,.187,.271,.205,.18,.125,.284,.343,.298,.282,.22,.338,.367,.366,.326,.28,.285,.284,.291,.285,.25,.354,.379,.443,.404,.358,.283,.174,.177,.212,.139,.18,.257,.354,.317,.26,.178,.539,.815,.664,.541,.4,.622,.727,.765,.622,.497,.148,.178,.185,.157,.103,.917,1.04,1.09,.942,.728,.142,.15,.154,.155,.127,.382,.417,.43,.39,.353,.449,.478,.492,.46,.386,.317,.497,.371,.3,.217,.338,.388,.378,.344,.28,.547,.674,.605,.534,.455,.421,.381,.396,.416,.417,.161,.31,.206,.145,.0991,.296,.417,.355,.294,.219,.438,.53,.521,.436,.351,.307,.344,.347,.313,.262,.422,.46,.549,.499,.427,.319,.192,.366,.65,.662,.187,.975,.181,.459,.495,.44,.401,.633,.447,.177,.386,.478,.347,0
2026,5,31,m,.327,.334,.364,.34,.329,.271,.0664,.0195,.0687,-.013,.0851,.217,.237,.22,.22,.17,.382,.586,.47,.383,.244,.531,.559,.615,.503,.434,.0757,.0753,.0843,.0723,.0529,.868,.897,.957,.893,.717,.23,.199,.213,.246,.227,.348,.356,.347,.342,.336,.0166,.0458,.0388,.0151,-.0332,.264,.364,.272,.25,.19,.308,.311,.313,.313,.266,.565,.659,.595,.543,.472,.409,.316,.331,.35,.467,.183,.259,.205,.185,.115,.253,.304,.265,.253,.194,.32,.348,.354,.294,.269,.283,.281,.292,.274,.253,.358,.384,.445,.41,.363,.291,.247,.241,.272,.199,.275,.354,.447,.412,.355,.283,.435,.739,.589,.454,.273,.698,.797,.832,.693,.586,.179,.182,.205,.188,.162,.994,1.11,1.16,1.02,.812,.204,.205,.215,.22,.195,.258,.284,.306,.26,.239,.578,.53,.596,.606,.565,.319,.5,.371,.303,.223,.399,.44,.437,.406,.35,.445,.584,.508,.436,.349,.547,.479,.499,.523,.583,.172,.348,.22,.154,.107,.313,.442,.375,.309,.235,.514,.586,.587,.511,.448,.377,.399,.411,.383,.347,.426,.465,.551,.505,.432,.327,.267,.471,.539,.739,.22,1.05,.245,.328,.628,.443,.465,.526,.576,.188,.404,.557,.419,0
2026,6,30,m,.223,.239,.29,.258,.223,.148,.00316,-.00766,.0226,-.0557,.00707,.119,.15,.146,.12,.0621,.371,.506,.425,.374,.262,.434,.513,.542,.416,.316,.0385,.0723,.064,.0379,-.0128,.746,.837,.869,.765,.567,.164,.162,.164,.177,.14,.504,.523,.505,.494,.483,-.0386,.0297,.00932,-.0469,-.119,.289,.397,.308,.278,.206,.257,.291,.279,.26,.198,.398,.522,.443,.369,.295,.333,.254,.312,.317,.329,-.304,-.208,-.257,-.29,-.38,.156,.219,.189,.159,.0825,.236,.305,.294,.217,.159,.205,.238,.236,.2,.152,.208,.239,.312,.273,.21,.126,.118,.114,.156,.07,.136,.299,.395,.363,.297,.225,.392,.683,.554,.415,.225,.515,.616,.66,.506,.401,.0748,.112,.12,.0812,.0271,.775,.903,.953,.794,.593,.126,.147,.154,.14,.0972,.294,.336,.352,.293,.264,.359,.401,.416,.365,.288,.3,.48,.354,.284,.206,.292,.348,.346,.297,.23,.22,.375,.29,.203,.119,.413,.351,.409,.405,.408,-.33,-.183,-.273,-.328,-.4,.207,.347,.283,.207,.117,.33,.423,.421,.323,.247,.24,.287,.295,.243,.188,.268,.311,.409,.359,.271,.158,.136,.411,.493,.552,.112,.829,.164,.365,.402,.422,.354,.288,.439,-.32,.291,.367,.278,1
