year,month,day_endofmonth,freq,spend_all,spend_all_incmiddle,spend_all_q1,spend_all_q2,spend_all_q3,spend_all_q4,spend_aap,spend_aap_q1,spend_aap_q2,spend_aap_q3,spend_aap_q4,spend_acf,spend_acf_q1,spend_acf_q2,spend_acf_q3,spend_acf_q4,spend_aer,spend_aer_q1,spend_aer_q2,spend_aer_q3,spend_aer_q4,spend_apg,spend_apg_q1,spend_apg_q2,spend_apg_q3,spend_apg_q4,spend_durables,spend_durables_q1,spend_durables_q2,spend_durables_q3,spend_durables_q4,spend_gen,spend_gen_q1,spend_gen_q2,spend_gen_q3,spend_gen_q4,spend_grf,spend_grf_q1,spend_grf_q2,spend_grf_q3,spend_grf_q4,spend_hcs,spend_hcs_q1,spend_hcs_q2,spend_hcs_q3,spend_hcs_q4,spend_hic,spend_hic_q1,spend_hic_q2,spend_hic_q3,spend_hic_q4,spend_inpersonmisc,spend_inpersonmisc_q1,spend_inpersonmisc_q2,spend_inpersonmisc_q3,spend_inpersonmisc_q4,spend_nondurables,spend_nondurables_q1,spend_nondurables_q2,spend_nondurables_q3,spend_nondurables_q4,spend_remoteservices,spend_remoteservices_q1,spend_remoteservices_q2,spend_remoteservices_q3,spend_remoteservices_q4,spend_sgh,spend_sgh_q1,spend_sgh_q2,spend_sgh_q3,spend_sgh_q4,spend_tws,spend_tws_q1,spend_tws_q2,spend_tws_q3,spend_tws_q4,spend_inperson,spend_inperson_q1,spend_inperson_q2,spend_inperson_q3,spend_inperson_q4,spend_retail_no_grocery,spend_retail_no_grocery_q1,spend_retail_no_grocery_q2,spend_retail_no_grocery_q3,spend_retail_no_grocery_q4,spend_retail_w_grocery,spend_retail_w_grocery_q1,spend_retail_w_grocery_q2,spend_retail_w_grocery_q3,spend_retail_w_grocery_q4,spend_s_all,spend_s_all_incmiddle,spend_s_all_q1,spend_s_all_q2,spend_s_all_q3,spend_s_all_q4,spend_s_aap,spend_s_aap_q1,spend_s_aap_q2,spend_s_aap_q3,spend_s_aap_q4,spend_s_acf,spend_s_acf_q1,spend_s_acf_q2,spend_s_acf_q3,spend_s_acf_q4,spend_s_aer,spend_s_aer_q1,spend_s_aer_q2,spend_s_aer_q3,spend_s_aer_q4,spend_s_apg,spend_s_apg_q1,spend_s_apg_q2,spend_s_apg_q3,spend_s_apg_q4,spend_s_durables,spend_s_durables_q1,spend_s_durables_q2,spend_s_durables_q3,spend_s_durables_q4,spend_s_gen,spend_s_gen_q1,spend_s_gen_q2,spend_s_gen_q3,spend_s_gen_q4,spend_s_grf,spend_s_grf_q1,spend_s_grf_q2,spend_s_grf_q3,spend_s_grf_q4,spend_s_hcs,spend_s_hcs_q1,spend_s_hcs_q2,spend_s_hcs_q3,spend_s_hcs_q4,spend_s_hic,spend_s_hic_q1,spend_s_hic_q2,spend_s_hic_q3,spend_s_hic_q4,spend_s_inpersonmisc,spend_s_inpersonmisc_q1,spend_s_inpersonmisc_q2,spend_s_inpersonmisc_q3,spend_s_inpersonmisc_q4,spend_s_nondurables,spend_s_nondurables_q1,spend_s_nondurables_q2,spend_s_nondurables_q3,spend_s_nondurables_q4,spend_s_remoteservices,spend_s_remoteservices_q1,spend_s_remoteservices_q2,spend_s_remoteservices_q3,spend_s_remoteservices_q4,spend_s_sgh,spend_s_sgh_q1,spend_s_sgh_q2,spend_s_sgh_q3,spend_s_sgh_q4,spend_s_tws,spend_s_tws_q1,spend_s_tws_q2,spend_s_tws_q3,spend_s_tws_q4,spend_s_inperson,spend_s_inperson_q1,spend_s_inperson_q2,spend_s_inperson_q3,spend_s_inperson_q4,spend_s_retail_no_grocery,spend_s_retail_no_grocery_q1,spend_s_retail_no_grocery_q2,spend_s_retail_no_grocery_q3,spend_s_retail_no_grocery_q4,spend_s_retail_w_grocery,spend_s_retail_w_grocery_q1,spend_s_retail_w_grocery_q2,spend_s_retail_w_grocery_q3,spend_s_retail_w_grocery_q4,spend_19_all,spend_19_all_incmiddle,spend_19_all_q1,spend_19_all_q2,spend_19_all_q3,spend_19_all_q4,spend_19_aap,spend_19_acf,spend_19_aer,spend_19_apg,spend_19_durables,spend_19_gen,spend_19_grf,spend_19_hcs,spend_19_hic,spend_19_inpersonmisc,spend_19_nondurables,spend_19_remoteservices,spend_19_sgh,spend_19_tws,spend_19_inperson,spend_19_retail_no_grocery,spend_19_retail_w_grocery,provisional
2019,1,31,m,.,.,.,.,.,.,.,.,.,.,.,.,.,.,.,.,.,.,.,.,.,.,.,.,.,.,.,.,.,.,.,.,.,.,.,.,.,.,.,.,.,.,.,.,.,.,.,.,.,.,.,.,.,.,.,.,.,.,.,.,.,.,.,.,.,.,.,.,.,.,.,.,.,.,.,.,.,.,.,.,.,.,.,.,.,.,.,.,.,.,.,0,4.69e-08,0,0,0,0,0,0,0,0,0,0,0,-4.45e-08,2.37e-08,0,0,0,0,0,0,0,2.95e-08,0,3.21e-08,-4.59e-08,9.30e-09,2.09e-08,9.86e-09,3.37e-08,2.84e-08,0,0,0,0,0,0,0,0,0,0,1.83e-08,0,0,-3.30e-08,1.19e-08,0,0,0,0,0,0,3.01e-08,-1.96e-08,3.06e-08,-4.59e-08,2.64e-08,-1.63e-08,4.66e-09,-2.83e-08,5.41e-08,-3.93e-08,-1.57e-08,1.48e-08,-1.52e-08,2.74e-08,0,0,0,0,0,0,0,0,0,0,3.57e-08,-3.58e-08,3.32e-09,2.02e-08,-1.94e-08,-2.63e-08,-2.28e-08,-1.02e-08,-3.18e-08,-2.36e-08,2.44e-08,-1.16e-08,3.75e-08,-1.79e-08,4.26e-08,0,4.69e-08,0,0,0,0,0,0,0,0,9.30e-09,0,0,1.83e-08,0,0,2.64e-08,-3.93e-08,0,0,3.57e-08,-2.63e-08,2.44e-08,0
2019,2,28,m,.,.,.,.,.,.,.,.,.,.,.,.,.,.,.,.,.,.,.,.,.,.,.,.,.,.,.,.,.,.,.,.,.,.,.,.,.,.,.,.,.,.,.,.,.,.,.,.,.,.,.,.,.,.,.,.,.,.,.,.,.,.,.,.,.,.,.,.,.,.,.,.,.,.,.,.,.,.,.,.,.,.,.,.,.,.,.,.,.,.,.,-.076,-.0622,-.0314,-.0473,-.0745,-.0904,-.0433,.0391,.00426,-.0371,-.0732,-.0268,.023,.0059,-.0251,-.0428,-.013,.0752,.0262,-.00839,-.0271,-.0686,.000187,-.0305,-.0658,-.0931,-.0611,-.0131,-.0344,-.0611,-.077,-.0854,-.0225,-.0507,-.0848,-.108,-.0861,-.0509,-.068,-.0866,-.0916,-.0924,-.0493,-.0499,-.0835,-.115,-.0779,-.0242,-.0545,-.0835,-.0917,-.102,-.0482,-.0733,-.101,-.118,-.0719,-.0294,-.0472,-.0731,-.0833,-.111,-.0651,-.0788,-.106,-.132,.0133,.0851,.048,.0208,-.0149,-.0587,-.0157,-.0293,-.0597,-.0635,-.0529,-.0013,-.0197,-.0508,-.0673,-.0609,.00485,-.0241,-.0584,-.0841,-.072,-.0225,-.0449,-.0708,-.0871,-.076,-.0622,-.0314,-.0473,-.0745,-.0904,-.0433,-.0268,-.013,-.0686,-.0611,-.0854,-.0861,-.0924,-.0779,-.102,-.0719,-.111,.0133,-.0587,-.0529,-.0609,-.072,0
2019,3,31,m,.,.,.,.,.,.,.,.,.,.,.,.,.,.,.,.,.,.,.,.,.,.,.,.,.,.,.,.,.,.,.,.,.,.,.,.,.,.,.,.,.,.,.,.,.,.,.,.,.,.,.,.,.,.,.,.,.,.,.,.,.,.,.,.,.,.,.,.,.,.,.,.,.,.,.,.,.,.,.,.,.,.,.,.,.,.,.,.,.,.,.,-.0236,-.00741,.0346,.0129,-.0241,-.0483,.114,.234,.186,.134,.0648,.0848,.163,.128,.0876,.0527,.0716,.168,.141,.0736,.0374,.0353,.131,.0893,.0399,-.00471,.00656,.064,.0422,.00675,-.0212,-.0168,.071,.0329,-.0223,-.0562,-.0685,-.0263,-.0421,-.072,-.0803,-.0896,-.0445,-.0391,-.0862,-.117,.132,.19,.157,.136,.102,-.0579,.017,-.0124,-.0635,-.0854,-.013,.0425,.021,-.0151,-.035,-.0911,-.0359,-.057,-.0864,-.116,.0408,.124,.105,.0521,-.00977,.0018,.0753,.0479,-.00559,-.0137,.0205,.0955,.0677,.0194,-.00746,.0295,.117,.0793,.0353,-.0113,-.0138,.047,.0218,-.0117,-.0386,-.0236,-.00741,.0346,.0129,-.0241,-.0483,.114,.0848,.0716,.0353,.00656,-.0168,-.0685,-.0896,.132,-.0579,-.013,-.0911,.0408,.0018,.0205,.0295,-.0138,0
2019,4,30,m,.,.,.,.,.,.,.,.,.,.,.,.,.,.,.,.,.,.,.,.,.,.,.,.,.,.,.,.,.,.,.,.,.,.,.,.,.,.,.,.,.,.,.,.,.,.,.,.,.,.,.,.,.,.,.,.,.,.,.,.,.,.,.,.,.,.,.,.,.,.,.,.,.,.,.,.,.,.,.,.,.,.,.,.,.,.,.,.,.,.,.,.00323,.0186,.0406,.0343,.00576,-.0102,.139,.197,.194,.161,.117,.0457,.102,.0788,.0466,.0295,.0511,.0968,.0963,.0602,.031,.0665,.125,.11,.0724,.0458,.0333,.0579,.063,.0407,.0193,.0182,.0828,.0614,.014,-.00712,-.0514,-.0146,-.027,-.0502,-.063,-.0428,-.012,.00583,-.0351,-.0608,.373,.367,.383,.379,.388,-.00608,.0555,.0397,-.00747,-.0292,.0241,.0674,.0559,.0246,.00873,-.0308,-.0099,-.00322,-.0227,-.0375,.0207,.0757,.0652,.0426,-.0192,-.017,.0447,.00916,-.0239,-.0248,.0141,.0691,.0519,.0148,-.00281,.0784,.131,.121,.0872,.0529,.0211,.0594,.0509,.0269,.00692,.00323,.0186,.0406,.0343,.00576,-.0102,.139,.0457,.0511,.0665,.0333,.0182,-.0514,-.0428,.373,-.00608,.0241,-.0308,.0207,-.017,.0141,.0784,.0211,0
2019,5,31,m,.,.,.,.,.,.,.,.,.,.,.,.,.,.,.,.,.,.,.,.,.,.,.,.,.,.,.,.,.,.,.,.,.,.,.,.,.,.,.,.,.,.,.,.,.,.,.,.,.,.,.,.,.,.,.,.,.,.,.,.,.,.,.,.,.,.,.,.,.,.,.,.,.,.,.,.,.,.,.,.,.,.,.,.,.,.,.,.,.,.,.,.0217,.0388,.0593,.0552,.0254,.00646,.168,.231,.192,.213,.162,.11,.172,.159,.11,.0849,.0376,.101,.0847,.052,.0131,.106,.156,.137,.126,.095,.0929,.1,.114,.106,.0926,.0655,.113,.105,.0677,.0454,-.023,.0069,.00529,-.0204,-.0347,-.0682,-.0531,-.0261,-.0614,-.0804,.539,.456,.536,.567,.591,.0413,.0985,.0826,.0431,.0177,.0667,.101,.0974,.0711,.0556,-.0769,-.0439,-.0504,-.068,-.0906,.0952,.122,.128,.129,.0688,-.0106,.0704,.0163,-.0263,-.0157,.0455,.107,.0901,.0449,.024,.144,.178,.175,.165,.129,.07,.094,.0946,.0838,.0642,.0217,.0388,.0593,.0552,.0254,.00646,.168,.11,.0376,.106,.0929,.0655,-.023,-.0682,.539,.0413,.0667,-.0769,.0952,-.0106,.0455,.144,.07,0
2019,6,30,m,.,.,.,.,.,.,.,.,.,.,.,.,.,.,.,.,.,.,.,.,.,.,.,.,.,.,.,.,.,.,.,.,.,.,.,.,.,.,.,.,.,.,.,.,.,.,.,.,.,.,.,.,.,.,.,.,.,.,.,.,.,.,.,.,.,.,.,.,.,.,.,.,.,.,.,.,.,.,.,.,.,.,.,.,.,.,.,.,.,.,.,.0131,.0292,.0464,.0434,.0176,.00131,.143,.152,.163,.165,.15,.189,.246,.223,.19,.174,.0421,.147,.125,.0583,-.0088,.0825,.0959,.108,.0932,.0853,.061,.0662,.086,.0698,.0611,.0428,.0632,.0758,.046,.0372,-.00728,.0176,.0208,-.00259,-.018,-.116,-.097,-.0736,-.108,-.128,.441,.393,.449,.462,.482,.0346,.0882,.0682,.0338,.0204,.0541,.0754,.0836,.0587,.0474,-.103,-.0699,-.0769,-.0945,-.116,.0867,.101,.105,.0979,.0809,-.0113,.0617,.00943,-.0263,-.0121,.0715,.136,.111,.0709,.0523,.103,.118,.132,.116,.0975,.0544,.0688,.0795,.064,.0517,.0131,.0292,.0464,.0434,.0176,.00131,.143,.189,.0421,.0825,.061,.0428,-.00728,-.116,.441,.0346,.0541,-.103,.0867,-.0113,.0715,.103,.0544,0
2019,7,31,m,.,.,.,.,.,.,.,.,.,.,.,.,.,.,.,.,.,.,.,.,.,.,.,.,.,.,.,.,.,.,.,.,.,.,.,.,.,.,.,.,.,.,.,.,.,.,.,.,.,.,.,.,.,.,.,.,.,.,.,.,.,.,.,.,.,.,.,.,.,.,.,.,.,.,.,.,.,.,.,.,.,.,.,.,.,.,.,.,.,.,.,.0158,.0336,.05,.0489,.021,.000965,.107,.168,.154,.174,.0706,.156,.204,.188,.158,.145,.102,.206,.188,.115,.0526,.05,.0972,.0831,.0776,.0305,.0462,.0551,.0668,.0552,.0463,.012,.0561,.0418,.0138,.000858,-.017,.00423,.012,-.0133,-.0258,-.0903,-.0644,-.0565,-.0837,-.102,.332,.325,.332,.347,.359,.077,.119,.106,.0825,.063,.0455,.0727,.0797,.0547,.0302,-.0612,-.0296,-.0245,-.052,-.0803,.0298,.0357,.0505,.0478,.0227,-.0546,.00665,-.0314,-.0676,-.0538,.0661,.123,.104,.0674,.0493,.072,.106,.103,.0915,.0569,.0327,.0562,.0596,.0455,.0241,.0158,.0336,.05,.0489,.021,.000965,.107,.156,.102,.05,.0462,.012,-.017,-.0903,.332,.077,.0455,-.0612,.0298,-.0546,.0661,.072,.0327,0
2019,8,31,m,.,.,.,.,.,.,.,.,.,.,.,.,.,.,.,.,.,.,.,.,.,.,.,.,.,.,.,.,.,.,.,.,.,.,.,.,.,.,.,.,.,.,.,.,.,.,.,.,.,.,.,.,.,.,.,.,.,.,.,.,.,.,.,.,.,.,.,.,.,.,.,.,.,.,.,.,.,.,.,.,.,.,.,.,.,.,.,.,.,.,.,.0182,.0354,.0519,.0508,.0228,.00378,.179,.234,.25,.252,.13,.141,.173,.169,.146,.136,.0513,.104,.107,.0604,.031,.0983,.135,.138,.127,.0768,.0556,.0576,.0795,.0616,.0575,.0447,.0782,.0733,.0443,.0378,-.00878,.0191,.0183,-.00636,-.0184,-.0936,-.0696,-.0497,-.0862,-.111,.256,.246,.274,.259,.27,.0548,.0831,.0801,.0551,.0526,.0596,.0829,.0907,.0688,.0485,-.0512,-.00571,-.0174,-.044,-.0726,.102,.123,.159,.112,.0776,-.118,-.0568,-.0982,-.126,-.121,.0407,.0852,.0753,.0428,.0282,.104,.131,.141,.122,.0879,.0543,.0762,.0828,.0654,.0457,.0182,.0354,.0519,.0508,.0228,.00378,.179,.141,.0513,.0983,.0556,.0447,-.00878,-.0936,.256,.0548,.0596,-.0512,.102,-.118,.0407,.104,.0543,0
2019,9,30,m,.,.,.,.,.,.,.,.,.,.,.,.,.,.,.,.,.,.,.,.,.,.,.,.,.,.,.,.,.,.,.,.,.,.,.,.,.,.,.,.,.,.,.,.,.,.,.,.,.,.,.,.,.,.,.,.,.,.,.,.,.,.,.,.,.,.,.,.,.,.,.,.,.,.,.,.,.,.,.,.,.,.,.,.,.,.,.,.,.,.,.,-.0457,-.029,-.0162,-.0145,-.0408,-.0579,.0625,.0725,.11,.0802,.0521,.0573,.0951,.094,.0641,.0412,-.0264,.0345,.014,-.0143,-.0436,.0147,.0269,.0465,.024,.0101,.00459,.00826,.0279,.0117,.00328,-.017,.000391,.00973,-.0132,-.021,-.0601,-.0473,-.0393,-.0552,-.0599,-.142,-.129,-.106,-.142,-.146,.195,.177,.208,.214,.202,-.0496,-.015,-.0169,-.0477,-.0628,-.00572,.00499,.0223,-.000878,-.00932,-.12,-.0731,-.0877,-.113,-.143,-.021,.0226,.0356,-.00492,-.0619,-.128,-.0798,-.104,-.141,-.126,-.0284,.0147,.00839,-.0268,-.0423,.0316,.0463,.0621,.0427,.0225,-.00891,.000372,.0141,-.000245,-.0102,-.0457,-.029,-.0162,-.0145,-.0408,-.0579,.0625,.0573,-.0264,.0147,.00459,-.017,-.0601,-.142,.195,-.0496,-.00572,-.12,-.021,-.128,-.0284,.0316,-.00891,0
2019,10,31,m,.,.,.,.,.,.,.,.,.,.,.,.,.,.,.,.,.,.,.,.,.,.,.,.,.,.,.,.,.,.,.,.,.,.,.,.,.,.,.,.,.,.,.,.,.,.,.,.,.,.,.,.,.,.,.,.,.,.,.,.,.,.,.,.,.,.,.,.,.,.,.,.,.,.,.,.,.,.,.,.,.,.,.,.,.,.,.,.,.,.,.,-.00947,.00821,.0241,.0248,-.00542,-.0236,.138,.17,.2,.17,.116,.0545,.101,.0908,.0577,.0387,.0205,.0481,.0591,.0242,.0117,.0813,.106,.12,.0964,.0696,.0212,.0298,.05,.0287,.0151,.0435,.0687,.0732,.048,.0351,-.0424,-.02,-.016,-.039,-.0491,-.0596,-.0443,-.0216,-.0487,-.0699,.171,.152,.186,.185,.184,.0137,.0417,.0498,.014,.00105,.0349,.0516,.0651,.0399,.0296,-.0762,-.0264,-.0407,-.0704,-.101,-.000965,.0515,.0751,.0146,-.0539,-.102,-.0515,-.0823,-.11,-.102,.0016,.0444,.038,.00346,-.012,.0606,.0827,.0964,.0732,.0475,.0151,.0323,.0432,.024,.00918,-.00947,.00821,.0241,.0248,-.00542,-.0236,.138,.0545,.0205,.0813,.0212,.0435,-.0424,-.0596,.171,.0137,.0349,-.0762,-.000965,-.102,.0016,.0606,.0151,0
2019,11,30,m,.,.,.,.,.,.,.,.,.,.,.,.,.,.,.,.,.,.,.,.,.,.,.,.,.,.,.,.,.,.,.,.,.,.,.,.,.,.,.,.,.,.,.,.,.,.,.,.,.,.,.,.,.,.,.,.,.,.,.,.,.,.,.,.,.,.,.,.,.,.,.,.,.,.,.,.,.,.,.,.,.,.,.,.,.,.,.,.,.,.,.,.0195,.0303,.0333,.0342,.0272,.000758,.389,.45,.427,.458,.336,.0195,.0438,.0264,.0244,.00548,-.0208,.0286,.0038,-.0117,-.0434,.345,.38,.374,.38,.303,.118,.0762,.114,.132,.129,.315,.34,.343,.329,.278,.0493,.066,.0617,.0511,.0302,-.143,-.159,-.125,-.135,-.151,.244,.198,.221,.254,.269,-.0502,-.0467,-.0396,-.0471,-.0591,.137,.137,.141,.146,.13,-.0938,-.0678,-.073,-.0846,-.123,.269,.299,.325,.29,.204,-.177,-.138,-.176,-.183,-.182,-.0526,-.0278,-.0402,-.0493,-.0674,.288,.298,.303,.312,.264,.183,.184,.189,.198,.171,.0195,.0303,.0333,.0342,.0272,.000758,.389,.0195,-.0208,.345,.118,.315,.0493,-.143,.244,-.0502,.137,-.0938,.269,-.177,-.0526,.288,.183,0
2019,12,31,m,.,.,.,.,.,.,.,.,.,.,.,.,.,.,.,.,.,.,.,.,.,.,.,.,.,.,.,.,.,.,.,.,.,.,.,.,.,.,.,.,.,.,.,.,.,.,.,.,.,.,.,.,.,.,.,.,.,.,.,.,.,.,.,.,.,.,.,.,.,.,.,.,.,.,.,.,.,.,.,.,.,.,.,.,.,.,.,.,.,.,.,.0712,.0775,.0743,.0739,.0804,.101,.641,.702,.678,.669,.655,.00745,.0165,.00299,.0146,.0382,-.00942,.0486,.0131,.0085,-.00299,.606,.653,.625,.625,.626,.11,.0679,.0943,.119,.18,.583,.625,.595,.596,.605,.132,.139,.141,.139,.156,-.188,-.206,-.183,-.176,-.16,.0498,.0296,.0491,.0614,.0868,-.0719,-.08,-.0725,-.0712,-.0367,.24,.225,.226,.248,.298,-.0131,-.00833,-.0028,.000102,.00348,.756,.769,.807,.759,.793,-.231,-.194,-.228,-.23,-.213,-.0759,-.0596,-.0723,-.0696,-.0533,.436,.453,.437,.447,.477,.302,.299,.296,.312,.35,.0712,.0775,.0743,.0739,.0804,.101,.641,.00745,-.00942,.606,.11,.583,.132,-.188,.0498,-.0719,.24,-.0131,.756,-.231,-.0759,.436,.302,0
2020,1,31,m,0,-4.69e-08,0,0,0,0,0,0,0,0,0,2.35e-08,-3.94e-08,-9.58e-09,-4.54e-08,0,0,0,0,0,0,3.39e-08,-1.24e-09,-4.05e-08,-3.21e-08,4.59e-08,-9.30e-09,-6.10e-08,-2.87e-08,-5.83e-08,-2.14e-08,0,0,0,0,0,0,0,0,0,0,-5.31e-08,3.29e-08,1.02e-08,1.68e-09,-4.65e-08,0,0,0,0,0,-3.11e-08,-3.01e-08,1.96e-08,-8.64e-08,3.49e-09,-2.22e-08,-8.31e-09,-3.54e-08,4.76e-08,-2.46e-08,-4.14e-09,4.41e-08,-2.17e-08,3.68e-09,-2.29e-08,0,0,0,0,0,0,0,0,0,0,-2.54e-08,4.53e-08,4.33e-09,-5.32e-08,2.77e-08,4.33e-08,-2.08e-08,-9.39e-09,8.56e-09,5.27e-08,-5.29e-08,4.86e-08,-4.78e-08,4.84e-09,2.92e-09,0,0,0,0,0,0,0,0,0,0,0,2.35e-08,-3.94e-08,-5.41e-08,-2.18e-08,0,0,0,0,0,0,3.39e-08,2.83e-08,-4.05e-08,0,0,0,-4.01e-08,-1.88e-08,-2.46e-08,7.00e-09,0,0,0,0,0,0,0,0,0,0,-3.48e-08,3.29e-08,1.02e-08,-3.13e-08,-3.46e-08,0,0,0,0,0,-3.11e-08,0,0,-5.59e-08,-4.24e-08,4.20e-09,-2.46e-08,-3.07e-08,1.93e-08,2.95e-08,-4.34e-08,2.84e-08,-6.83e-09,-1.15e-08,4.51e-09,0,0,0,0,0,0,0,0,0,0,1.03e-08,9.43e-09,7.65e-09,-3.30e-08,8.37e-09,1.70e-08,-4.36e-08,-1.96e-08,-2.33e-08,2.92e-08,-2.84e-08,3.70e-08,-1.03e-08,-1.30e-08,4.56e-08,.0503,.0586,.0735,.0681,.0507,.0278,.0151,.086,.0725,.0245,.034,.0306,.0336,.0483,.0317,.0937,.0476,.0554,.0187,.014,.0684,.0277,.0303,0
2020,2,29,m,.0349,.0292,.0169,.026,.0317,.0369,.0383,.0333,.0255,.0762,.036,.0216,.0067,.0169,.0192,.0192,.0624,-.00855,.0591,.0721,.054,.0546,.0354,.0455,.0676,.0547,.0427,.021,.0374,.0436,.0446,.066,.0372,.0579,.0618,.0692,.0534,.0331,.0473,.0512,.0554,.0342,.0149,.0178,.0262,.043,.0797,.0298,.0706,.0922,.0913,.0181,.00719,.00791,.0122,.023,.0383,.017,.028,.0424,.0415,.0402,.0302,.0273,.0321,.0456,.0245,.0355,.0165,.00288,.0322,-.0279,-.0323,-.0417,-.0305,-.0301,.0191,.00229,.0109,.0165,.0182,.0521,.0264,.0432,.0588,.0559,.0526,.0296,.045,.0555,.0557,-.0438,-.0348,-.015,-.0225,-.0451,-.0568,-.00662,.0737,.0298,.0363,-.0398,-.0058,.0298,.0229,-.00636,-.0244,.0486,.066,.0869,.0631,.0254,-.0178,.0356,.0137,-.0027,-.0434,-.021,.00762,.00173,-.0201,-.0359,-.0251,.0139,.00432,-.0282,-.0461,-.0373,-.0195,-.024,-.0398,-.0413,-.0614,-.0351,-.033,-.0594,-.077,-.00449,.0049,.0123,.00103,-.00883,-.0859,-.0414,-.066,-.09,-.0981,-.0363,-.0129,-.0206,-.0338,-.0452,-.0749,-.0368,-.0536,-.0772,-.092,.0382,.124,.0653,.0238,.0169,-.085,-.0475,-.0697,-.0884,-.0916,-.0348,.000986,-.00908,-.0351,-.0504,-.0119,.0314,.0181,-.00311,-.033,-.0232,.00638,-.00187,-.0193,-.0363,.00431,.0217,.0574,.044,.00333,-.0306,.00842,.0797,.125,.00625,.0123,.00482,-.00494,-.016,.0271,-.00019,.00959,-.0237,.0576,-.0722,.0312,.0155,.00645,0
2020,3,31,m,-.109,-.106,-.0992,-.104,-.108,-.129,-.385,-.357,-.38,-.393,-.407,-.38,-.359,-.369,-.38,-.405,-.397,-.408,-.399,-.39,-.405,-.159,-.133,-.141,-.16,-.196,-.0568,-.0525,-.0524,-.0581,-.0739,.00933,.0148,.0173,.0175,-.0226,.305,.26,.272,.307,.332,-.19,-.178,-.195,-.194,-.198,.0689,.0361,.0656,.072,.0778,-.234,-.192,-.221,-.229,-.271,.0213,.0119,.0157,.022,.0121,-.0389,-.0531,-.0511,-.0464,-.0333,-.0902,-.0529,-.0811,-.0935,-.12,-.474,-.461,-.472,-.466,-.489,-.348,-.326,-.339,-.345,-.373,-.0984,-.0844,-.0843,-.0999,-.126,.0702,.0729,.0743,.068,.0488,-.13,-.113,-.0681,-.0922,-.13,-.171,-.315,-.206,-.265,-.312,-.368,-.327,-.255,-.288,-.325,-.373,-.354,-.308,-.315,-.345,-.382,-.129,-.0196,-.0646,-.127,-.2,-.0506,.00811,-.0124,-.0517,-.0935,-.00758,.0868,.0508,-.00513,-.0775,.215,.227,.219,.213,.225,-.262,-.215,-.226,-.264,-.292,.21,.233,.233,.218,.188,-.278,-.178,-.231,-.278,-.333,.00804,.0549,.037,.00654,-.0233,-.126,-.0871,-.105,-.129,-.145,-.0531,.0644,.0156,-.0462,-.129,-.473,-.421,-.446,-.469,-.496,-.335,-.262,-.294,-.332,-.378,-.0719,.0231,-.0116,-.0681,-.136,.0554,.123,.0978,.0555,.00826,-.0861,-.0608,.000399,-.0304,-.0858,-.148,-.305,-.269,-.307,-.108,-.0184,.0228,.256,-.227,.249,-.21,.0561,-.0781,-.0353,-.466,-.29,-.0461,.0874,0
2020,4,30,m,-.235,-.223,-.171,-.207,-.237,-.293,-.54,-.478,-.522,-.553,-.572,-.616,-.554,-.586,-.616,-.668,-.694,-.67,-.68,-.685,-.713,-.304,-.217,-.261,-.312,-.373,-.0171,.058,.0151,-.0223,-.0863,-.132,-.0525,-.0913,-.13,-.21,.169,.16,.144,.158,.184,-.51,-.467,-.496,-.512,-.542,.191,.251,.232,.184,.131,-.492,-.396,-.456,-.496,-.558,-.134,-.105,-.124,-.138,-.166,-.101,-.0429,-.0947,-.11,-.139,-.21,-.147,-.198,-.218,-.25,-.736,-.714,-.715,-.72,-.761,-.607,-.545,-.576,-.603,-.655,-.14,-.0571,-.0907,-.143,-.213,-.013,.042,.0126,-.0207,-.0658,-.233,-.209,-.137,-.18,-.233,-.3,-.476,-.376,-.43,-.481,-.521,-.598,-.508,-.553,-.598,-.659,-.678,-.638,-.649,-.666,-.704,-.258,-.12,-.18,-.262,-.344,.0156,.119,.0791,.0175,-.0687,-.116,.026,-.0355,-.118,-.216,.109,.143,.114,.0995,.109,-.531,-.473,-.493,-.529,-.57,.635,.709,.704,.633,.57,-.496,-.362,-.434,-.499,-.571,-.113,-.0444,-.0754,-.117,-.159,-.129,-.0524,-.0976,-.13,-.171,-.194,-.0824,-.145,-.185,-.265,-.74,-.701,-.712,-.726,-.766,-.601,-.514,-.554,-.597,-.656,-.0725,.066,.0194,-.068,-.171,.00779,.104,.0641,.00567,-.0594,-.194,-.162,-.0735,-.124,-.194,-.281,-.468,-.564,-.655,-.24,.0501,-.0887,.146,-.508,.687,-.448,-.0704,-.0806,-.179,-.737,-.574,-.0468,.0384,0
2020,5,31,m,-.141,-.13,-.0781,-.117,-.141,-.199,-.326,-.173,-.267,-.355,-.414,-.469,-.383,-.435,-.466,-.538,-.572,-.527,-.537,-.564,-.608,-.141,-.0163,-.081,-.155,-.238,.143,.189,.161,.141,.0972,-.00784,.0833,.0351,-.00543,-.0957,.179,.163,.147,.171,.2,-.345,-.263,-.318,-.353,-.398,.385,.429,.388,.373,.368,-.37,-.258,-.323,-.372,-.446,-.0584,-.0233,-.0525,-.0623,-.095,-.028,.00577,-.032,-.0345,-.0502,.0462,.166,.0826,.029,-.0293,-.68,-.664,-.657,-.659,-.709,-.477,-.393,-.438,-.471,-.541,.0628,.163,.116,.0553,-.0223,.109,.163,.13,.101,.0577,-.122,-.0962,-.0234,-.0685,-.119,-.193,-.212,.0177,-.126,-.217,-.319,-.41,-.276,-.345,-.408,-.499,-.556,-.479,-.498,-.541,-.603,-.0493,.138,.0452,-.0484,-.166,.25,.308,.293,.262,.199,.0571,.206,.144,.0619,-.0547,.152,.171,.153,.147,.158,-.39,-.302,-.336,-.392,-.446,1.13,1.08,1.13,1.15,1.18,-.343,-.185,-.267,-.345,-.436,.00435,.0756,.0398,.00434,-.0447,-.103,-.0384,-.0807,-.1,-.136,.146,.308,.222,.162,.0375,-.683,-.64,-.652,-.668,-.714,-.453,-.328,-.387,-.448,-.53,.215,.369,.312,.23,.104,.187,.272,.236,.193,.126,-.0783,-.0433,.0483,-.00509,-.0746,-.171,-.2,-.36,-.524,-.026,.292,.0895,.19,-.361,1.2,-.282,.0522,-.053,.167,-.679,-.415,.249,.223,0
2020,6,30,m,-.0539,-.0469,-.00652,-.0397,-.0532,-.0992,-.124,.0871,-.0533,-.142,-.232,-.36,-.287,-.326,-.355,-.425,-.404,-.377,-.393,-.39,-.433,-.0174,.122,.0352,-.0221,-.114,.192,.217,.192,.194,.168,.0595,.145,.0907,.0653,-.0181,.0984,.0751,.064,.0931,.128,-.0534,.00566,-.0492,-.057,-.0924,.309,.327,.302,.298,.303,-.142,-.0478,-.11,-.141,-.209,-.00541,.0278,-.00888,-.00786,-.0323,.0755,.0952,.0616,.0682,.0648,.294,.399,.327,.311,.213,-.577,-.559,-.549,-.561,-.607,-.322,-.253,-.289,-.314,-.382,.15,.245,.188,.15,.0783,.128,.166,.132,.126,.0964,-.0415,-.019,.0396,.00194,-.0365,-.098,.000777,.252,.101,-.000253,-.117,-.239,-.111,-.176,-.233,-.325,-.379,-.285,-.317,-.355,-.438,.0637,.23,.147,.069,-.0383,.265,.298,.294,.278,.239,.105,.217,.173,.114,.0184,.0904,.094,.0861,.0903,.107,-.163,-.0919,-.119,-.159,-.209,.887,.848,.887,.898,.931,-.113,.0362,-.049,-.112,-.193,.0484,.105,.074,.0503,.0136,-.035,.0187,-.02,-.0327,-.0592,.406,.54,.466,.44,.311,-.582,-.531,-.545,-.572,-.612,-.274,-.151,-.21,-.266,-.35,.269,.392,.345,.284,.183,.19,.246,.222,.199,.153,.00669,.0384,.116,.0702,.0123,-.073,.0159,-.174,-.334,.0897,.308,.139,.127,-.122,.947,-.0295,.0984,.0185,.433,-.576,-.224,.304,.226,0
2020,7,31,m,-.0297,-.028,.00929,-.0251,-.0307,-.0636,-.0827,.0339,-.0483,-.136,-.139,-.305,-.244,-.275,-.3,-.362,-.417,-.403,-.408,-.411,-.438,.0175,.102,.0508,-.00538,-.0464,.183,.197,.171,.179,.176,.0896,.146,.115,.0942,.0258,.116,.0848,.0797,.117,.148,-.0445,-.0116,-.0473,-.0492,-.0648,.249,.234,.246,.242,.246,-.147,-.0532,-.12,-.153,-.202,.0187,.0355,.00651,.0138,.00569,.0838,.105,.0569,.0745,.0818,.338,.428,.326,.317,.317,-.613,-.575,-.594,-.601,-.641,-.298,-.234,-.27,-.292,-.351,.159,.212,.175,.145,.119,.141,.153,.132,.133,.129,-.0143,.00463,.0597,.0226,-.0103,-.0627,.0158,.207,.0984,.0145,-.0781,-.197,-.0902,-.139,-.189,-.27,-.358,-.279,-.297,-.343,-.408,.0683,.209,.138,.0718,-.0173,.237,.263,.249,.244,.23,.103,.21,.161,.109,.0267,.0975,.0893,.0927,.102,.118,-.131,-.0753,-.101,-.129,-.16,.664,.635,.66,.673,.694,-.0815,.0594,-.0274,-.0835,-.152,.0651,.111,.0867,.0693,.0361,.0174,.0725,.031,.0186,-.00507,.378,.479,.393,.38,.347,-.634,-.572,-.607,-.628,-.661,-.252,-.14,-.194,-.245,-.319,.243,.341,.296,.25,.182,.178,.218,.199,.185,.157,.0352,.0635,.138,.0922,.0399,-.0367,.0311,-.127,-.311,.0945,.279,.136,.134,-.0888,.717,.00459,.116,.0738,.404,-.629,-.2,.277,.214,0
2020,8,31,m,-.0326,-.0307,.00255,-.0295,-.032,-.0643,-.12,-.014,-.094,-.158,-.174,-.246,-.179,-.22,-.24,-.303,-.429,-.377,-.403,-.42,-.466,.00741,.085,.0349,-.00806,-.0517,.15,.164,.129,.153,.147,.102,.151,.122,.11,.0454,.102,.062,.0648,.105,.135,-.0606,-.0315,-.0736,-.0707,-.0716,.277,.267,.247,.294,.281,-.185,-.0751,-.152,-.191,-.253,.00864,.0201,-.00459,.0063,-.00217,.0581,.065,.0363,.0517,.0564,.24,.293,.207,.235,.232,-.59,-.529,-.566,-.579,-.625,-.273,-.197,-.244,-.268,-.33,.135,.182,.14,.13,.101,.121,.126,.106,.119,.114,-.015,.00357,.0546,.0198,-.00995,-.0608,.0381,.216,.133,.0539,-.0668,-.139,-.037,-.0874,-.129,-.209,-.4,-.312,-.339,-.385,-.45,.106,.232,.178,.118,.0212,.214,.231,.219,.224,.213,.151,.241,.204,.16,.0849,.0919,.0823,.0843,.0976,.114,-.149,-.0989,-.12,-.151,-.175,.604,.579,.588,.629,.626,-.14,.00176,-.0839,-.147,-.214,.0687,.105,.0857,.0755,.0462,.00396,.0589,.0183,.00546,-.0203,.367,.451,.399,.374,.328,-.638,-.556,-.608,-.632,-.67,-.243,-.128,-.187,-.237,-.311,.254,.337,.3,.267,.198,.182,.212,.198,.192,.165,.0345,.0623,.132,.0892,.0403,-.0347,.0538,-.0648,-.357,.134,.255,.186,.129,-.107,.655,-.0599,.12,.0596,.393,-.633,-.192,.288,.218,0
2020,9,30,m,.0218,.0234,.0627,.0245,.0222,-.0129,.0063,.165,.0362,.002,-.0717,-.215,-.143,-.192,-.21,-.274,-.362,-.323,-.339,-.351,-.4,.0815,.191,.111,.0827,.00716,.194,.206,.177,.193,.195,.135,.208,.158,.141,.0692,.121,.108,.0933,.119,.135,.047,.0867,.0351,.0458,.0236,.322,.318,.303,.314,.343,-.075,.0355,-.0475,-.0807,-.142,.0554,.0825,.0424,.0575,.0371,.134,.146,.111,.126,.133,.362,.414,.331,.334,.372,-.534,-.465,-.512,-.511,-.58,-.215,-.136,-.189,-.208,-.276,.197,.26,.207,.195,.158,.165,.189,.155,.163,.149,-.0249,-.00627,.0454,.00967,-.0196,-.0701,.0692,.249,.15,.0823,-.0233,-.17,-.0615,-.116,-.16,-.244,-.378,-.3,-.329,-.36,-.426,.0974,.223,.162,.109,.0173,.2,.216,.209,.207,.199,.116,.209,.169,.126,.0467,.0531,.0552,.0503,.0576,.0675,-.102,-.0529,-.0742,-.103,-.126,.58,.552,.574,.595,.615,-.121,.02,-.0636,-.124,-.196,.0493,.0879,.0656,.0565,.0274,-.00169,.0625,.0136,-.00144,-.0286,.334,.446,.378,.328,.287,-.593,-.508,-.562,-.58,-.633,-.238,-.123,-.182,-.229,-.307,.235,.318,.282,.246,.184,.154,.189,.172,.163,.138,.0241,.0519,.122,.0784,.0302,-.0443,.0854,-.0989,-.333,.124,.24,.15,.0885,-.0582,.63,-.0384,.0993,.0536,.359,-.588,-.186,.269,.189,0
2020,10,31,m,-.000905,.000688,.0323,-.000603,.00157,-.0322,-.00265,.114,.00298,.0112,-.0623,-.191,-.125,-.17,-.184,-.249,-.401,-.328,-.378,-.388,-.443,.0758,.15,.0897,.0867,.017,.165,.169,.146,.165,.167,.132,.173,.146,.142,.0796,.131,.106,.0977,.133,.153,-.0294,-.0157,-.0424,-.0375,-.0387,.293,.29,.272,.297,.302,-.127,-.0233,-.104,-.127,-.188,.0414,.056,.0252,.0477,.0279,.0893,.0916,.0632,.0857,.0909,.344,.374,.302,.311,.362,-.527,-.449,-.493,-.514,-.575,-.224,-.146,-.198,-.216,-.283,.181,.222,.181,.184,.15,.16,.168,.143,.163,.151,-.0104,.0089,.0573,.0242,-.00386,-.0551,.135,.303,.204,.183,.0466,-.147,-.0365,-.0949,-.137,-.22,-.389,-.296,-.341,-.374,-.437,.163,.272,.22,.191,.0877,.19,.204,.203,.198,.185,.181,.254,.23,.197,.118,.0826,.0839,.0802,.0889,.0961,-.0872,-.0593,-.0631,-.0844,-.106,.515,.486,.509,.537,.542,-.115,.0175,-.0597,-.114,-.187,.0778,.111,.092,.0895,.0584,.00627,.0628,.02,.00927,-.0192,.343,.445,.399,.33,.289,-.575,-.477,-.535,-.568,-.618,-.222,-.108,-.167,-.214,-.291,.252,.323,.295,.27,.204,.177,.206,.193,.191,.161,.0394,.068,.135,.0939,.0467,-.0289,.152,-.0732,-.344,.192,.23,.218,.119,-.0431,.563,-.0324,.129,.062,.368,-.569,-.169,.287,.213,0
2020,11,30,m,-.0316,-.0247,.0106,-.0146,-.0332,-.0505,-.0394,.028,-.00896,-.0536,-.0664,-.267,-.188,-.23,-.267,-.316,-.439,-.394,-.41,-.433,-.467,.0508,.114,.0916,.0444,.01,.118,.139,.119,.118,.13,.113,.168,.153,.115,.0683,.0716,.0567,.0593,.0729,.105,-.0192,.0179,-.0168,-.0297,-.0176,.238,.239,.241,.24,.26,-.184,-.0653,-.146,-.192,-.236,.00778,.0263,.0118,.00901,.00746,.0746,.0921,.0662,.0682,.0878,.262,.303,.26,.254,.265,-.547,-.472,-.509,-.538,-.587,-.273,-.19,-.235,-.272,-.32,.134,.175,.157,.13,.117,.109,.123,.115,.108,.112,-.0128,.00492,.0442,.0191,-.0069,-.0497,.334,.491,.415,.38,.248,-.252,-.153,-.21,-.249,-.312,-.451,-.376,-.408,-.44,-.49,.413,.538,.5,.442,.316,.25,.226,.247,.266,.275,.464,.564,.549,.482,.365,.124,.126,.125,.128,.138,-.159,-.144,-.139,-.161,-.166,.54,.484,.515,.556,.599,-.225,-.109,-.18,-.23,-.281,.146,.167,.155,.156,.138,-.0261,.018,-.0117,-.0222,-.0464,.601,.692,.67,.617,.523,-.627,-.545,-.595,-.622,-.662,-.311,-.212,-.266,-.308,-.366,.46,.525,.507,.483,.411,.311,.329,.326,.327,.302,.0369,.0638,.121,.0885,.0435,-.0234,.354,-.188,-.411,.447,.293,.509,.162,-.119,.589,-.153,.2,.0278,.631,-.622,-.264,.501,.351,0
2020,12,31,m,-.0204,-.014,.0344,.00213,-.0273,-.0743,-.0726,.0332,-.0411,-.0607,-.147,-.288,-.194,-.236,-.287,-.373,-.427,-.38,-.394,-.427,-.475,-.0162,.0522,.0221,-.00967,-.0917,.115,.153,.123,.105,.0783,.0221,.064,.0607,.0254,-.0503,.0778,.0777,.0689,.0725,.0698,.0393,.0731,.0463,.0213,.00757,.238,.259,.224,.227,.224,-.121,.0108,-.0773,-.127,-.208,.00513,.0398,.0171,.00526,-.0387,.103,.133,.0995,.0882,.0786,.154,.202,.142,.139,.116,-.534,-.455,-.495,-.523,-.59,-.262,-.171,-.215,-.261,-.339,.0645,.119,.0876,.0636,.00733,.0693,.101,.0794,.0666,.0282,.0493,.0624,.111,.0762,.0509,.0191,.521,.758,.609,.567,.412,-.283,-.181,-.234,-.277,-.349,-.433,-.35,-.386,-.422,-.477,.58,.74,.661,.609,.477,.238,.231,.229,.237,.272,.618,.729,.691,.637,.524,.22,.227,.219,.221,.237,-.156,-.148,-.145,-.158,-.153,.299,.297,.284,.302,.33,-.184,-.0701,-.144,-.189,-.237,.247,.274,.247,.255,.248,.0885,.124,.0964,.0883,.0824,1.03,1.13,1.06,1,1,-.642,-.561,-.61,-.633,-.677,-.318,-.22,-.272,-.313,-.374,.529,.626,.562,.539,.488,.392,.43,.399,.399,.388,.102,.125,.193,.149,.104,.0474,.544,-.221,-.391,.618,.28,.667,.261,-.115,.341,-.107,.306,.149,1.06,-.637,-.271,.571,.434,0
2021,1,31,m,-.0028,.0196,.0855,.0419,.000938,-.0608,.0115,.153,.0753,.0165,-.0624,-.186,-.058,-.12,-.175,-.276,-.402,-.298,-.34,-.391,-.459,.115,.229,.18,.124,.0366,.172,.2,.194,.175,.153,.182,.272,.241,.195,.108,.117,.127,.12,.119,.127,-.0451,.0075,-.0161,-.0459,-.0706,.295,.328,.309,.29,.287,-.125,.00848,-.063,-.133,-.199,.0805,.126,.104,.0839,.053,.0715,.153,.0984,.071,.0285,.424,.474,.48,.429,.371,-.617,-.535,-.577,-.604,-.66,-.243,-.118,-.179,-.235,-.321,.204,.284,.257,.211,.147,.165,.207,.192,.17,.139,-.0028,.0196,.0855,.0419,.000938,-.0608,.0115,.153,.0753,.0165,-.0624,-.186,-.058,-.12,-.175,-.276,-.402,-.298,-.34,-.391,-.459,.115,.229,.18,.124,.0366,.172,.2,.194,.175,.153,.182,.272,.241,.195,.108,.117,.127,.12,.119,.127,-.0451,.0075,-.0161,-.0459,-.0706,.295,.328,.309,.29,.287,-.125,.00848,-.063,-.133,-.199,.0805,.126,.104,.0839,.053,.0715,.153,.0984,.071,.0285,.424,.474,.48,.429,.371,-.617,-.535,-.577,-.604,-.66,-.243,-.118,-.179,-.235,-.321,.204,.284,.257,.211,.147,.165,.207,.192,.17,.139,.0473,.0792,.165,.113,.0517,-.0347,.0268,-.116,-.358,.142,.212,.218,.155,.00107,.337,-.0431,.132,.131,.451,-.612,-.191,.237,.201,0
2021,2,28,m,.0282,.0353,.071,.0416,.0296,-.0161,-.0028,.0488,.00805,.0482,-.0543,-.158,-.093,-.129,-.152,-.224,-.341,-.31,-.305,-.334,-.388,.113,.148,.132,.139,.059,.164,.138,.152,.168,.163,.193,.208,.207,.202,.145,.126,.0983,.107,.13,.14,.0265,.0281,.0215,.0163,.021,.319,.276,.296,.319,.338,-.0445,.0374,-.0161,-.0536,-.107,.0924,.0945,.088,.102,.0736,.136,.179,.129,.126,.108,.291,.249,.271,.276,.3,-.559,-.506,-.538,-.542,-.599,-.194,-.126,-.162,-.189,-.257,.188,.186,.189,.202,.162,.161,.144,.151,.171,.153,-.05,-.0291,.0374,-.00767,-.047,-.105,-.0459,.0898,.0123,.00925,-.123,-.181,-.0722,-.124,-.173,-.257,-.35,-.259,-.287,-.34,-.405,.0367,.148,.0972,.064,-.0395,.0929,.123,.113,.0966,.0737,.0907,.181,.146,.0998,.0212,.0287,.0424,.0315,.0321,.0358,-.0683,-.0226,-.0295,-.0685,-.0965,.217,.245,.225,.209,.215,-.142,-.0126,-.0883,-.149,-.213,.0138,.0623,.0367,.0217,-.0158,.00992,.102,.04,.0072,-.0374,.308,.355,.333,.302,.281,-.585,-.514,-.551,-.569,-.625,-.237,-.127,-.178,-.23,-.307,.116,.192,.161,.132,.0641,.0773,.119,.0993,.0878,.0528,-.00219,.0277,.114,.0599,.0013,-.0802,-.0315,-.111,-.303,.0621,.13,.124,.0633,-.0233,.255,-.0617,.0621,.0659,.332,-.579,-.185,.147,.11,0
2021,3,31,m,.131,.147,.195,.161,.134,.0633,.117,.25,.158,.13,.0237,-.0875,-.0191,-.0496,-.0845,-.159,-.238,-.157,-.192,-.223,-.306,.216,.3,.26,.232,.122,.289,.29,.307,.292,.253,.289,.334,.327,.311,.203,.162,.16,.152,.167,.151,.199,.22,.188,.194,.184,.438,.403,.459,.429,.434,.0982,.201,.124,.0961,.0186,.164,.19,.17,.172,.122,.275,.351,.296,.265,.204,.475,.506,.494,.454,.43,-.423,-.373,-.401,-.404,-.467,-.0871,-.00957,-.0514,-.08,-.158,.316,.363,.355,.322,.247,.251,.27,.264,.258,.21,.124,.158,.248,.195,.127,.0375,.267,.557,.396,.303,.118,.00789,.151,.0893,.0132,-.0919,-.168,-.00619,-.0633,-.151,-.262,.281,.483,.394,.304,.145,.321,.386,.384,.323,.258,.291,.442,.393,.304,.164,.102,.14,.121,.102,.0854,.112,.176,.16,.111,.0726,.657,.685,.715,.651,.62,.0534,.233,.128,.0445,-.0448,.17,.252,.214,.174,.11,.18,.314,.241,.176,.0915,.563,.708,.677,.557,.451,-.411,-.319,-.362,-.397,-.461,-.0515,.0952,.0291,-.0458,-.144,.38,.537,.485,.393,.265,.257,.342,.312,.265,.193,.181,.225,.34,.276,.184,.0663,.286,.0946,-.108,.313,.366,.331,.139,.166,.71,.152,.225,.245,.592,-.403,.0133,.418,.295,0
2021,4,30,m,.107,.122,.175,.139,.108,.0413,.135,.273,.175,.14,.0506,-.00206,.0749,.042,.00345,-.0801,-.162,-.0361,-.0874,-.152,-.25,.206,.291,.245,.221,.121,.259,.27,.276,.257,.23,.259,.305,.29,.283,.18,.13,.121,.127,.133,.123,.102,.13,.108,.0893,.0763,.344,.33,.358,.348,.336,.0593,.154,.0899,.0531,-.0144,.135,.16,.144,.142,.0964,.159,.246,.18,.149,.094,.468,.485,.517,.428,.431,-.366,-.318,-.346,-.351,-.409,-.048,.0375,-.00441,-.0433,-.123,.291,.341,.325,.297,.231,.225,.241,.237,.23,.191,.105,.136,.208,.169,.108,.0326,.287,.505,.393,.316,.176,.0389,.171,.116,.0444,-.0513,-.124,.0446,-.00659,-.106,-.226,.281,.435,.372,.302,.175,.295,.328,.347,.301,.256,.276,.396,.359,.294,.174,.0671,.092,.0885,.0704,.0544,.0499,.104,.107,.0453,.0127,.837,.796,.865,.848,.858,.0482,.204,.125,.0394,-.0415,.157,.223,.199,.164,.108,.119,.219,.168,.117,.0548,.492,.578,.604,.48,.407,-.38,-.296,-.345,-.37,-.422,-.0389,.096,.0399,-.0346,-.124,.386,.499,.475,.403,.298,.245,.299,.291,.257,.201,.161,.203,.297,.249,.165,.0612,.307,.128,-.06,.312,.339,.316,.103,.101,.896,.146,.212,.181,.519,-.371,.0268,.425,.283,0
2021,5,31,m,.0872,.0983,.128,.108,.0899,.0345,.128,.175,.157,.146,.0558,.00305,.0522,.0234,.00877,-.0546,-.0493,.0372,.0177,-.0323,-.141,.184,.218,.215,.201,.111,.167,.164,.18,.166,.141,.225,.246,.252,.242,.157,.113,.0917,.11,.118,.106,.0469,.0736,.0487,.0339,.0248,.206,.207,.217,.207,.182,-.0195,.0632,.00724,-.032,-.082,.104,.111,.111,.114,.0667,.176,.221,.186,.168,.127,.325,.316,.346,.289,.301,-.303,-.266,-.283,-.287,-.351,-.0442,.0167,-.0167,-.0403,-.107,.225,.242,.249,.229,.174,.18,.174,.188,.185,.149,.112,.138,.194,.164,.116,.0499,.318,.446,.374,.389,.237,.114,.233,.181,.118,.0342,-.0127,.142,.0995,.0169,-.123,.311,.409,.377,.35,.227,.277,.28,.309,.287,.257,.306,.387,.379,.324,.219,.0881,.0991,.112,.0942,.0762,-.0237,.0165,.0172,-.0307,-.0498,.856,.757,.863,.889,.897,.0219,.168,.0861,.00852,-.058,.178,.223,.215,.192,.135,.0864,.167,.122,.0871,.0333,.452,.476,.512,.454,.402,-.31,-.215,-.274,-.307,-.356,.00017,.125,.0677,.00163,-.0777,.403,.463,.462,.431,.337,.263,.285,.295,.283,.233,.168,.205,.282,.243,.173,.079,.338,.21,.0588,.343,.32,.346,.125,.0234,.915,.118,.235,.147,.48,-.3,.0686,.441,.302,0
2021,6,30,m,.11,.121,.159,.133,.11,.0558,.127,.208,.158,.111,.0671,-.00634,.0318,.0211,-.00447,-.0584,.0831,.169,.13,.0865,-.00116,.187,.254,.222,.188,.113,.151,.168,.164,.146,.117,.231,.284,.262,.244,.151,.0773,.0683,.0783,.0846,.0628,.146,.175,.145,.119,.128,.142,.16,.159,.136,.108,.0752,.159,.104,.0669,.00524,.112,.137,.123,.116,.0705,.215,.265,.226,.206,.165,.323,.332,.354,.305,.283,-.194,-.149,-.171,-.179,-.249,.00759,.0598,.0354,.00765,-.0507,.21,.254,.234,.205,.158,.155,.167,.164,.155,.122,.0964,.121,.18,.148,.0977,.0356,.256,.354,.308,.258,.202,.151,.252,.213,.151,.083,.1,.305,.234,.117,-.0302,.253,.338,.315,.262,.183,.19,.212,.228,.192,.161,.251,.329,.319,.264,.17,.0424,.058,.069,.0513,.0223,-.0121,.0325,.0302,-.0304,-.0368,.605,.573,.631,.614,.609,.0842,.228,.145,.0719,.00471,.143,.19,.182,.148,.0984,.0629,.145,.0986,.0615,.00797,.401,.427,.453,.392,.359,-.224,-.12,-.187,-.224,-.274,.0523,.172,.117,.0487,-.0215,.302,.365,.357,.307,.245,.187,.214,.22,.195,.156,.152,.186,.267,.226,.153,.0643,.275,.25,.18,.283,.23,.289,.0775,.0356,.656,.186,.197,.122,.427,-.213,.124,.338,.223,0
2021,7,31,m,.0861,.101,.147,.118,.0864,.0329,.131,.203,.168,.0742,.0885,.0606,.108,.098,.0615,.00755,.0171,.113,.0829,.0211,-.0668,.185,.243,.234,.168,.119,.126,.156,.152,.121,.0923,.224,.27,.276,.239,.143,.078,.0841,.0911,.0885,.0589,.0655,.0986,.0862,.0535,.0378,.111,.136,.14,.103,.0796,.0241,.113,.0624,.0124,-.0369,.103,.136,.123,.104,.0633,.12,.194,.135,.112,.066,.333,.348,.377,.319,.289,-.216,-.147,-.184,-.206,-.272,.0145,.0807,.0549,.0139,-.0461,.189,.236,.225,.177,.14,.142,.165,.164,.14,.109,.0993,.124,.187,.152,.101,.0362,.248,.384,.325,.251,.168,.221,.314,.282,.22,.156,.117,.323,.264,.13,-.0156,.24,.344,.313,.249,.156,.174,.202,.208,.174,.145,.234,.321,.306,.247,.147,.0558,.0728,.085,.0655,.0339,-.0342,.0128,.00702,-.0423,-.0661,.474,.484,.492,.474,.471,.0991,.228,.154,.0873,.0261,.149,.201,.192,.155,.0979,.0474,.141,.0878,.0457,-.0174,.367,.376,.421,.371,.321,-.261,-.153,-.224,-.266,-.31,.0776,.196,.144,.0737,.00317,.27,.347,.327,.274,.208,.175,.212,.212,.182,.138,.155,.19,.274,.23,.156,.065,.267,.326,.198,.27,.214,.272,.0913,.0125,.521,.202,.203,.105,.393,-.251,.151,.306,.211,0
2021,8,31,m,.0792,.0871,.121,.0972,.0782,.028,.0952,.144,.115,.0566,.0543,.00776,.04,.0304,.0102,-.0445,-.0673,.000147,-.00831,-.0538,-.154,.173,.21,.207,.164,.109,.0996,.117,.109,.0929,.0671,.231,.254,.269,.249,.153,.0723,.0531,.0705,.0805,.061,.11,.129,.109,.0949,.0865,.125,.136,.132,.12,.102,-.00478,.0757,.0233,-.00797,-.0782,.0966,.112,.104,.0979,.0586,.147,.18,.15,.137,.104,.267,.26,.255,.26,.239,-.262,-.203,-.244,-.255,-.315,-.0218,.0288,.00499,-.0199,-.0833,.171,.197,.188,.161,.125,.13,.13,.135,.128,.101,.0898,.113,.172,.14,.0905,.0281,.281,.403,.379,.308,.187,.141,.213,.191,.145,.0818,-.0274,.0981,.0858,-.00774,-.131,.278,.366,.359,.297,.19,.151,.175,.184,.147,.124,.276,.344,.347,.289,.192,.0542,.067,.0782,.0617,.0377,-.0016,.0446,.042,-.0106,-.0374,.402,.407,.426,.395,.394,.0412,.158,.0932,.0351,-.0332,.153,.197,.191,.16,.106,.0797,.166,.118,.0747,.0197,.385,.407,.438,.385,.33,-.354,-.252,-.326,-.356,-.4,.00983,.11,.0688,.0107,-.0609,.282,.346,.34,.288,.22,.181,.209,.216,.188,.147,.145,.178,.258,.218,.146,.0567,.3,.239,.0431,.309,.19,.315,.0897,.0466,.446,.139,.207,.14,.411,-.345,.0789,.318,.217,0
2021,9,30,m,.134,.143,.18,.154,.133,.0794,.167,.229,.186,.158,.113,.0245,.062,.0446,.028,-.0303,.0328,.0912,.0958,.0376,-.0549,.233,.293,.274,.237,.153,.162,.172,.173,.156,.13,.28,.333,.33,.294,.185,.102,.0871,.0992,.107,.0914,.174,.184,.178,.172,.136,.199,.193,.215,.183,.185,.0888,.172,.114,.0841,.0138,.144,.167,.153,.148,.102,.223,.263,.228,.207,.177,.376,.341,.372,.347,.371,-.236,-.171,-.219,-.223,-.293,.02,.072,.0458,.0246,-.0452,.237,.267,.26,.231,.185,.18,.183,.188,.179,.15,.0737,.0974,.154,.125,.0747,.0132,.23,.31,.302,.237,.167,.0743,.156,.13,.0818,.00593,-.00266,.122,.0989,.0114,-.0994,.241,.32,.318,.253,.16,.157,.174,.192,.156,.13,.248,.326,.328,.263,.156,.0271,.0297,.0444,.0343,.0224,-.00118,.0256,.0422,-.00577,-.0332,.422,.397,.451,.42,.419,.0264,.148,.0835,.021,-.0534,.128,.167,.165,.135,.0877,.0672,.164,.108,.0588,.00485,.336,.364,.405,.325,.281,-.339,-.242,-.308,-.339,-.384,-.017,.0814,.043,-.0139,-.089,.266,.318,.324,.269,.208,.16,.176,.191,.166,.134,.128,.162,.239,.201,.129,.0413,.249,.167,.0696,.271,.197,.286,.0616,.0471,.467,.123,.182,.126,.361,-.33,.0502,.301,.195,0
2021,10,31,m,.116,.124,.154,.131,.117,.0639,.17,.208,.167,.146,.133,.0803,.111,.0971,.0879,.0234,.0145,.16,.0786,.0244,-.0918,.265,.312,.307,.263,.186,.156,.153,.159,.152,.132,.333,.378,.398,.349,.228,.118,.0899,.11,.124,.115,.0368,.0476,.0409,.0194,.0123,.231,.245,.245,.221,.198,-.0419,.0421,-.0213,-.0422,-.11,.153,.168,.16,.156,.112,.15,.175,.145,.144,.109,.382,.339,.353,.348,.394,-.188,-.145,-.185,-.185,-.233,.0113,.0658,.0323,.0138,-.0515,.263,.287,.283,.255,.211,.202,.195,.206,.201,.175,.0967,.121,.175,.146,.0991,.035,.321,.405,.384,.325,.26,.13,.216,.184,.138,.0592,.0269,.209,.13,.0375,-.0845,.357,.443,.447,.369,.264,.171,.18,.203,.172,.145,.38,.465,.483,.398,.267,.0616,.0619,.0807,.0679,.0568,-.0328,-.00453,.0072,-.041,-.0618,.43,.425,.46,.431,.413,-.0367,.0793,.0161,-.0395,-.113,.183,.222,.222,.188,.141,.0535,.138,.0867,.0516,-.00668,.37,.4,.438,.353,.314,-.277,-.193,-.26,-.283,-.313,.00471,.107,.0597,.00602,-.0662,.329,.385,.392,.332,.264,.21,.226,.244,.216,.181,.152,.186,.261,.225,.155,.0637,.341,.227,.101,.39,.211,.422,.0973,.0139,.476,.0536,.24,.112,.396,-.267,.0734,.366,.247,0
2021,11,30,m,.151,.159,.205,.173,.147,.105,.236,.255,.258,.186,.209,.0422,.0811,.0644,.0428,-.0044,.056,.129,.117,.061,-.0265,.267,.321,.318,.249,.202,.16,.192,.178,.15,.134,.289,.362,.355,.295,.196,.0677,.0604,.0657,.0747,.0696,.17,.204,.172,.156,.147,.233,.252,.265,.231,.198,.0526,.164,.0826,.0489,-.0207,.149,.179,.164,.148,.117,.256,.305,.259,.247,.217,.386,.4,.383,.36,.377,-.0778,-.0139,-.054,-.0754,-.132,.0479,.105,.0736,.0473,-.00712,.259,.303,.293,.242,.212,.184,.196,.196,.177,.162,.163,.181,.238,.199,.165,.102,.702,.81,.776,.709,.61,.0539,.122,.0805,.0563,-.00258,.0256,.154,.109,.0369,-.0721,.69,.813,.792,.705,.559,.286,.276,.297,.288,.275,.682,.814,.8,.702,.523,.111,.124,.119,.117,.0979,-.00527,.00684,.0142,-.0108,-.0298,.521,.492,.528,.527,.515,-.00841,.103,.0283,-.0116,-.0819,.296,.333,.314,.3,.258,.129,.209,.154,.129,.0633,.744,.808,.812,.734,.652,-.247,-.155,-.229,-.253,-.292,-.0153,.0683,.0191,-.0154,-.0774,.609,.682,.665,.612,.526,.388,.408,.406,.394,.355,.222,.25,.329,.281,.224,.132,.728,.145,.0999,.731,.33,.734,.149,.0428,.57,.0845,.358,.192,.777,-.237,.052,.654,.431,0
2021,12,31,m,.0813,.0884,.148,.108,.0725,.0138,.0695,.125,.0929,.0526,.00627,.0206,.0791,.0528,.0145,-.049,-.00528,.0688,.0413,-.0154,-.0898,.102,.155,.147,.0985,.019,.0906,.136,.114,.08,.0302,.125,.174,.179,.13,.0289,.0532,.0506,.0537,.0535,.035,.139,.179,.149,.112,.0957,.19,.229,.204,.175,.136,.0545,.17,.0883,.0515,-.0408,.0805,.12,.101,.0776,.0216,.138,.208,.145,.12,.0769,.183,.199,.172,.16,.14,-.181,-.0823,-.155,-.18,-.256,.0151,.0902,.0476,.00808,-.0613,.109,.159,.14,.0984,.0378,.0869,.113,.104,.0809,.0363,.149,.16,.226,.176,.146,.112,.74,.904,.814,.737,.659,.0199,.0906,.0443,.0179,-.0162,-.0227,.114,.0434,-.0181,-.0958,.756,.899,.843,.765,.651,.201,.206,.206,.195,.211,.766,.896,.86,.784,.645,.182,.19,.189,.186,.193,-.0823,-.0699,-.0713,-.0937,-.0825,.239,.258,.249,.233,.23,-.0292,.0703,-.00169,-.0342,-.0793,.329,.364,.336,.33,.322,.114,.191,.129,.108,.0767,1.06,1.11,1.09,1.02,1.04,-.375,-.265,-.355,-.375,-.416,-.0695,.0194,-.0388,-.0725,-.115,.579,.675,.62,.572,.528,.403,.437,.415,.402,.394,.207,.228,.316,.256,.204,.143,.767,.108,.0482,.799,.242,.82,.222,-.038,.278,.0618,.393,.176,1.1,-.366,-.00591,.623,.446,0
2022,1,31,m,.0713,.0885,.14,.104,.0754,.0238,.159,.151,.18,.212,.128,.0333,.0907,.0655,.0448,-.0154,-.0493,.0858,.0372,-.0375,-.141,.251,.295,.308,.279,.188,.12,.136,.132,.116,.11,.312,.377,.382,.323,.231,.0619,.0586,.0605,.0693,.0746,.0174,.0405,.0363,.00762,.00114,.224,.252,.228,.215,.216,-.0383,.0714,.00265,-.0402,-.107,.127,.154,.143,.138,.103,.0723,.151,.0954,.0713,.022,.277,.226,.294,.257,.277,-.281,-.195,-.253,-.273,-.329,-.0381,.0424,.00201,-.0323,-.0959,.227,.26,.258,.236,.189,.154,.161,.164,.163,.143,.0713,.0885,.14,.104,.0754,.0238,.159,.151,.18,.212,.128,.0333,.0907,.0655,.0448,-.0154,-.0493,.0858,.0372,-.0375,-.141,.251,.295,.308,.279,.188,.12,.136,.132,.116,.11,.312,.377,.382,.323,.231,.0619,.0586,.0605,.0693,.0746,.0174,.0405,.0363,.00762,.00114,.224,.252,.228,.215,.216,-.0383,.0714,.00265,-.0402,-.107,.127,.154,.143,.138,.103,.0723,.151,.0954,.0713,.022,.277,.226,.294,.257,.277,-.281,-.195,-.253,-.273,-.329,-.0381,.0424,.00201,-.0323,-.0959,.227,.26,.258,.236,.189,.154,.161,.164,.163,.143,.125,.152,.224,.179,.13,.0522,.176,.122,.0196,.282,.158,.352,.0975,.0665,.263,.0518,.181,.132,.301,-.271,.0277,.261,.189,0
2022,2,28,m,.16,.169,.195,.181,.158,.106,.189,.14,.188,.201,.163,.12,.131,.131,.127,.0745,.0457,.0783,.0998,.0554,-.0425,.316,.313,.354,.324,.247,.179,.151,.181,.176,.162,.403,.418,.456,.41,.311,.108,.0836,.106,.113,.102,.136,.114,.127,.12,.125,.332,.291,.328,.335,.315,.107,.179,.133,.0964,.0345,.192,.192,.203,.197,.154,.174,.235,.184,.157,.115,.302,.206,.316,.272,.293,-.109,-.0656,-.0922,-.106,-.162,.0774,.108,.0964,.0783,.0209,.294,.271,.308,.295,.252,.213,.182,.214,.216,.192,.0722,.0959,.157,.125,.0717,.00619,.137,.184,.193,.156,.0783,.09,.157,.138,.0984,.0285,.0321,.159,.129,.0466,-.0685,.225,.313,.313,.237,.131,.107,.136,.141,.104,.0727,.283,.386,.382,.29,.169,.0125,.0285,.0305,.0166,.000852,.031,.0594,.0707,.0266,-.00484,.228,.259,.255,.224,.194,-.00639,.122,.0497,-.0143,-.088,.107,.157,.146,.11,.0581,.0437,.154,.091,.0347,-.0318,.319,.308,.38,.298,.274,-.161,-.0803,-.119,-.159,-.215,.0204,.106,.0748,.0235,-.0478,.215,.277,.276,.219,.147,.125,.155,.16,.13,.0884,.126,.16,.242,.202,.126,.0341,.154,.184,.107,.255,.144,.322,.0465,.0808,.267,.0868,.159,.102,.344,-.149,.0902,.249,.16,0
2022,3,31,m,.187,.194,.226,.204,.186,.136,.0983,.0569,.0797,.071,.095,.0827,.0926,.091,.0816,.0473,.102,.181,.161,.109,.00565,.292,.288,.324,.286,.234,.191,.177,.193,.188,.171,.436,.441,.487,.45,.348,.0948,.0823,.0918,.102,.0824,.231,.229,.215,.217,.217,.288,.269,.29,.275,.283,.133,.195,.139,.126,.0739,.202,.209,.208,.205,.164,.239,.3,.249,.225,.174,.331,.253,.322,.311,.319,.00952,.042,.0103,.0138,-.0401,.101,.128,.11,.0996,.0537,.284,.272,.295,.272,.247,.204,.186,.205,.202,.184,.18,.206,.28,.239,.177,.108,.246,.316,.301,.236,.195,.196,.282,.25,.197,.13,.202,.392,.346,.211,.0697,.362,.47,.465,.361,.259,.221,.264,.263,.217,.175,.438,.558,.56,.443,.305,.0384,.0637,.0625,.0402,.0207,.141,.185,.186,.131,.103,.485,.524,.516,.473,.45,.0871,.227,.143,.0726,.00703,.208,.273,.253,.207,.151,.146,.265,.196,.139,.0643,.411,.422,.485,.403,.339,.0298,.131,.0756,.0258,-.0294,.144,.247,.205,.141,.0723,.345,.435,.421,.341,.264,.209,.253,.25,.208,.167,.24,.276,.374,.323,.237,.139,.264,.299,.29,.395,.263,.482,.0733,.197,.532,.189,.265,.21,.437,.0441,.222,.383,.246,0
2022,4,30,m,.169,.177,.215,.189,.166,.115,.12,.104,.107,.101,.104,.16,.185,.171,.158,.115,.105,.236,.18,.107,-.000815,.3,.313,.337,.297,.233,.176,.175,.182,.163,.156,.432,.446,.486,.444,.34,.129,.112,.13,.134,.119,.103,.113,.0901,.0959,.0739,.185,.195,.192,.166,.17,.0544,.121,.0594,.0423,-.00227,.197,.205,.206,.199,.158,.167,.226,.177,.158,.105,.349,.284,.359,.301,.343,.0019,.053,.017,-.000664,-.051,.106,.153,.12,.102,.0507,.273,.279,.291,.258,.232,.214,.203,.22,.207,.19,.168,.191,.249,.222,.166,.105,.271,.305,.312,.27,.235,.207,.291,.254,.205,.15,.156,.339,.285,.167,.032,.38,.459,.473,.383,.292,.21,.228,.247,.204,.18,.452,.547,.566,.456,.333,.0665,.0827,.0914,.0707,.0503,.0509,.0869,.0888,.0516,.0104,.62,.613,.637,.599,.626,.0434,.169,.0938,.0287,-.0297,.221,.271,.265,.222,.17,.126,.199,.165,.125,.0651,.371,.365,.438,.349,.319,-.0194,.087,.019,-.03,-.0729,.117,.218,.17,.112,.0496,.367,.429,.436,.36,.3,.234,.259,.273,.233,.2,.227,.261,.341,.305,.225,.136,.29,.311,.24,.414,.251,.496,.102,.102,.672,.141,.279,.188,.396,-.00574,.193,.405,.271,0
2022,5,31,m,.155,.162,.188,.172,.153,.103,.0892,.0375,.0847,.0539,.0741,.115,.127,.114,.117,.0779,.098,.206,.174,.105,-.0104,.273,.268,.31,.262,.209,.118,.115,.132,.108,.0874,.406,.415,.451,.418,.319,.114,.0962,.109,.119,.104,.122,.133,.119,.107,.0963,.162,.185,.176,.142,.132,.05,.118,.0644,.0405,-.0133,.183,.188,.192,.184,.142,.171,.21,.181,.16,.115,.256,.203,.266,.207,.242,.0348,.0679,.0357,.0369,-.0155,.093,.126,.102,.0914,.0422,.224,.223,.246,.205,.179,.179,.166,.186,.171,.151,.181,.204,.258,.231,.181,.12,.273,.277,.288,.277,.259,.239,.321,.286,.239,.179,.14,.328,.269,.161,.0109,.41,.467,.484,.419,.335,.223,.227,.256,.224,.198,.499,.575,.597,.512,.391,.0895,.104,.111,.0953,.0746,.0464,.0723,.0854,.0374,.0165,.789,.726,.799,.787,.817,.0943,.228,.148,.0841,.0125,.263,.309,.303,.267,.215,.0817,.157,.117,.0799,.0224,.376,.349,.423,.362,.338,.0247,.143,.0484,.00845,-.0228,.144,.247,.196,.139,.0761,.401,.441,.458,.403,.342,.263,.275,.293,.268,.235,.24,.274,.35,.315,.241,.151,.292,.345,.223,.444,.265,.545,.126,.097,.846,.197,.323,.142,.402,.039,.222,.44,.301,0
2022,6,30,m,.203,.212,.245,.223,.202,.146,.0867,.0716,.0779,.0724,.0642,.0794,.0881,.0883,.0802,.0401,.164,.235,.198,.168,.0781,.291,.324,.336,.287,.211,.146,.154,.158,.137,.11,.437,.481,.498,.444,.33,.128,.12,.124,.135,.112,.198,.199,.19,.183,.172,.165,.201,.18,.144,.123,.153,.223,.168,.141,.0815,.234,.26,.247,.238,.181,.262,.305,.267,.252,.205,.324,.274,.341,.305,.292,.065,.117,.079,.0688,.000552,.113,.14,.123,.111,.0613,.247,.273,.273,.235,.19,.197,.201,.206,.193,.161,.188,.212,.267,.24,.188,.124,.21,.201,.218,.214,.199,.251,.32,.292,.249,.196,.182,.379,.308,.201,.0467,.362,.412,.438,.367,.287,.185,.197,.221,.182,.154,.461,.533,.565,.468,.351,.0913,.109,.114,.0998,.0695,.033,.0538,.0708,.0254,.00109,.637,.628,.661,.626,.63,.162,.296,.212,.147,.0809,.268,.318,.313,.274,.211,.104,.181,.136,.102,.0427,.403,.365,.439,.393,.368,.0263,.154,.0576,.0113,-.0318,.162,.26,.212,.156,.0939,.341,.385,.4,.339,.279,.23,.25,.264,.234,.196,.248,.283,.361,.324,.249,.155,.228,.358,.268,.395,.225,.505,.128,.0829,.689,.271,.329,.165,.429,.0407,.242,.378,.268,0
2022,7,31,m,.161,.173,.214,.188,.16,.107,.149,.079,.087,.648,.0707,.101,.131,.121,.0993,.0552,.0782,.164,.139,.0828,-.0133,.313,.316,.346,.531,.212,.116,.133,.136,.106,.0855,.43,.466,.511,.444,.322,.135,.139,.138,.142,.122,.0546,.0526,.0661,.0449,.0331,.14,.162,.168,.125,.104,.0263,.121,.0539,.00585,-.0335,.208,.234,.22,.268,.157,.192,.246,.196,.187,.142,.334,.296,.357,.306,.305,-.0197,.0608,-.00161,-.0103,-.0871,.0657,.117,.09,.062,.0106,.242,.258,.264,.339,.177,.197,.202,.207,.257,.156,.175,.198,.256,.224,.176,.11,.268,.242,.233,.92,.149,.268,.342,.309,.263,.211,.184,.384,.33,.198,.0409,.374,.423,.432,.637,.252,.163,.178,.191,.158,.138,.442,.526,.547,.452,.326,.112,.127,.132,.118,.0955,-.044,-.0295,-.0117,-.0501,-.0703,.513,.518,.528,.504,.503,.101,.236,.145,.0803,.0297,.259,.304,.295,.327,.195,.115,.192,.146,.116,.0523,.369,.322,.4,.358,.338,-.0765,.0523,-.0497,-.0845,-.134,.132,.236,.182,.125,.0628,.327,.371,.369,.45,.247,.231,.251,.256,.304,.186,.234,.268,.348,.307,.235,.141,.287,.377,.27,.407,.203,.486,.149,.00214,.561,.205,.319,.177,.394,-.0636,.209,.364,.269,0
2022,8,31,m,.168,.173,.205,.182,.165,.116,.063,.0554,.0567,.0167,.0446,.0452,.0693,.0596,.0439,-.00268,.125,.199,.174,.136,.028,.261,.286,.302,.243,.187,.11,.131,.121,.0985,.0724,.407,.438,.468,.422,.3,.0987,.0793,.0906,.105,.0904,.198,.197,.195,.176,.175,.152,.178,.164,.135,.117,.112,.207,.126,.1,.035,.164,.177,.17,.162,.122,.241,.268,.238,.232,.191,.268,.221,.258,.245,.246,.0544,.123,.0783,.0624,-.0229,.0871,.127,.103,.0843,.0285,.207,.232,.228,.189,.153,.162,.161,.167,.154,.129,.18,.201,.261,.228,.178,.116,.243,.294,.307,.259,.176,.183,.248,.225,.183,.129,.174,.317,.285,.191,.056,.373,.452,.466,.385,.273,.163,.19,.196,.153,.13,.458,.541,.558,.468,.344,.0802,.0936,.0983,.0859,.0664,.0769,.107,.123,.0623,.0413,.435,.459,.467,.414,.413,.163,.3,.203,.148,.0855,.223,.268,.262,.228,.173,.168,.254,.204,.165,.1,.387,.363,.442,.369,.338,-.0772,.053,-.0382,-.0816,-.144,.122,.216,.173,.118,.0536,.322,.386,.386,.318,.25,.215,.242,.249,.216,.177,.239,.271,.353,.312,.238,.147,.262,.285,.259,.407,.202,.503,.116,.129,.481,.272,.281,.233,.413,-.0643,.199,.359,.252,0
2022,9,30,m,.202,.209,.247,.22,.199,.144,.129,.126,.122,.123,.0987,.0903,.126,.103,.0873,.0399,.175,.271,.24,.173,.0691,.318,.363,.366,.32,.232,.145,.162,.159,.132,.11,.453,.509,.521,.461,.336,.147,.142,.146,.149,.128,.184,.185,.177,.18,.15,.201,.232,.225,.173,.165,.165,.262,.182,.151,.0874,.209,.233,.218,.211,.159,.273,.305,.271,.264,.22,.317,.243,.311,.277,.314,.0703,.143,.0874,.0845,-.0081,.121,.171,.137,.12,.0585,.254,.284,.28,.239,.195,.209,.218,.22,.202,.169,.138,.161,.219,.189,.137,.074,.19,.201,.232,.2,.152,.143,.226,.194,.144,.0788,.135,.307,.244,.143,.0188,.327,.392,.414,.337,.239,.141,.165,.178,.132,.109,.416,.501,.518,.426,.303,.0693,.0816,.0891,.0737,.0567,.00752,.027,.0415,.000918,-.0216,.424,.442,.463,.408,.396,.0982,.236,.149,.0839,.0154,.192,.232,.232,.196,.144,.111,.203,.147,.108,.0417,.278,.263,.342,.256,.228,-.0741,.0453,-.0367,-.0786,-.136,.0807,.182,.134,.0774,.01,.283,.336,.345,.278,.217,.188,.211,.223,.188,.153,.195,.229,.309,.27,.195,.104,.208,.242,.217,.359,.18,.46,.105,.0562,.469,.201,.249,.172,.302,-.0611,.155,.318,.224,0
2022,10,31,m,.162,.168,.203,.178,.158,.106,.0984,.0784,.0864,.078,.081,.113,.143,.13,.111,.0586,.119,.254,.19,.131,.0034,.291,.317,.332,.284,.217,.123,.142,.13,.11,.0888,.429,.466,.491,.436,.324,.148,.127,.139,.153,.14,.0694,.0718,.0707,.0506,.0437,.209,.262,.225,.181,.16,.041,.136,.054,.0327,-.0305,.189,.203,.194,.191,.145,.205,.236,.208,.197,.152,.279,.222,.237,.239,.294,.0387,.105,.0666,.0386,-.0339,.0865,.138,.106,.0823,.0231,.24,.271,.26,.223,.185,.201,.204,.206,.194,.168,.141,.164,.225,.194,.139,.0758,.24,.254,.289,.247,.202,.164,.251,.219,.162,.0956,.133,.306,.247,.146,.0115,.385,.448,.475,.393,.297,.138,.169,.173,.129,.101,.479,.558,.583,.488,.365,.0903,.0983,.108,.0956,.08,-.00241,.0185,.036,-.0117,-.0328,.405,.445,.438,.385,.368,.0466,.177,.0943,.0355,-.033,.22,.258,.258,.225,.175,.104,.196,.146,.101,.032,.268,.277,.316,.243,.22,-.0749,.0416,-.032,-.0862,-.135,.0794,.182,.136,.074,.00718,.305,.369,.367,.298,.237,.21,.236,.244,.209,.174,.199,.233,.315,.276,.197,.106,.259,.264,.215,.419,.176,.524,.127,.0458,.449,.145,.279,.165,.291,-.062,.153,.341,.246,0
2022,11,30,m,.194,.202,.247,.216,.19,.151,.172,.123,.171,.139,.169,.0612,.105,.0856,.055,.0194,.236,.315,.297,.238,.148,.292,.313,.34,.276,.236,.118,.158,.137,.107,.0848,.375,.431,.444,.375,.286,.11,.0965,.106,.118,.115,.202,.226,.198,.189,.184,.165,.215,.201,.147,.122,.142,.26,.161,.136,.0701,.182,.2,.195,.182,.154,.34,.391,.349,.33,.294,.312,.302,.316,.284,.297,.118,.219,.164,.126,.0326,.12,.178,.143,.116,.067,.23,.267,.263,.211,.184,.182,.192,.196,.175,.159,.207,.225,.281,.244,.209,.148,.615,.618,.653,.642,.557,.0731,.146,.102,.0688,.0213,.201,.345,.288,.209,.0939,.723,.802,.821,.742,.604,.24,.239,.253,.24,.22,.793,.906,.918,.807,.637,.155,.162,.161,.162,.145,.0216,.0256,.0369,.017,.00211,.438,.448,.45,.423,.418,.0758,.194,.103,.0702,.00319,.333,.357,.349,.339,.3,.204,.289,.237,.204,.131,.651,.681,.725,.638,.556,-.0878,.0443,-.0507,-.0897,-.158,.0522,.139,.0852,.049,-.00847,.571,.635,.627,.572,.491,.387,.403,.406,.392,.353,.268,.297,.375,.329,.27,.18,.639,.165,.288,.765,.282,.848,.194,.071,.483,.177,.397,.271,.682,-.0751,.124,.615,.429,0
2022,12,31,m,.161,.169,.224,.189,.152,.0892,.0386,.0395,.0422,.0276,-.00572,.0882,.141,.116,.0807,.0196,.174,.222,.233,.164,.0793,.159,.193,.207,.154,.0748,.092,.145,.115,.0761,.0267,.241,.284,.308,.241,.135,.143,.14,.145,.147,.114,.177,.195,.187,.15,.136,.175,.262,.19,.137,.113,.151,.283,.177,.141,.0494,.136,.169,.158,.135,.0724,.287,.357,.305,.274,.206,.172,.166,.153,.144,.136,.0884,.18,.125,.0892,-.00545,.121,.186,.149,.112,.0449,.125,.175,.157,.11,.0512,.132,.16,.152,.124,.0722,.233,.245,.307,.262,.231,.195,.69,.759,.729,.696,.639,.0875,.154,.107,.0844,.0548,.154,.274,.235,.161,.0722,.846,.96,.941,.855,.741,.203,.216,.206,.191,.207,.948,1.07,1.06,.959,.815,.283,.291,.292,.291,.284,-.0518,-.0567,-.041,-.0629,-.0489,.224,.291,.235,.193,.205,.0595,.174,.08,.0477,.00722,.398,.424,.405,.401,.387,.26,.337,.287,.26,.206,1.04,1.05,1.06,.989,1.03,-.169,-.055,-.141,-.17,-.22,.0277,.109,.0545,.023,-.0144,.603,.698,.644,.589,.547,.461,.498,.477,.458,.442,.295,.318,.403,.348,.293,.228,.716,.181,.237,.892,.244,1.01,.326,-.00604,.263,.159,.464,.33,1.08,-.158,.098,.648,.505,0
2023,1,31,m,.168,.189,.245,.216,.167,.108,.0967,.0753,.112,.11,.084,.118,.196,.168,.118,.0549,.175,.345,.293,.186,.0527,.298,.352,.379,.308,.218,.0968,.132,.131,.0839,.0624,.429,.51,.533,.438,.316,.0919,.0962,.107,.0978,.0852,.13,.142,.163,.12,.104,.176,.252,.209,.138,.134,.0863,.22,.13,.0749,.00316,.16,.197,.192,.164,.119,.268,.366,.315,.264,.186,.232,.186,.257,.208,.218,.0722,.18,.119,.0776,-.00169,.113,.201,.164,.111,.0436,.217,.275,.272,.209,.157,.161,.187,.194,.16,.128,.168,.189,.245,.216,.167,.108,.0967,.0753,.112,.11,.084,.118,.196,.168,.118,.0549,.175,.345,.293,.186,.0527,.298,.352,.379,.308,.218,.0968,.132,.131,.0839,.0624,.429,.51,.533,.438,.316,.0919,.0962,.107,.0978,.0852,.13,.142,.163,.12,.104,.176,.252,.209,.138,.134,.0863,.22,.13,.0749,.00316,.16,.197,.192,.164,.119,.268,.366,.315,.264,.186,.232,.186,.257,.208,.218,.0722,.18,.119,.0776,-.00169,.113,.201,.164,.111,.0436,.217,.275,.272,.209,.157,.161,.187,.194,.16,.128,.226,.258,.337,.298,.226,.139,.113,.215,.26,.329,.134,.472,.129,.185,.213,.188,.215,.338,.255,.0872,.189,.251,.197,0
2023,2,28,m,.218,.225,.257,.237,.214,.164,.1,.0474,.0859,.094,.0999,.136,.171,.162,.132,.0791,.219,.264,.291,.223,.118,.331,.336,.377,.333,.261,.135,.128,.141,.126,.107,.489,.512,.555,.497,.382,.144,.118,.142,.15,.134,.203,.177,.189,.18,.2,.246,.271,.256,.217,.204,.172,.257,.188,.159,.095,.202,.202,.211,.206,.164,.344,.411,.357,.331,.269,.228,.151,.231,.201,.214,.11,.168,.122,.108,.0467,.155,.194,.175,.148,.0967,.254,.26,.273,.243,.204,.206,.192,.212,.202,.176,.125,.148,.218,.178,.123,.0586,.0526,.0883,.0905,.0534,.0194,.106,.198,.169,.104,.0329,.204,.359,.325,.213,.0873,.24,.336,.335,.245,.143,.0657,.113,.102,.0569,.0215,.362,.478,.476,.37,.233,.045,.0611,.0639,.05,.03,.092,.119,.13,.0811,.0622,.149,.241,.187,.115,.0938,.0526,.197,.101,.0423,-.0346,.116,.167,.154,.118,.0673,.195,.319,.25,.19,.102,.244,.249,.29,.226,.196,.0446,.149,.0888,.042,-.0197,.0942,.192,.152,.09,.0229,.177,.266,.243,.17,.102,.119,.165,.158,.117,.0735,.182,.216,.307,.259,.18,.088,.0685,.201,.291,.27,.102,.404,.0802,.145,.186,.151,.169,.261,.268,.0592,.169,.21,.153,0
2023,3,31,m,.225,.23,.259,.237,.223,.177,.0535,-.00499,.0316,.0333,.0614,.0954,.12,.113,.0893,.0495,.236,.307,.283,.247,.14,.286,.278,.32,.283,.228,.126,.125,.13,.117,.0997,.458,.465,.512,.473,.365,.148,.126,.14,.155,.137,.286,.249,.257,.268,.292,.157,.182,.176,.124,.126,.226,.312,.224,.218,.149,.188,.187,.189,.191,.155,.408,.459,.415,.397,.337,.258,.177,.23,.228,.268,.114,.16,.106,.117,.0602,.158,.189,.165,.153,.108,.221,.221,.235,.206,.182,.19,.178,.193,.185,.165,.218,.241,.315,.273,.215,.149,.195,.239,.243,.192,.159,.21,.315,.276,.205,.133,.348,.541,.487,.362,.213,.355,.459,.461,.357,.253,.154,.208,.197,.145,.104,.46,.584,.586,.465,.321,.0885,.107,.11,.0908,.0725,.192,.205,.227,.179,.17,.334,.419,.381,.299,.272,.176,.347,.229,.161,.0775,.194,.249,.233,.194,.143,.303,.42,.356,.299,.212,.333,.335,.381,.315,.288,.137,.259,.178,.131,.0721,.203,.314,.263,.196,.127,.28,.377,.355,.27,.198,.195,.245,.238,.191,.148,.279,.314,.412,.359,.277,.181,.213,.314,.446,.388,.194,.505,.125,.25,.376,.286,.25,.375,.358,.153,.285,.316,.231,0
2023,4,30,m,.188,.195,.231,.205,.187,.135,.0491,.0263,.0484,-.00421,.0596,.148,.185,.169,.145,.0915,.188,.29,.252,.19,.0892,.283,.296,.328,.268,.221,.116,.12,.121,.107,.0887,.455,.467,.51,.473,.354,.169,.148,.162,.176,.16,.128,.117,.106,.115,.115,.111,.141,.123,.0922,.0728,.1,.205,.105,.0856,.0203,.176,.179,.18,.177,.143,.298,.356,.31,.29,.225,.265,.185,.25,.22,.275,.0537,.103,.0585,.0498,.00324,.128,.178,.141,.121,.0688,.214,.229,.233,.196,.171,.196,.192,.202,.187,.167,.187,.21,.266,.238,.187,.125,.19,.214,.243,.149,.186,.195,.29,.252,.191,.126,.243,.398,.363,.254,.125,.362,.44,.464,.353,.279,.149,.17,.183,.145,.112,.475,.57,.591,.486,.347,.104,.117,.122,.111,.0891,.0749,.0905,.104,.0695,.0489,.518,.541,.541,.498,.491,.0888,.257,.141,.0715,-.00775,.199,.244,.237,.199,.155,.252,.327,.296,.254,.181,.285,.26,.323,.265,.253,.0312,.139,.0606,.019,-.0199,.138,.244,.192,.131,.0677,.304,.372,.373,.293,.235,.215,.247,.254,.213,.177,.247,.281,.359,.322,.247,.157,.208,.298,.333,.396,.188,.52,.141,.127,.566,.191,.257,.322,.309,.0456,.216,.34,.252,0
2023,5,31,m,.203,.207,.237,.215,.2,.15,.0523,.000124,.0654,-.0239,.0614,.102,.127,.105,.1,.0543,.256,.351,.33,.262,.139,.277,.288,.329,.243,.213,.101,.104,.114,.0903,.0616,.439,.47,.494,.443,.336,.151,.132,.142,.156,.138,.242,.233,.218,.22,.227,.112,.149,.137,.0979,.0515,.182,.286,.198,.162,.0945,.163,.164,.167,.158,.127,.366,.41,.376,.353,.295,.227,.168,.22,.169,.227,.0941,.141,.101,.0983,.0302,.147,.187,.155,.143,.0888,.197,.213,.228,.166,.145,.178,.176,.19,.162,.142,.23,.251,.311,.277,.229,.167,.23,.231,.265,.183,.244,.224,.32,.275,.22,.153,.305,.488,.437,.326,.164,.414,.489,.506,.398,.339,.204,.214,.237,.204,.17,.535,.636,.644,.539,.408,.125,.139,.144,.131,.107,.158,.168,.181,.143,.137,.713,.673,.739,.719,.687,.232,.412,.291,.211,.123,.241,.282,.275,.239,.199,.262,.348,.301,.26,.187,.345,.31,.372,.318,.323,.0835,.221,.114,.0681,.0225,.201,.314,.254,.192,.124,.37,.429,.437,.358,.304,.262,.287,.298,.258,.225,.292,.324,.407,.364,.292,.199,.249,.329,.399,.449,.245,.582,.163,.214,.767,.347,.3,.332,.37,.0987,.283,.408,.3,0
2023,6,30,m,.232,.24,.274,.25,.232,.177,.0535,.0465,.067,.00115,.053,.105,.128,.123,.103,.0551,.288,.346,.328,.292,.199,.3,.353,.358,.283,.22,.12,.138,.127,.109,.0818,.477,.543,.54,.488,.354,.164,.152,.159,.17,.15,.29,.288,.268,.271,.271,.0963,.157,.121,.0744,.0289,.237,.344,.252,.223,.147,.194,.21,.201,.195,.152,.43,.473,.44,.42,.36,.281,.214,.273,.248,.279,.118,.168,.133,.126,.0498,.169,.206,.182,.166,.11,.22,.265,.248,.197,.163,.196,.213,.208,.186,.158,.217,.24,.298,.267,.218,.154,.173,.173,.205,.133,.186,.28,.368,.334,.276,.214,.308,.503,.45,.328,.164,.372,.443,.461,.363,.297,.158,.181,.189,.153,.124,.501,.597,.608,.513,.376,.126,.141,.149,.134,.107,.112,.132,.141,.101,.085,.54,.569,.577,.527,.494,.248,.423,.299,.229,.146,.226,.266,.264,.229,.182,.25,.333,.291,.25,.177,.357,.301,.366,.332,.354,.0772,.207,.111,.0652,.0159,.22,.333,.276,.213,.144,.312,.377,.372,.298,.25,.23,.261,.266,.226,.193,.278,.313,.393,.353,.28,.186,.191,.39,.403,.405,.197,.547,.164,.166,.589,.364,.285,.32,.382,.0923,.304,.348,.267,0
2023,7,31,m,.189,.199,.247,.216,.186,.133,.0553,.0634,.0804,-.0358,.0647,.134,.171,.162,.129,.0821,.178,.266,.239,.185,.0802,.303,.364,.374,.264,.225,.0788,.107,.102,.0668,.0373,.481,.554,.563,.492,.35,.156,.16,.155,.161,.142,.13,.132,.136,.116,.105,.0805,.134,.128,.0542,.0115,.0838,.21,.112,.0587,.00443,.17,.204,.183,.163,.131,.328,.386,.339,.318,.266,.272,.237,.283,.234,.255,.0594,.148,.0927,.0524,-.0116,.121,.181,.15,.112,.0596,.202,.26,.245,.171,.14,.182,.213,.204,.167,.141,.204,.225,.29,.253,.201,.137,.164,.224,.225,.123,.142,.306,.389,.356,.298,.242,.294,.505,.446,.311,.14,.363,.475,.463,.352,.265,.125,.151,.155,.117,.0877,.493,.617,.6,.501,.354,.132,.148,.148,.137,.115,.0246,.0436,.0534,.0144,-.00556,.434,.481,.476,.409,.378,.163,.335,.208,.137,.0701,.219,.273,.255,.217,.168,.243,.325,.284,.24,.167,.305,.262,.325,.283,.286,-.00195,.138,.04,-.0265,-.0628,.191,.306,.247,.178,.114,.284,.373,.349,.268,.208,.217,.262,.254,.21,.171,.264,.296,.385,.338,.262,.169,.182,.418,.388,.397,.163,.539,.17,.0741,.48,.272,.277,.312,.33,.012,.272,.319,.254,0
2023,8,31,m,.221,.226,.265,.237,.217,.166,.0401,.0367,.0499,-.0453,.0509,.0796,.111,.101,.0755,.0256,.259,.328,.31,.267,.156,.286,.333,.346,.249,.211,.0763,.102,.0866,.0673,.032,.469,.528,.546,.481,.337,.136,.119,.128,.141,.127,.283,.276,.264,.261,.265,.0978,.145,.119,.0843,.0347,.208,.345,.225,.188,.109,.182,.206,.192,.174,.139,.393,.423,.393,.38,.336,.234,.183,.205,.209,.224,.138,.205,.156,.141,.063,.154,.201,.17,.148,.0909,.188,.232,.218,.16,.128,.166,.179,.177,.152,.128,.233,.255,.323,.285,.231,.166,.217,.272,.298,.182,.183,.222,.296,.274,.219,.161,.313,.458,.434,.329,.188,.401,.505,.516,.392,.299,.127,.159,.16,.121,.0874,.522,.638,.641,.53,.383,.117,.133,.136,.121,.103,.153,.181,.188,.139,.12,.368,.418,.41,.35,.309,.263,.449,.309,.239,.163,.243,.298,.285,.241,.19,.311,.407,.354,.305,.234,.349,.321,.381,.329,.314,-.00379,.13,.0308,-.0139,-.069,.191,.296,.245,.184,.118,.301,.386,.374,.287,.223,.22,.262,.261,.214,.175,.295,.329,.42,.373,.293,.198,.235,.327,.408,.436,.165,.569,.155,.209,.411,.382,.302,.384,.375,.0101,.273,.337,.257,0
2023,9,30,m,.262,.266,.308,.275,.259,.203,.1,.0888,.0993,.0469,.108,.132,.172,.148,.131,.0736,.332,.405,.393,.337,.22,.349,.408,.407,.328,.266,.115,.133,.123,.105,.0747,.526,.603,.602,.529,.391,.189,.184,.18,.19,.174,.257,.254,.228,.246,.234,.134,.191,.163,.103,.0737,.227,.36,.239,.207,.132,.235,.263,.24,.232,.189,.417,.443,.417,.407,.356,.307,.218,.264,.274,.32,.131,.205,.139,.142,.0521,.184,.238,.194,.181,.117,.239,.284,.267,.214,.18,.218,.237,.228,.204,.178,.194,.216,.279,.242,.194,.13,.159,.161,.207,.118,.161,.188,.276,.243,.19,.114,.287,.445,.397,.303,.163,.358,.437,.456,.344,.275,.111,.136,.142,.105,.0743,.488,.594,.6,.493,.356,.109,.121,.122,.112,.0997,.0697,.0863,.0863,.0568,.0499,.345,.394,.389,.324,.286,.157,.332,.205,.137,.0574,.218,.262,.254,.217,.173,.236,.33,.279,.234,.158,.269,.238,.295,.254,.234,-.0214,.102,.00924,-.0293,-.0839,.141,.249,.191,.137,.0658,.268,.336,.331,.252,.203,.197,.23,.231,.19,.162,.254,.287,.373,.327,.255,.161,.177,.29,.38,.391,.149,.533,.146,.121,.387,.266,.276,.305,.293,-.00772,.219,.303,.234,0
2023,10,31,m,.22,.224,.261,.232,.217,.162,.0393,.0308,.0377,-.0171,.041,.124,.153,.141,.123,.0656,.257,.42,.339,.272,.119,.296,.347,.355,.273,.211,.0784,.0992,.0843,.0689,.0352,.48,.546,.559,.485,.345,.169,.154,.156,.172,.155,.19,.188,.168,.169,.17,.127,.197,.149,.104,.0514,.122,.262,.138,.103,.0257,.19,.211,.194,.187,.142,.371,.389,.368,.362,.316,.282,.21,.238,.253,.283,.0796,.157,.109,.0753,.000206,.141,.199,.157,.135,.0702,.209,.259,.238,.184,.142,.192,.21,.201,.179,.147,.198,.22,.284,.248,.197,.13,.173,.199,.232,.137,.158,.176,.262,.23,.174,.103,.273,.48,.402,.288,.128,.391,.482,.5,.38,.291,.0924,.126,.126,.0874,.047,.532,.642,.655,.539,.388,.11,.124,.125,.114,.0941,.11,.129,.13,.1,.0845,.309,.37,.348,.295,.241,.128,.307,.181,.106,.0231,.221,.266,.258,.221,.172,.256,.344,.298,.252,.179,.27,.265,.316,.257,.21,-.0385,.0912,.00622,-.0538,-.105,.133,.245,.188,.126,.0536,.271,.355,.342,.256,.192,.2,.242,.239,.194,.153,.259,.292,.379,.333,.258,.162,.191,.277,.365,.425,.129,.579,.147,.164,.351,.234,.279,.326,.294,-.0251,.211,.307,.236,0
2023,11,30,m,.217,.226,.266,.242,.212,.186,.123,.0802,.147,.0422,.162,.0644,.106,.0975,.0593,.0281,.258,.349,.329,.263,.171,.298,.332,.365,.259,.258,.0717,.105,.0951,.0595,.0491,.419,.488,.499,.415,.33,.117,.106,.114,.124,.131,.28,.294,.268,.261,.284,.0935,.152,.139,.0735,.0442,.193,.352,.223,.176,.108,.169,.186,.184,.163,.158,.419,.461,.432,.409,.387,.303,.274,.295,.262,.321,.14,.225,.191,.139,.0732,.145,.207,.175,.139,.0989,.208,.253,.252,.176,.175,.172,.188,.193,.155,.159,.23,.249,.301,.27,.231,.183,.547,.557,.619,.502,.547,.0763,.148,.114,.0731,.03,.222,.379,.319,.234,.116,.731,.828,.856,.719,.632,.189,.183,.206,.187,.18,.851,.983,.992,.86,.694,.162,.173,.169,.168,.161,.0882,.0826,.0975,.0785,.0862,.349,.372,.375,.331,.32,.124,.282,.162,.108,.0386,.319,.342,.337,.318,.304,.276,.354,.312,.276,.212,.639,.645,.697,.609,.584,-.0696,.0494,-.0286,-.0797,-.125,.0761,.166,.116,.0705,.0211,.543,.616,.614,.526,.48,.374,.399,.403,.368,.353,.292,.322,.396,.356,.294,.215,.57,.169,.31,.773,.229,.907,.201,.141,.392,.229,.381,.346,.67,-.0566,.15,.586,.416,0
2023,12,31,m,.136,.145,.202,.167,.126,.0656,-.0407,-.0266,-.0187,-.093,-.0538,.0952,.149,.132,.0865,.0239,.171,.255,.235,.16,.0648,.142,.191,.208,.118,.0613,-.000245,.0463,.0244,-.015,-.062,.266,.321,.346,.263,.147,.12,.119,.121,.124,.0948,.17,.202,.169,.148,.126,.0764,.155,.113,.0422,-.0024,.0967,.256,.131,.0776,-.0144,.104,.142,.127,.0967,.0451,.271,.337,.294,.254,.193,.128,.118,.108,.0991,.0919,.0557,.132,.0926,.0489,-.0293,.11,.183,.143,.098,.0303,.0766,.136,.121,.0505,.00458,.0931,.129,.12,.0783,.0349,.207,.22,.283,.239,.203,.169,.561,.647,.628,.496,.56,.0944,.161,.123,.0902,.0592,.15,.309,.237,.156,.0578,.819,.957,.942,.797,.72,.101,.111,.109,.0898,.103,.987,1.13,1.12,.994,.835,.258,.267,.264,.266,.261,-.0571,-.0516,-.0551,-.0646,-.0573,.121,.183,.154,.0939,.0802,.00963,.149,.0374,-.0103,-.054,.358,.391,.367,.353,.352,.244,.318,.276,.24,.193,.964,.966,.98,.912,.951,-.194,-.093,-.166,-.201,-.238,.0175,.107,.049,.0103,-.0282,.534,.641,.592,.503,.479,.411,.457,.436,.399,.392,.268,.291,.378,.323,.264,.201,.585,.189,.234,.863,.138,1.05,.3,-.0116,.157,.104,.423,.313,1,-.183,.0871,.576,.454,0
2024,1,31,m,.18,.195,.244,.213,.18,.137,.00892,-.0273,.0217,-.021,.0378,.07,.131,.107,.0699,.0242,.211,.352,.296,.214,.118,.309,.362,.393,.304,.243,.0308,.0551,.0534,.0246,.00493,.505,.584,.607,.517,.392,.101,.103,.105,.108,.104,.226,.221,.242,.218,.216,.0808,.143,.117,.0548,.0331,.153,.292,.19,.137,.0757,.151,.178,.171,.151,.129,.338,.416,.37,.338,.276,.176,.111,.173,.153,.185,.116,.217,.148,.116,.0584,.127,.2,.163,.124,.076,.177,.227,.224,.162,.132,.143,.166,.167,.138,.121,.18,.195,.244,.213,.18,.137,.00892,-.0273,.0217,-.021,.0378,.07,.131,.107,.0699,.0242,.211,.352,.296,.214,.118,.309,.362,.393,.304,.243,.0308,.0551,.0534,.0246,.00493,.505,.584,.607,.517,.392,.101,.103,.105,.108,.104,.226,.221,.242,.218,.216,.0808,.143,.117,.0548,.0331,.153,.292,.19,.137,.0757,.151,.178,.171,.151,.129,.338,.416,.37,.338,.276,.176,.111,.173,.153,.185,.116,.217,.148,.116,.0584,.127,.2,.163,.124,.076,.177,.227,.224,.162,.132,.143,.166,.167,.138,.121,.239,.265,.336,.296,.24,.168,.0242,.162,.299,.341,.0658,.551,.138,.285,.115,.261,.206,.412,.198,.132,.204,.21,.178,0
2024,2,29,m,.265,.266,.304,.273,.26,.211,.051,-.0032,.0429,.00868,.0749,.152,.185,.165,.151,.095,.307,.363,.357,.303,.206,.377,.389,.429,.361,.306,.104,.0938,.105,.0936,.077,.601,.627,.666,.603,.48,.177,.149,.163,.184,.172,.327,.3,.297,.299,.324,.19,.214,.208,.167,.128,.253,.374,.267,.233,.155,.223,.223,.221,.222,.189,.45,.516,.453,.434,.373,.245,.152,.224,.216,.244,.159,.211,.155,.153,.101,.208,.25,.216,.2,.149,.259,.266,.276,.237,.21,.223,.21,.224,.214,.195,.169,.187,.263,.212,.166,.102,.00557,.0357,.0474,-.0288,-.00381,.121,.213,.172,.122,.0481,.29,.465,.393,.292,.174,.283,.389,.386,.271,.184,.037,.0794,.067,.0269,-.00598,.464,.59,.581,.467,.321,.076,.0908,.0842,.0815,.0645,.204,.236,.233,.191,.172,.0973,.185,.142,.0699,.0245,.125,.308,.174,.108,.0183,.135,.187,.164,.133,.09,.289,.417,.338,.283,.192,.262,.25,.282,.241,.225,.0905,.192,.121,.0842,.0311,.144,.249,.192,.139,.0714,.182,.272,.245,.165,.108,.135,.183,.169,.128,.0907,.227,.257,.356,.295,.225,.132,.0208,.217,.383,.314,.0722,.509,.112,.262,.132,.23,.189,.361,.286,.106,.223,.215,.169,0
2024,3,31,m,.256,.26,.296,.266,.254,.201,.0294,-.0305,.0138,-.0325,.062,.132,.16,.143,.126,.0825,.308,.411,.359,.312,.195,.357,.368,.407,.333,.289,.0807,.0747,.0838,.076,.0489,.6,.631,.667,.611,.476,.216,.199,.205,.225,.199,.292,.266,.262,.279,.281,.139,.16,.158,.124,.0877,.239,.353,.235,.219,.154,.227,.232,.227,.225,.19,.46,.516,.466,.447,.38,.267,.164,.224,.234,.282,.131,.174,.117,.129,.0761,.187,.227,.189,.18,.13,.239,.248,.258,.215,.191,.229,.226,.234,.219,.194,.248,.271,.353,.303,.245,.172,.167,.207,.222,.116,.159,.25,.361,.31,.246,.168,.427,.664,.576,.434,.271,.43,.562,.557,.41,.316,.108,.154,.148,.102,.0526,.602,.763,.75,.603,.429,.153,.179,.172,.157,.131,.197,.221,.232,.189,.161,.313,.394,.361,.299,.229,.189,.388,.239,.161,.0826,.233,.297,.272,.228,.177,.351,.475,.405,.345,.252,.342,.32,.374,.321,.301,.153,.274,.189,.142,.0882,.233,.357,.29,.224,.15,.299,.408,.38,.28,.208,.234,.295,.281,.226,.177,.311,.346,.453,.391,.308,.205,.185,.357,.53,.465,.145,.651,.192,.255,.355,.3,.291,.426,.368,.17,.317,.335,.271,0
2024,4,30,m,.246,.251,.293,.262,.242,.191,.00314,-.0436,-.00466,-.0493,.025,.145,.184,.168,.142,.0854,.278,.409,.35,.275,.167,.33,.343,.383,.309,.263,.0932,.107,.102,.0845,.0563,.569,.588,.636,.579,.458,.146,.131,.139,.152,.135,.3,.297,.281,.278,.281,.101,.142,.129,.088,.0391,.213,.329,.213,.191,.131,.189,.193,.194,.187,.157,.437,.502,.443,.425,.363,.241,.147,.212,.202,.257,.127,.204,.151,.115,.0611,.188,.245,.205,.179,.124,.226,.247,.252,.204,.176,.193,.194,.202,.183,.161,.244,.266,.33,.296,.242,.181,.138,.131,.18,.0974,.147,.192,.29,.251,.188,.119,.337,.527,.469,.344,.205,.412,.493,.525,.396,.323,.125,.157,.163,.122,.0786,.591,.699,.724,.592,.451,.0826,.101,.101,.0882,.0657,.239,.266,.279,.226,.205,.504,.542,.55,.492,.445,.2,.386,.252,.176,.0995,.213,.259,.251,.209,.169,.387,.47,.428,.385,.314,.261,.219,.281,.246,.235,.103,.243,.153,.0823,.0366,.2,.315,.259,.189,.123,.316,.393,.394,.302,.241,.213,.25,.254,.208,.171,.307,.341,.427,.384,.305,.214,.155,.295,.434,.446,.163,.639,.119,.299,.552,.313,.27,.463,.285,.119,.282,.353,.25,0
2024,5,31,m,.245,.245,.275,.249,.242,.189,.0402,-.0301,.036,-.0361,.0567,.145,.165,.144,.144,.0927,.311,.423,.386,.307,.186,.352,.354,.401,.316,.28,.0766,.073,.0797,.0664,.0384,.576,.596,.628,.579,.461,.187,.161,.17,.195,.171,.299,.294,.268,.283,.275,.0808,.111,.0929,.0663,.0232,.213,.33,.215,.188,.124,.204,.196,.197,.2,.168,.433,.479,.437,.417,.354,.246,.166,.203,.19,.26,.119,.172,.133,.114,.0476,.189,.231,.192,.182,.125,.225,.233,.244,.192,.173,.209,.2,.211,.193,.172,.273,.291,.35,.313,.272,.207,.216,.193,.23,.168,.238,.273,.365,.32,.269,.195,.361,.567,.497,.373,.212,.497,.565,.587,.48,.413,.178,.18,.198,.178,.144,.681,.777,.792,.684,.54,.161,.169,.171,.169,.14,.212,.225,.23,.203,.182,.664,.618,.673,.669,.642,.264,.461,.31,.237,.154,.285,.317,.308,.284,.243,.324,.413,.359,.319,.242,.365,.307,.352,.342,.358,.108,.254,.147,.0833,.0397,.244,.362,.294,.234,.161,.402,.452,.456,.387,.335,.295,.313,.321,.291,.257,.337,.366,.449,.402,.337,.24,.234,.382,.46,.534,.218,.732,.2,.27,.717,.383,.346,.397,.391,.123,.329,.44,.334,0
2024,6,30,m,.238,.241,.275,.248,.234,.18,.00704,-.0144,.0148,-.0481,.00724,.114,.133,.126,.111,.0612,.339,.41,.379,.327,.245,.347,.398,.412,.323,.253,.053,.0688,.0593,.0423,.00916,.59,.654,.66,.594,.452,.17,.155,.154,.176,.155,.309,.298,.288,.29,.283,.0437,.0949,.0664,.0219,-.026,.229,.342,.236,.207,.138,.197,.207,.195,.196,.155,.458,.501,.463,.444,.382,.247,.168,.22,.214,.245,.099,.159,.124,.102,.0201,.176,.213,.186,.169,.113,.209,.251,.239,.183,.144,.193,.206,.201,.18,.148,.222,.24,.298,.265,.22,.157,.121,.105,.146,.0774,.135,.291,.374,.337,.285,.22,.36,.575,.506,.365,.209,.421,.491,.519,.405,.332,.0889,.109,.117,.0836,.0489,.616,.712,.734,.62,.475,.132,.144,.144,.14,.111,.129,.14,.159,.118,.0954,.466,.484,.501,.452,.414,.239,.421,.282,.213,.137,.23,.263,.257,.23,.185,.275,.359,.312,.271,.196,.32,.252,.309,.295,.319,.0591,.198,.102,.0427,-.0129,.228,.341,.28,.217,.147,.3,.361,.363,.283,.23,.226,.255,.259,.22,.182,.284,.313,.394,.351,.282,.189,.138,.402,.459,.456,.126,.666,.17,.183,.513,.355,.289,.345,.345,.0739,.312,.336,.263,0
2024,7,31,m,.229,.237,.274,.246,.229,.18,.00499,-.00864,.0248,-.0812,.0214,.104,.129,.122,.103,.0587,.22,.31,.279,.214,.131,.345,.381,.421,.306,.27,.0436,.0671,.0581,.0354,.0069,.588,.628,.675,.6,.464,.159,.155,.148,.171,.15,.301,.296,.305,.291,.276,.0344,.0707,.069,.0163,-.0224,.184,.309,.214,.159,.103,.188,.204,.192,.186,.156,.439,.494,.446,.431,.376,.254,.206,.234,.219,.254,.109,.193,.134,.113,.0355,.156,.205,.178,.151,.0987,.199,.24,.238,.17,.146,.182,.2,.197,.17,.147,.244,.263,.319,.284,.245,.184,.109,.141,.162,.0702,.0959,.271,.34,.31,.268,.215,.34,.557,.492,.343,.193,.407,.494,.512,.396,.312,.0879,.109,.109,.0839,.0558,.601,.695,.715,.609,.468,.136,.143,.142,.147,.123,.18,.195,.21,.174,.148,.373,.398,.399,.358,.332,.271,.444,.319,.245,.175,.237,.273,.265,.241,.194,.346,.428,.386,.345,.268,.287,.23,.273,.267,.286,.0445,.183,.0794,.0295,-.0181,.228,.333,.278,.219,.155,.281,.351,.341,.267,.214,.217,.249,.247,.214,.178,.307,.337,.415,.372,.308,.216,.126,.381,.437,.441,.125,.65,.174,.237,.417,.39,.296,.421,.311,.0591,.312,.317,.254,0
2024,8,31,m,.231,.231,.264,.236,.227,.174,.00404,-.0132,.0085,-.0772,.0114,.107,.13,.117,.103,.0496,.267,.352,.312,.277,.154,.349,.378,.407,.31,.267,.0486,.0767,.0522,.0387,-.00108,.605,.634,.676,.615,.47,.163,.14,.144,.17,.149,.303,.295,.279,.282,.279,.0629,.105,.0755,.0493,-.00278,.203,.337,.214,.18,.104,.202,.206,.197,.196,.163,.402,.431,.398,.387,.336,.249,.198,.198,.226,.238,.144,.207,.172,.147,.06,.171,.214,.18,.164,.102,.205,.244,.228,.175,.141,.187,.196,.19,.173,.144,.243,.26,.322,.284,.241,.174,.174,.21,.247,.142,.138,.253,.318,.292,.25,.188,.321,.485,.437,.339,.186,.47,.555,.584,.46,.36,.0979,.132,.123,.0904,.0526,.663,.752,.779,.668,.52,.144,.155,.152,.15,.124,.172,.198,.203,.158,.134,.324,.369,.355,.307,.262,.259,.44,.297,.232,.158,.264,.299,.291,.264,.215,.319,.415,.358,.311,.234,.365,.337,.373,.349,.329,.00153,.132,.0449,-.00803,-.0717,.208,.31,.255,.201,.129,.319,.4,.386,.303,.237,.242,.28,.275,.236,.192,.306,.334,.419,.371,.304,.206,.192,.361,.417,.506,.135,.714,.182,.228,.366,.377,.324,.392,.391,.0155,.291,.356,.279,0
2024,9,30,m,.247,.247,.274,.248,.246,.198,.0502,.0101,.0198,-.00831,.0859,.12,.147,.131,.118,.0667,.34,.431,.402,.335,.231,.412,.447,.457,.389,.339,.0587,.0782,.0608,.0531,.0178,.667,.714,.735,.674,.537,.178,.165,.162,.184,.163,.323,.313,.296,.321,.293,.0825,.13,.0956,.058,.0306,.222,.335,.229,.206,.134,.232,.237,.22,.231,.202,.401,.407,.394,.392,.35,.268,.172,.213,.242,.288,.139,.205,.151,.143,.0672,.188,.23,.196,.185,.125,.243,.279,.259,.219,.191,.216,.226,.215,.204,.18,.18,.198,.246,.217,.182,.125,.107,.077,.119,.0593,.138,.175,.249,.223,.177,.107,.294,.472,.406,.302,.173,.421,.477,.508,.407,.348,.0549,.0808,.0784,.0536,.0174,.626,.705,.732,.634,.5,.0986,.103,.104,.106,.0896,.126,.138,.147,.121,.0999,.283,.323,.309,.27,.235,.152,.307,.195,.136,.0587,.215,.236,.233,.216,.186,.222,.297,.258,.221,.153,.231,.192,.242,.222,.204,-.0146,.102,.0197,-.0284,-.0707,.145,.241,.192,.14,.0736,.272,.33,.322,.257,.213,.195,.219,.219,.191,.164,.24,.268,.338,.3,.242,.156,.124,.276,.388,.455,.0908,.675,.136,.181,.324,.26,.272,.29,.255,-.000821,.223,.307,.231,0
2024,10,31,m,.253,.254,.286,.254,.254,.203,.00727,-.0278,-.0106,-.0444,.0268,.139,.165,.149,.143,.0827,.339,.51,.411,.348,.21,.399,.432,.45,.376,.324,.0765,.102,.0787,.0694,.0332,.68,.72,.747,.685,.556,.198,.181,.179,.206,.187,.306,.298,.274,.286,.293,.148,.225,.176,.128,.0623,.205,.337,.207,.188,.12,.226,.235,.218,.227,.19,.432,.445,.421,.426,.382,.266,.184,.191,.232,.3,.113,.189,.122,.115,.0435,.19,.243,.196,.188,.126,.257,.304,.279,.234,.197,.233,.246,.234,.222,.193,.231,.251,.309,.271,.234,.17,.137,.131,.174,.105,.142,.191,.275,.239,.195,.121,.355,.574,.478,.366,.22,.501,.575,.605,.492,.41,.0904,.128,.12,.0879,.045,.738,.828,.854,.746,.605,.138,.15,.147,.146,.125,.219,.233,.233,.21,.198,.334,.403,.38,.322,.253,.211,.385,.253,.192,.117,.259,.291,.283,.262,.221,.312,.399,.349,.311,.238,.255,.238,.267,.236,.225,-.00876,.122,.0185,-.0193,-.0659,.182,.291,.228,.179,.109,.323,.403,.387,.31,.249,.241,.279,.273,.237,.2,.293,.324,.406,.358,.296,.202,.155,.294,.454,.538,.127,.792,.176,.278,.376,.325,.319,.385,.278,.00509,.263,.359,.279,0
2024,11,30,m,.212,.222,.273,.239,.207,.175,.0491,.0189,.0717,-.0238,.0812,.113,.156,.143,.112,.0728,.331,.47,.413,.331,.235,.34,.384,.418,.303,.289,.0458,.0922,.0728,.036,.0154,.541,.61,.63,.538,.448,.136,.125,.133,.145,.149,.293,.337,.283,.279,.284,.0762,.145,.133,.065,.00781,.191,.356,.228,.17,.11,.179,.198,.196,.176,.163,.405,.486,.432,.382,.356,.281,.275,.252,.245,.301,.15,.249,.206,.152,.0784,.178,.25,.209,.173,.127,.213,.27,.263,.184,.171,.182,.206,.207,.168,.163,.226,.245,.307,.268,.226,.172,.445,.469,.513,.407,.439,.125,.199,.16,.127,.0748,.293,.503,.403,.301,.177,.787,.899,.927,.779,.673,.16,.169,.182,.16,.142,1.01,1.14,1.17,1.02,.843,.182,.192,.19,.19,.179,.0995,.118,.111,.0941,.0866,.328,.364,.368,.321,.274,.122,.285,.166,.102,.0409,.33,.354,.35,.332,.31,.263,.377,.313,.251,.184,.611,.647,.641,.588,.56,-.0617,.0705,-.0167,-.0689,-.121,.107,.209,.148,.103,.0473,.549,.639,.627,.536,.474,.387,.42,.419,.384,.357,.287,.318,.403,.354,.288,.204,.467,.222,.387,.831,.199,1.07,.222,.153,.37,.227,.393,.332,.642,-.0486,.182,.592,.429,0
2024,12,31,m,.215,.224,.277,.245,.206,.139,.0151,.0101,.0325,-.0324,.000757,.129,.181,.165,.121,.0532,.301,.413,.375,.277,.184,.29,.324,.361,.268,.2,.0412,.0916,.0623,.0308,-.0248,.476,.511,.561,.473,.35,.157,.147,.158,.163,.129,.332,.379,.33,.303,.278,.0967,.179,.127,.07,.0138,.229,.396,.263,.213,.107,.185,.208,.206,.182,.126,.388,.471,.421,.364,.296,.2,.18,.158,.171,.174,.188,.278,.228,.18,.0917,.199,.274,.232,.186,.114,.18,.233,.222,.157,.104,.171,.196,.195,.159,.112,.291,.304,.364,.322,.289,.25,.652,.709,.713,.597,.65,.128,.193,.156,.125,.0895,.279,.474,.378,.274,.177,1.05,1.18,1.19,1.04,.945,.147,.159,.15,.14,.146,1.32,1.44,1.46,1.33,1.16,.299,.298,.306,.31,.301,.0731,.0878,.0749,.0619,.0703,.142,.207,.169,.123,.0978,.131,.277,.159,.114,.0626,.458,.472,.463,.459,.457,.359,.45,.402,.349,.295,1.09,1.07,1.07,1.04,1.1,-.0932,.024,-.0623,-.101,-.143,.0993,.192,.13,.0915,.0504,.682,.78,.736,.656,.624,.512,.544,.532,.504,.495,.356,.38,.464,.412,.354,.285,.677,.225,.371,1.1,.186,1.39,.342,.125,.178,.237,.528,.434,1.13,-.0805,.174,.728,.558,0
2025,1,31,m,.208,.223,.284,.244,.205,.162,-.0114,-.025,.00541,-.0442,.0127,.0929,.154,.126,.0948,.0501,.272,.443,.372,.272,.175,.419,.488,.519,.411,.341,.0198,.0556,.0439,.0139,-.00774,.699,.78,.815,.71,.579,.124,.132,.129,.13,.126,.275,.287,.296,.265,.262,.053,.122,.0842,.0335,.00535,.206,.362,.253,.188,.123,.202,.233,.223,.204,.179,.381,.494,.429,.365,.31,.209,.172,.186,.19,.222,.107,.215,.149,.099,.0534,.157,.238,.197,.153,.106,.228,.292,.28,.213,.178,.182,.214,.208,.177,.157,.208,.223,.284,.244,.205,.162,-.0114,-.025,.00541,-.0442,.0127,.0929,.154,.126,.0948,.0501,.272,.443,.372,.272,.175,.419,.488,.519,.411,.341,.0198,.0556,.0439,.0139,-.00774,.699,.78,.815,.71,.579,.124,.132,.129,.13,.126,.275,.287,.296,.265,.262,.053,.122,.0842,.0335,.00535,.206,.362,.253,.188,.123,.202,.233,.223,.204,.179,.381,.494,.429,.365,.31,.209,.172,.186,.19,.222,.107,.215,.149,.099,.0534,.157,.238,.197,.153,.106,.228,.292,.28,.213,.178,.182,.214,.208,.177,.157,.269,.295,.378,.329,.267,.195,.0036,.187,.365,.453,.0544,.751,.162,.337,.0865,.319,.26,.457,.232,.122,.236,.262,.217,0
2025,2,28,m,.266,.265,.307,.272,.259,.222,-.00744,-.0642,-.0222,-.0483,.0299,.131,.165,.138,.128,.089,.321,.393,.378,.312,.229,.459,.47,.517,.444,.391,.0643,.0625,.0632,.0579,.0423,.779,.794,.847,.783,.664,.184,.15,.164,.189,.194,.362,.333,.335,.341,.364,.11,.135,.121,.0976,.0569,.271,.393,.29,.25,.186,.245,.237,.238,.246,.226,.481,.57,.493,.452,.408,.228,.134,.191,.197,.254,.12,.182,.123,.116,.0701,.202,.247,.21,.194,.153,.272,.281,.289,.253,.232,.234,.219,.231,.226,.217,.17,.187,.266,.212,.166,.111,-.0504,-.0276,-.0181,-.0837,-.0455,.101,.192,.144,.1,.0424,.304,.498,.414,.301,.196,.359,.47,.471,.349,.262,-.000746,.0485,.0266,-.00671,-.038,.627,.754,.754,.632,.484,.0817,.0917,.085,.0863,.0847,.236,.267,.268,.229,.207,.0237,.107,.0599,.00598,-.04,.142,.326,.195,.124,.0452,.155,.2,.18,.155,.124,.317,.468,.376,.298,.222,.244,.23,.248,.222,.235,.0544,.164,.0903,.0498,.00214,.139,.245,.186,.134,.0756,.195,.288,.258,.18,.128,.145,.191,.176,.139,.111,.228,.256,.359,.295,.225,.142,-.036,.196,.398,.392,.0332,.676,.118,.296,.0562,.249,.21,.39,.268,.0692,.217,.228,.179,0
2025,3,31,m,.293,.295,.335,.299,.291,.238,.0149,-.0281,.00277,-.0386,.0358,.16,.189,.172,.159,.105,.312,.442,.359,.32,.198,.478,.486,.534,.461,.398,.109,.113,.108,.108,.0762,.822,.825,.887,.842,.696,.206,.188,.189,.216,.195,.41,.392,.371,.399,.399,.144,.172,.161,.128,.0913,.3,.417,.304,.284,.207,.257,.255,.249,.259,.227,.538,.613,.553,.516,.45,.324,.235,.263,.307,.336,.13,.181,.126,.125,.0739,.225,.272,.23,.222,.163,.313,.327,.332,.295,.26,.268,.263,.268,.262,.235,.285,.307,.394,.337,.282,.208,.151,.21,.209,.109,.131,.281,.395,.343,.282,.193,.431,.7,.575,.442,.274,.558,.696,.698,.546,.427,.137,.195,.173,.135,.08,.824,.972,.98,.832,.641,.144,.167,.157,.148,.126,.307,.343,.338,.301,.267,.319,.408,.365,.304,.233,.247,.455,.308,.224,.132,.263,.321,.295,.262,.214,.423,.569,.488,.409,.315,.403,.4,.419,.399,.356,.152,.282,.199,.138,.0859,.272,.406,.334,.267,.184,.377,.497,.46,.364,.277,.274,.335,.316,.269,.217,.35,.383,.496,.428,.347,.241,.168,.391,.535,.596,.176,.88,.183,.37,.36,.363,.324,.502,.429,.169,.359,.415,.312,0
2025,4,30,m,.281,.284,.328,.29,.279,.22,-.00328,-.0274,-.0112,-.0518,.00487,.166,.206,.183,.163,.0997,.291,.47,.361,.295,.165,.449,.473,.509,.437,.358,.11,.119,.111,.105,.0747,.781,.789,.847,.804,.647,.193,.171,.178,.199,.181,.38,.385,.349,.366,.35,.0779,.113,.0905,.0707,.0215,.262,.379,.266,.244,.168,.237,.235,.231,.24,.2,.503,.582,.513,.48,.419,.289,.211,.248,.261,.296,.0858,.165,.0953,.0844,.0197,.211,.275,.224,.207,.138,.291,.315,.311,.275,.232,.25,.249,.252,.244,.213,.279,.3,.365,.324,.279,.209,.131,.15,.172,.0945,.125,.213,.314,.267,.211,.134,.351,.593,.482,.365,.203,.539,.637,.663,.532,.422,.142,.17,.173,.144,.0974,.805,.914,.946,.819,.638,.127,.14,.138,.133,.109,.315,.353,.347,.311,.27,.473,.503,.497,.468,.42,.249,.438,.308,.228,.136,.261,.303,.291,.264,.213,.45,.548,.497,.438,.368,.31,.287,.32,.307,.273,.0627,.202,.0976,.0526,-.00381,.223,.347,.279,.218,.137,.386,.469,.459,.379,.299,.271,.308,.306,.271,.223,.344,.376,.466,.415,.344,.243,.148,.318,.449,.576,.181,.86,.165,.379,.52,.366,.321,.53,.335,.0775,.307,.424,.31,0
2025,5,31,m,.256,.259,.297,.267,.251,.199,.0155,-.0396,.0169,-.0582,.032,.179,.207,.185,.179,.124,.317,.487,.385,.313,.194,.431,.437,.504,.399,.347,.0676,.0739,.0764,.0609,.0297,.729,.738,.807,.739,.602,.196,.177,.181,.199,.185,.322,.322,.306,.301,.299,.0433,.071,.0577,.0305,-.00528,.236,.359,.251,.215,.144,.217,.212,.215,.212,.185,.475,.555,.496,.452,.385,.288,.221,.242,.241,.303,.078,.133,.0918,.0777,.0162,.206,.26,.217,.2,.14,.254,.271,.284,.225,.199,.23,.229,.239,.214,.194,.285,.304,.374,.331,.282,.217,.187,.182,.208,.141,.209,.31,.414,.368,.307,.23,.368,.637,.497,.379,.22,.585,.662,.703,.573,.487,.168,.181,.194,.172,.134,.844,.935,.989,.855,.689,.169,.185,.182,.173,.154,.233,.252,.267,.22,.205,.607,.56,.619,.613,.596,.289,.492,.349,.266,.174,.299,.335,.328,.297,.262,.363,.487,.415,.352,.27,.411,.37,.396,.4,.404,.0676,.213,.105,.0481,.00863,.262,.395,.322,.253,.177,.436,.497,.503,.426,.366,.318,.344,.351,.315,.281,.349,.381,.475,.422,.347,.251,.205,.422,.467,.623,.207,.901,.209,.293,.658,.41,.361,.438,.438,.0825,.348,.475,.358,0
2025,6,30,m,.265,.269,.317,.279,.26,.205,-.0242,-.0285,-.013,-.0761,-.0222,.13,.156,.15,.131,.0739,.321,.432,.368,.321,.219,.418,.477,.497,.4,.317,.047,.0698,.0521,.039,.00699,.735,.79,.816,.747,.59,.17,.167,.157,.172,.152,.404,.412,.377,.387,.381,.0025,.0448,.0182,-.0137,-.0545,.273,.389,.288,.251,.184,.219,.238,.221,.217,.176,.538,.629,.558,.511,.448,.243,.193,.214,.22,.24,.0702,.133,.0799,.0781,.00778,.196,.244,.211,.194,.133,.231,.28,.262,.209,.168,.205,.227,.215,.194,.162,.25,.269,.341,.296,.246,.182,.0867,.0892,.115,.0456,.102,.309,.402,.365,.308,.235,.342,.599,.495,.359,.184,.496,.575,.611,.487,.4,.0827,.11,.11,.0802,.0466,.764,.852,.897,.776,.615,.132,.155,.147,.136,.108,.21,.241,.239,.202,.179,.408,.416,.433,.402,.373,.283,.471,.336,.256,.183,.253,.296,.285,.252,.206,.345,.475,.396,.33,.253,.316,.278,.303,.302,.313,.0313,.17,.0585,.0201,-.0248,.25,.375,.307,.243,.168,.324,.392,.388,.312,.256,.239,.276,.274,.235,.197,.312,.343,.439,.384,.309,.215,.103,.422,.439,.533,.119,.818,.17,.269,.453,.404,.312,.42,.341,.0457,.335,.36,.276,1
