year,month,day_endofweek,statefips,bg_posts,bg_posts_ss30,bg_posts_ss55,bg_posts_ss60,bg_posts_ss65,bg_posts_ss70,bg_posts_jz1,bg_posts_jz2,bg_posts_jz3,bg_posts_jz4,bg_posts_jz5
2020,2,14,1,.111,.373,.0663,.201,.00295,.281,.133,.0938,.0755,.22,-.0539
2020,4,17,1,-.0418,-.329,-.213,.0166,-.348,-.288,-.0969,.254,-.192,-.168,-.208
2020,1,10,1,.0704,-.19,-.0591,.0335,-.0633,-.0177,.138,.252,-.00968,-.0261,-.201
2020,3,20,1,.126,.054,.214,.293,.049,-.103,-.184,.253,.135,.0432,-.0352
2020,4,3,1,-.214,-.111,-.174,-.0849,-.252,-.661,-.49,-.254,-.161,-.207,-.104
2020,2,21,1,.216,.411,.227,.325,.134,.127,.24,.177,.255,.243,.139
2020,6,5,1,-.0253,-.113,.0909,.0716,-.136,.263,.367,.117,-.0716,-.15,-.179
2020,2,28,1,.0255,.0491,.118,.0955,.134,-.181,-.26,-.0888,.156,.0293,.146
2020,5,29,1,-.263,-.321,-.158,-.102,-.261,-.222,-.163,-.281,-.245,-.189,-.488
2020,4,24,1,-.42,-.486,-.33,-.363,-.485,-.541,-.362,-.429,-.412,-.382,-.459
2020,3,13,1,-.0945,.111,-.0406,.0208,-.191,-.00498,.0714,-.146,-.0694,-.0313,-.229
2020,6,12,1,-.0995,-.301,-.0755,-.0652,-.0706,.307,.291,-.0233,-.0761,-.194,-.337
2020,1,31,1,.00505,.123,.122,.0137,.0995,-.251,-.311,-.0686,.0285,.0333,.257
2020,2,7,1,.435,.349,.481,.558,.199,.685,.761,.496,.315,.488,.416
2020,4,10,1,-.268,-.304,-.246,-.205,-.301,-.522,-.316,-.344,-.264,-.185,-.168
2020,3,6,1,.00544,.0753,.126,.286,-.186,.165,.153,-.00414,-.0739,.102,-.127
2020,5,15,1,-.326,-.483,-.295,-.17,-.336,-.311,-.24,-.263,-.333,-.353,-.51
2020,3,27,1,.0361,-.0245,.00873,.16,-.0251,-.266,-.0255,.0566,.0816,.0755,-.132
2020,1,17,1,.0578,.157,.0519,.114,.175,-.0739,-.0867,-.0421,.145,.0841,.222
2020,5,8,1,-.245,-.308,-.096,-.154,-.388,-.317,-.107,-.129,-.302,-.274,-.431
2020,5,22,1,-.138,-.37,-.244,-.164,-.0375,-.063,.0255,-.0726,-.0871,-.252,-.252
2020,5,1,1,-.267,-.537,-.41,-.333,-.0526,-.199,-.0408,-.242,-.204,-.371,-.32
2020,1,24,1,-.133,-.09,-.115,-.161,-.211,.343,.26,-.141,-.164,-.0914,-.278
2020,4,10,2,-.103,-.473,-.539,-.16,.215,-.417,-.052,-.177,-.225,.0977,-.204
2020,1,17,2,.0467,-.281,.493,-.151,.133,.0278,-.237,-.0687,.224,.0922,-.0106
2020,3,20,2,.214,.174,.399,.357,.163,.685,.272,.475,.125,.272,-.137
2020,2,21,2,-.11,-.114,-.207,-.142,-.114,-.315,-.145,-.0432,-.0901,-.124,-.264
2020,3,27,2,-.163,-.234,-.0533,.0241,-.28,-.296,-.121,-.182,-.185,-.00208,-.349
2020,4,24,2,-.4,-.521,-.616,-.309,-.462,-.63,-.306,-.376,-.408,-.415,-.489
2020,2,14,2,.105,.0539,.203,.462,.00752,.102,-.052,.279,.0743,.175,-.158
2020,1,10,2,-.0357,-.0659,-.258,.173,-.185,-.0926,.0636,.0741,-.0995,-.00208,-.218
2020,4,17,2,-.344,-.497,-.514,-.081,-.432,-.38,-.237,-.275,-.372,-.29,-.44
2020,5,15,2,-.381,.0539,-.454,-.291,-.429,-.5,-.399,-.333,-.454,-.36,-.415
2020,3,13,2,.0849,-.162,.134,.479,-.171,.62,.387,.238,-.0248,.292,-.282
2020,3,6,2,-.0039,-.234,-.13,.199,-.191,.426,.225,.164,-.174,.112,-.232
2020,5,8,2,-.424,-.425,-.429,-.405,-.484,-.741,-.376,-.356,-.436,-.44,-.507
2020,6,5,2,-.0184,.437,.228,.138,-.226,-.296,.179,.142,-.131,.0728,-.264
2020,5,1,2,-.284,-.114,-.454,-.107,-.313,-.361,-.353,-.226,-.305,-.229,-.454
2020,1,31,2,.244,.533,-.0448,.0678,.365,.463,.48,.206,.11,.137,.651
2020,2,28,2,.19,.0778,.0832,-.0284,.288,.185,.225,.161,.334,.0977,.0528
2020,6,12,2,-.168,.317,-.113,-.0284,-.347,-.389,-.0983,-.0538,-.256,.0534,-.528
2020,4,3,2,-.132,-.186,-.369,.00656,-.109,-.611,-.145,-.25,-.0285,-.088,-.264
2020,5,29,2,-.279,-.138,-.241,-.239,-.5,-.37,-.0983,-.0176,-.383,-.204,-.616
2020,5,22,2,-.0233,.246,-.13,.409,-.261,-.157,-.191,.227,-.126,.034,-.391
2020,2,7,2,.016,-.0659,.279,.252,-.0476,.0648,-.052,.136,-.00234,.125,-.243
2020,1,24,2,-.255,-.186,-.19,-.0897,-.313,-.398,-.306,-.212,-.234,-.227,-.454
2020,6,5,4,-.053,-.228,-.0655,-.179,.0713,-.401,-.196,-.0125,.0136,-.122,-.074
2020,2,7,4,-.138,-.162,-.0955,-.143,-.0725,-.167,-.0796,-.144,-.13,-.147,-.176
2020,5,8,4,-.42,-.473,-.398,-.502,-.367,-.71,-.506,-.401,-.414,-.436,-.429
2020,5,22,4,-.339,-.417,-.395,-.386,-.193,-.53,-.413,-.35,-.281,-.388,-.324
2020,3,13,4,.061,.00716,.107,-.0513,.263,.0207,.0325,.0146,.124,.058,.0558
2020,3,27,4,-.134,-.195,-.144,-.234,-.0379,-.51,-.406,-.159,-.129,-.094,-.0555
2020,5,1,4,-.372,-.441,-.297,-.469,-.359,-.59,-.415,-.414,-.367,-.315,-.375
2020,1,24,4,-.121,-.0804,-.088,-.213,-.236,-.0746,-.116,-.125,-.1,-.115,-.171
2020,4,3,4,-.316,-.327,-.278,-.199,-.309,-.703,-.592,-.386,-.324,-.185,-.331
2020,3,20,4,.212,.0742,.225,.149,.411,-.0315,.114,.19,.309,.143,.239
2020,4,24,4,-.4,-.454,-.361,-.423,-.334,-.65,-.567,-.489,-.408,-.316,-.285
2020,1,10,4,-.0271,-.0747,-.0708,-.1,.0454,.000415,.0851,.0145,-.0456,-.076,-.0355
2020,4,10,4,-.337,-.371,-.322,-.395,-.255,-.717,-.619,-.432,-.298,-.251,-.311
2020,5,15,4,-.433,-.548,-.482,-.478,-.337,-.677,-.539,-.434,-.379,-.465,-.431
2020,3,6,4,-.0717,-.126,-.054,-.152,-.0775,-.108,-.063,-.0364,-.124,-.0629,-.0851
2020,6,12,4,-.178,-.275,-.142,-.264,-.11,-.443,-.16,-.171,-.123,-.198,-.264
2020,1,31,4,.0176,-.0395,.0522,.152,-.0145,-.085,-.142,-.0367,-.0338,.124,.0642
2020,5,29,4,-.292,-.391,-.324,-.405,-.174,-.457,-.266,-.269,-.247,-.342,-.349
2020,1,17,4,.13,.195,.107,.161,.205,.159,.172,.147,.18,.0673,.142
2020,4,17,4,-.401,-.454,-.422,-.416,-.323,-.578,-.433,-.451,-.413,-.358,-.317
2020,2,14,4,.183,.186,.187,.0447,.261,.134,.139,.199,.194,.151,.188
2020,2,21,4,-.0425,-.00593,-.0433,-.178,.0971,-.128,-.102,-.122,.0772,-.0539,-.00699
2020,2,28,4,.0818,-.00839,.141,-.0915,.283,.0987,.0491,.000909,.193,.0375,.266
2020,5,22,5,-.378,-.413,-.354,-.31,-.264,-.562,-.444,-.454,-.328,-.244,-.377
2020,3,20,5,-.0922,.112,.0646,.148,.122,-.309,-.228,-.185,.142,-.109,-.217
2020,5,15,5,-.464,-.416,-.444,-.384,-.364,-.669,-.56,-.508,-.358,-.42,-.533
2020,1,17,5,.435,.337,.526,.558,.59,.475,.328,.496,.551,.48,.517
2020,1,24,5,-.307,-.169,-.276,-.321,-.376,.329,-.0705,-.321,-.352,-.239,-.377
2020,2,28,5,-.0136,.363,.0568,-.153,.165,-.248,-.32,-.284,.341,.0603,.025
2020,4,10,5,-.443,-.365,-.249,-.357,-.352,-.708,-.701,-.569,-.354,-.341,-.396
2020,5,1,5,-.481,-.531,-.53,-.491,-.468,-.558,-.436,-.504,-.545,-.307,-.548
2020,2,7,5,-.0161,.0452,-.0685,.332,.228,-.419,-.361,-.219,.219,.158,-.00385
2020,5,29,5,-.413,-.28,-.237,-.381,-.395,-.245,-.137,-.486,-.36,-.306,-.531
2020,1,31,5,-.156,-.106,-.229,-.167,.0678,-.462,-.203,-.303,-.162,-.0993,.267
2020,2,14,5,-.127,.344,-.143,-.0226,-.128,.254,.228,-.217,-.0791,.0556,-.3
2020,4,24,5,-.517,-.365,-.62,-.685,-.47,-.772,-.801,-.514,-.533,-.461,-.504
2020,5,8,5,-.456,-.221,-.393,-.468,-.466,-.533,-.593,-.458,-.478,-.367,-.506
2020,2,21,5,-.0689,.156,.0294,.0979,.0351,-.359,-.419,-.234,.132,.0463,-.148
2020,6,12,5,-.292,-.357,.186,-.207,-.299,.475,.0207,-.282,-.238,-.308,-.475
2020,3,27,5,-.296,-.239,.0254,-.287,-.199,-.455,-.535,-.435,-.14,-.183,-.317
2020,4,3,5,-.326,-.0729,-.217,-.183,-.217,-.679,-.585,-.442,-.275,-.267,-.131
2020,3,13,5,-.316,-.143,-.327,-.0226,-.323,-.476,-.461,-.449,-.24,-.152,-.329
2020,6,5,5,-.22,-.084,-.0489,.0243,-.237,.336,.12,-.223,-.184,-.187,-.363
2020,4,17,5,-.23,-.476,-.249,-.227,-.327,-.366,-.444,-.0664,-.261,-.332,-.394
2020,1,10,5,-.176,-.0619,-.0528,-.0762,-.281,-.341,-.0539,-.17,-.171,-.141,-.408
2020,3,6,5,-.26,-.0212,-.162,-.24,-.292,-.434,-.195,-.392,-.275,-.00961,-.302
2020,5,1,6,-.402,-.384,-.505,-.541,-.333,-.631,-.554,-.44,-.38,-.404,-.262
2020,5,15,6,-.339,-.373,-.425,-.466,-.274,-.586,-.353,-.324,-.286,-.406,-.246
2020,4,17,6,-.365,-.356,-.386,-.441,-.344,-.566,-.381,-.419,-.358,-.352,-.258
2020,3,20,6,.163,.15,.119,.0411,.195,-.104,-.0175,.204,.186,.118,.202
2020,2,21,6,.00542,.0802,-.0756,-.185,.0828,-.124,-.154,-.0351,.0513,-.000304,.0664
2020,5,22,6,-.34,-.317,-.441,-.458,-.275,-.58,-.323,-.314,-.313,-.393,-.292
2020,1,17,6,.147,.114,.0816,.197,.226,.335,.399,.184,.18,.0741,.2
2020,2,14,6,.215,.333,.167,.0773,.264,.0501,-.0138,.163,.256,.21,.302
2020,3,13,6,.0859,.0847,.101,-.184,.221,-.0424,-.0893,.0463,.12,.0734,.184
2020,3,27,6,-.0431,.00574,-.0472,-.22,-.015,-.476,-.361,-.0601,-.0541,-.00679,-.0127
2020,4,3,6,-.215,-.246,-.254,-.287,-.135,-.69,-.612,-.3,-.211,-.129,-.123
2020,4,24,6,-.396,-.407,-.448,-.51,-.349,-.681,-.638,-.461,-.397,-.352,-.284
2020,1,31,6,.13,.108,.174,.26,.136,.0208,-.0473,.0755,.0892,.216,.129
2020,2,28,6,.102,.118,.0714,-.185,.235,.0854,-.0226,.0322,.152,.0518,.326
2020,5,8,6,-.396,-.355,-.461,-.541,-.347,-.722,-.561,-.387,-.413,-.411,-.249
2020,5,29,6,-.336,-.301,-.301,-.504,-.349,-.555,-.386,-.288,-.314,-.375,-.339
2020,3,6,6,-.0423,-.0889,-.117,-.201,-.115,-.109,.00203,-.0153,-.104,-.0329,-.0469
2020,1,24,6,-.184,-.0628,-.181,-.252,-.262,-.235,-.283,-.18,-.186,-.167,-.263
2020,2,7,6,-.115,-.154,-.0475,-.175,-.0954,-.0894,-.111,-.101,-.112,-.137,-.101
2020,6,12,6,-.195,-.124,-.202,-.325,-.24,-.443,-.281,-.0833,-.198,-.24,-.233
2020,1,10,6,-.0934,-.159,-.0742,-.205,-.0998,-.121,-.0679,-.079,-.0829,-.124,-.0663
2020,6,5,6,-.111,-.0704,-.15,-.321,-.0251,-.412,-.183,-.0271,-.0902,-.195,.0382
2020,4,10,6,-.292,-.278,-.212,-.387,-.226,-.607,-.554,-.362,-.241,-.277,-.161
2020,5,22,8,-.384,-.34,-.437,-.46,-.397,-.582,-.323,-.335,-.415,-.406,-.423
2020,4,17,8,-.36,-.383,-.371,-.388,-.303,-.488,-.297,-.403,-.341,-.361,-.258
2020,5,1,8,-.399,-.326,-.516,-.541,-.412,-.599,-.457,-.336,-.421,-.415,-.486
2020,4,10,8,-.336,-.317,-.311,-.406,-.292,-.719,-.514,-.403,-.325,-.275,-.255
2020,2,14,8,.0561,.36,.0836,-.068,-.0565,.0126,.0189,.0752,-.000817,.0794,.00552
2020,2,7,8,-.0648,-.1,-.0766,-.138,-.0829,-.0182,.0189,-.048,-.0816,-.0879,-.0486
2020,4,3,8,-.273,-.23,-.31,-.363,-.183,-.658,-.411,-.33,-.257,-.211,-.248
2020,2,21,8,-.0236,-.0286,-.0321,-.199,-.0167,-.172,-.151,-.0536,-.0168,.0171,-.0685
2020,3,20,8,.196,.126,.154,.126,.274,-.027,.161,.276,.209,.13,.155
2020,5,29,8,-.384,-.302,-.293,-.499,-.471,-.47,-.266,-.308,-.417,-.412,-.502
2020,5,15,8,-.382,-.318,-.395,-.436,-.438,-.666,-.459,-.329,-.395,-.402,-.441
2020,5,8,8,-.411,-.334,-.433,-.552,-.445,-.718,-.448,-.328,-.48,-.437,-.442
2020,3,27,8,-.261,-.215,-.284,-.322,-.248,-.583,-.379,-.279,-.307,-.223,-.209
2020,1,31,8,.00915,.00643,.048,.17,.0346,-.139,-.212,-.0363,-.0253,.0835,.0618
2020,1,24,8,-.0953,.029,-.112,-.207,-.133,-.0578,-.0936,-.0659,-.15,-.0838,-.0618
2020,3,13,8,-.109,.0532,-.0755,-.23,-.212,-.0862,.0358,-.0952,-.161,-.11,-.189
2020,6,5,8,-.164,-.134,-.0299,-.285,-.24,-.398,-.134,-.0613,-.168,-.23,-.197
2020,1,10,8,.189,.0758,.163,.202,.177,.411,.589,.264,.257,.0847,.021
2020,2,28,8,.0143,.0501,.000695,-.0945,.0301,.00745,.0374,-.0259,.00608,.0262,.0828
2020,3,6,8,-.0386,.00331,-.0488,-.127,-.158,.0638,.0836,-.0104,-.126,-.0124,-.0828
2020,1,17,8,-.103,-.111,-.0983,-.165,-.0784,-.214,-.283,-.161,-.081,-.0844,-.021
2020,6,12,8,-.243,-.231,-.147,-.304,-.311,-.408,-.182,-.145,-.275,-.291,-.335
2020,4,24,8,-.393,-.367,-.414,-.424,-.404,-.664,-.544,-.429,-.437,-.342,-.316
2020,4,3,9,.158,-.163,.0801,-.18,.558,-.574,-.459,.112,.382,-.0452,.651
2020,2,7,9,.0535,.0842,.237,-.119,.472,-.205,-.0918,-.126,.243,.0705,.123
2020,6,12,9,.00469,-.304,-.0923,-.295,.0642,-.118,-.121,.146,.139,-.157,-.0903
2020,1,31,9,-.028,.208,.0299,-.00379,.057,-.328,-.382,-.142,-.0621,.0665,.165
2020,3,20,9,.0631,-.125,.00543,.0797,.409,-.0312,.135,-.0104,.187,-.0157,.311
2020,4,24,9,-.299,-.45,-.366,-.549,-.0718,-.66,-.681,-.253,-.184,-.464,-.0283
2020,3,13,9,-.0387,-.079,-.0502,-.0938,.0714,-.178,-.135,-.0871,-.0283,-.0535,-.00482
2020,3,6,9,.0751,.144,.174,-.00813,.152,-.0385,-.0193,.0381,.0399,.11,.0682
2020,4,10,9,-.1,-.371,-.223,-.343,.113,-.618,-.507,-.0576,-.00381,-.216,.163
2020,1,24,9,-.0929,.00344,-.126,-.134,-.079,-.207,-.251,-.0637,-.0349,-.087,-.207
2020,2,14,9,.321,.61,.434,.353,.279,.00317,.169,.164,.363,.426,.3
2020,6,5,9,.0711,-.251,-.149,-.188,.405,-.194,.0483,.195,.389,-.215,.06
2020,2,28,9,.0482,.129,.132,-.0721,.139,-.209,-.116,-.0774,.0856,.0938,.249
2020,3,27,9,.0448,-.203,.0991,-.25,.368,-.518,-.377,-.0646,.367,-.036,.187
2020,4,17,9,-.0863,-.326,-.161,-.157,-.0416,-.325,-.0193,-.0602,-.0303,-.211,.14
2020,1,10,9,-.0181,-.0928,.0597,-.141,-.0455,-.201,-.179,-.0205,.00149,-.00253,-.166
2020,5,1,9,-.328,-.565,-.521,-.572,-.178,-.431,-.425,-.208,-.353,-.44,-.162
2020,5,8,9,-.342,-.378,-.414,-.505,-.189,-.716,-.517,-.316,-.361,-.358,-.158
2020,5,22,9,-.24,-.414,-.433,-.453,.0767,-.475,-.411,-.168,-.112,-.403,-.11
2020,5,15,9,-.407,-.619,-.418,-.51,-.273,-.725,-.589,-.414,-.354,-.452,-.206
2020,5,29,9,-.236,-.428,-.324,-.396,-.134,-.462,-.198,-.0725,-.184,-.38,-.318
2020,1,17,9,.139,-.119,.0366,.279,.0675,.685,.761,.226,.0955,.023,.209
2020,2,21,9,.0469,.143,-.00136,-.161,.14,-.191,-.324,-.00992,.194,.0612,.0434
2020,2,7,10,-.203,-.459,.0202,-.234,-.372,-.255,-.5,-.179,-.255,-.176,-.176
2020,1,17,10,.229,.331,.283,-.000972,.0626,.524,.478,.331,.214,.194,.0993
2020,6,5,10,-.338,-.438,-.441,-.328,-.401,-.333,-.196,-.299,-.354,-.4,-.224
2020,6,12,10,-.398,-.494,-.255,-.487,-.539,.00433,-.37,-.296,-.415,-.407,-.57
2020,3,27,10,-.285,-.3,-.228,-.343,-.43,-.463,-.587,-.253,-.339,-.239,-.399
2020,1,24,10,.0916,-.12,-.0666,-.219,.613,-.143,-.0435,-.016,.344,-.0618,.262
2020,1,31,10,-.0383,-.0156,-.0755,.497,-.21,.0476,-.587,-.0228,-.197,.0907,.00444
2020,3,13,10,-.213,-.113,.122,-.203,-.469,.00433,-.0217,-.303,-.363,-.0165,-.277
2020,3,6,10,-.183,-.203,-.144,-.0126,-.256,-.247,-.304,-.307,-.24,-.0824,-.0815
2020,3,20,10,-.194,-.258,.122,-.246,-.44,.152,.348,-.181,-.299,-.103,-.298
2020,2,21,10,-.0251,.0676,.128,-.0321,-.24,-.195,.087,-.0895,-.0424,-.00687,-.108
2020,4,17,10,-.274,-.584,-.318,-.304,-.553,-.177,.0435,.00987,-.477,-.298,-.41
2020,2,28,10,.0311,-.196,.2,-.118,.0711,.134,-.0652,-.121,.235,-.0701,.15
2020,4,10,10,-.464,-.584,-.3,-.44,-.542,-.654,-.609,-.477,-.475,-.435,-.508
2020,4,24,10,-.479,-.542,-.605,-.324,-.58,-.654,-.761,-.423,-.5,-.497,-.467
2020,5,22,10,-.503,-.556,-.566,-.39,-.573,-.498,-.239,-.438,-.494,-.536,-.588
2020,4,3,10,-.218,-.355,-.288,.0729,-.329,-.602,-.739,-.185,-.209,-.136,-.324
2020,5,15,10,-.53,-.653,-.548,-.502,-.625,-.238,-.283,-.426,-.543,-.565,-.668
2020,5,8,10,-.411,-.473,-.47,-.429,-.594,-.316,-.326,-.328,-.487,-.364,-.564
2020,5,1,10,-.451,-.556,-.444,-.549,-.638,.506,-.087,-.25,-.479,-.593,-.559
2020,5,29,10,-.553,-.473,-.692,-.572,-.677,-.16,-.174,-.447,-.583,-.611,-.641
2020,2,14,10,-.0999,.0884,.101,.116,-.322,-.0649,-.13,-.162,-.198,.0536,-.159
2020,1,10,10,-.283,-.196,-.141,-.277,-.465,-.429,.152,-.292,-.361,-.223,-.366
2020,1,17,11,.0935,.126,.149,.151,.0773,.0915,.237,.0577,.0959,.0737,.105
2020,4,17,11,-.2,-.396,-.251,-.198,-.276,-.457,-.202,-.459,-.209,-.151,-.0834
2020,1,24,11,-.0751,-.117,-.0174,-.123,.0748,-.0789,.00578,-.0242,-.0644,-.107,-.012
2020,5,8,11,-.295,-.147,-.245,-.397,-.378,-.744,-.653,-.487,-.392,-.21,-.142
2020,3,6,11,.0113,-.182,.0163,-.00195,-.0811,.057,-.0751,.0668,-.0595,-.00287,.0429
2020,3,20,11,.104,.0489,.207,.18,.00943,-.392,-.272,.00654,.175,.121,.0731
2020,4,3,11,.000954,.114,-.0691,.0349,-.28,-.784,-.595,-.349,-.166,.185,.0593
2020,5,1,11,-.321,-.407,-.393,-.405,-.482,-.678,-.653,-.569,-.321,-.244,-.238
2020,1,10,11,-.0668,-.123,-.107,-.106,-.133,.0294,-.121,-.0799,-.0955,-.0373,-.0916
2020,2,21,11,.145,.0904,.104,.0144,.167,.172,-.0636,.168,.126,.121,.146
2020,2,28,11,.17,.387,-.0219,.0803,.34,.158,-.0405,.157,.103,.172,.279
2020,5,29,11,-.372,-.236,-.31,-.4,-.514,-.8,-.734,-.523,-.483,-.304,-.241
2020,4,10,11,-.0409,-.0222,-.0354,-.0353,-.124,-.761,-.665,-.355,-.0585,.0841,.11
2020,1,31,11,.0484,.114,-.0242,.0781,-.0195,-.042,-.121,.0463,.0639,.0706,-.00103
2020,5,22,11,-.259,-.366,-.355,-.356,-.18,-.765,-.699,-.469,-.325,-.27,.0292
2020,2,7,11,-.00195,-.0993,.0815,-.116,-.0534,-.0512,-.202,-.0299,.00753,.0166,.0182
2020,2,14,11,.19,.102,.18,.0675,.174,.474,.272,.352,.235,.136,.172
2020,3,27,11,-.0595,.108,-.0197,-.0984,-.153,-.404,-.272,-.178,-.0362,-.00392,-.0106
2020,3,13,11,.111,.215,.201,.125,.066,.0616,-.145,.0816,.0571,.0991,.184
2020,5,15,11,-.387,-.396,-.28,-.435,-.384,-.83,-.757,-.525,-.432,-.358,-.237
2020,6,12,11,-.116,-.147,-.222,-.125,-.16,-.657,-.503,-.318,-.177,-.0586,.0182
2020,6,5,11,-.157,-.00444,-.193,-.153,-.29,-.719,-.595,-.321,-.249,-.0777,-.00926
2020,4,24,11,-.274,-.147,-.352,-.245,-.471,-.79,-.78,-.503,-.347,-.18,-.0834
2020,5,29,12,-.308,-.257,-.211,-.367,-.444,-.343,-.102,-.252,-.319,-.338,-.465
2020,2,21,12,.0501,.223,.0152,-.0499,.138,-.0405,.0181,.0249,.134,.011,.108
2020,4,3,12,-.317,-.181,-.247,-.301,-.325,-.691,-.524,-.383,-.254,-.272,-.328
2020,2,28,12,.0475,.0139,.0824,-.1,.0957,.147,.106,.0463,.105,-.0416,.184
2020,1,24,12,.0302,-.038,-.0309,-.0199,.218,.0169,.0111,-.0337,.0813,-.000559,.226
2020,5,15,12,-.388,-.375,-.35,-.409,-.399,-.562,-.373,-.39,-.373,-.4,-.39
2020,4,17,12,-.301,-.283,-.279,-.305,-.249,-.533,-.276,-.35,-.279,-.285,-.187
2020,2,14,12,.304,.356,.335,.264,.309,.376,.342,.307,.335,.274,.306
2020,5,1,12,-.409,-.348,-.359,-.454,-.415,-.609,-.382,-.451,-.381,-.405,-.332
2020,3,6,12,.0447,.0421,.0698,.0327,.0556,.0734,.173,.0668,.0283,.00915,.0662
2020,5,22,12,-.284,-.29,-.334,-.333,-.206,-.475,-.143,-.302,-.21,-.354,-.236
2020,6,5,12,-.117,-.115,.00786,-.107,-.263,-.288,.0611,-.042,-.147,-.139,-.246
2020,2,7,12,-.0673,-.0272,.0282,-.1,-.147,.0175,-.0389,-.0628,-.0812,-.0192,-.186
2020,3,20,12,.116,.0771,.128,.0403,.158,-.0378,.16,.145,.154,.0727,.00952
2020,3,13,12,-.0205,.037,.0368,-.0623,-.0839,-.0398,.144,-.0171,-.0252,.00185,-.164
2020,3,27,12,-.196,-.149,-.11,-.276,-.232,-.509,-.237,-.198,-.166,-.182,-.291
2020,5,8,12,-.42,-.3,-.395,-.46,-.481,-.577,-.298,-.404,-.424,-.423,-.473
2020,4,24,12,-.512,-.47,-.465,-.447,-.554,-.746,-.629,-.576,-.521,-.421,-.512
2020,1,17,12,.0377,.054,-.00849,.144,.138,-.0113,-.0361,.0226,.0929,.0196,.101
2020,1,31,12,-.0276,.0329,.0564,-.00535,-.116,-.0484,-.0819,-.0308,-.0431,.0298,-.113
2020,4,10,12,-.358,-.27,-.21,-.42,-.302,-.66,-.486,-.445,-.305,-.322,-.262
2020,1,10,12,-.0404,-.0488,-.017,-.119,-.239,.0428,.107,.0418,-.131,-.0489,-.213
2020,6,12,12,-.189,-.209,-.0767,-.192,-.308,-.32,-.171,-.13,-.166,-.219,-.366
2020,3,13,13,-.0634,.00659,-.0236,-.0476,-.0654,-.15,-.0833,-.124,-.084,-.0276,-.0758
2020,4,3,13,-.227,-.299,-.304,-.309,-.11,-.625,-.487,-.286,-.184,-.213,-.0729
2020,5,8,13,-.344,-.449,-.489,-.496,-.25,-.52,-.255,-.25,-.339,-.442,-.311
2020,2,28,13,.118,.172,.00622,-.112,.365,.0775,.005,.0365,.207,.0584,.443
2020,1,10,13,.0303,-.0919,.00345,-.0659,.0221,-.0314,.0317,.107,-.014,-.011,.0232
2020,5,29,13,-.321,-.369,-.298,-.432,-.412,-.262,-.0883,-.202,-.349,-.393,-.451
2020,4,10,13,-.288,-.387,-.281,-.434,-.111,-.521,-.435,-.348,-.202,-.299,-.128
2020,2,7,13,.0224,-.0142,.0211,-.0476,-.00807,-.064,-.0733,.062,-.0164,.0153,.139
2020,1,31,13,.104,.186,.123,.0966,.12,.00648,-.0317,.0398,.116,.163,.145
2020,4,24,13,-.43,-.541,-.565,-.461,-.332,-.492,-.48,-.441,-.445,-.425,-.325
2020,3,6,13,.109,.00243,.0128,-.00101,.275,-.0288,.0433,.087,.104,.0713,.294
2020,5,22,13,-.301,-.408,-.431,-.425,-.182,-.436,-.383,-.213,-.272,-.419,-.172
2020,2,21,13,.3,.299,.174,.0966,.544,.273,.163,.309,.432,.187,.498
2020,4,17,13,-.126,-.378,-.334,-.233,-.00621,-.267,-.0783,-.0754,-.0683,-.243,.0801
2020,5,1,13,-.341,-.505,-.462,-.507,-.182,-.422,-.328,-.33,-.236,-.437,-.222
2020,2,14,13,.217,.246,.118,.156,.417,.141,.0133,.208,.226,.192,.389
2020,3,27,13,-.144,-.18,-.177,-.283,-.0571,-.48,-.285,-.208,-.12,-.0976,-.098
2020,1,24,13,-.134,-.129,-.102,-.114,-.215,.143,.12,-.135,-.145,-.121,-.245
2020,5,15,13,-.361,-.518,-.512,-.475,-.041,-.634,-.537,-.352,-.207,-.494,-.161
2020,6,12,13,-.164,-.249,-.111,-.276,-.21,-.199,-.112,-.00931,-.194,-.252,-.249
2020,3,20,13,.053,-.0385,-.0518,-.108,.0744,.00181,-.105,.123,.0432,.00919,.0653
2020,6,5,13,-.105,-.236,-.219,-.266,.0711,-.249,.085,-.0391,-.0983,-.207,.0283
2020,1,17,13,-.000777,.0343,-.0247,.0828,.0737,-.118,-.12,-.0126,.0422,-.031,.0766
2020,2,14,15,.251,.581,.144,.262,.127,.013,-.0196,.192,.296,.305,.113
2020,5,29,15,-.41,-.446,-.313,-.394,-.387,-.72,-.576,-.473,-.369,-.344,-.395
2020,3,27,15,-.16,-.23,-.268,-.326,.0605,-.52,-.388,-.28,-.145,-.0959,.0767
2020,1,17,15,.116,.0135,.315,.111,.26,.05,-.0353,.126,.165,.11,.113
2020,1,10,15,.0508,.0946,-.141,.0584,-.135,.1,.224,.0669,-.00302,.0462,-.111
2020,3,13,15,.181,.324,.275,.179,.224,-.161,-.192,.0447,.23,.307,.324
2020,1,31,15,-.0284,-.162,-.0418,-.107,.0363,.0326,-.0118,-.0603,-.0307,-.0171,.136
2020,6,5,15,-.113,-.284,.103,.107,-.155,-.752,-.333,-.317,-.0773,.106,.0401
2020,3,6,15,.114,.122,.279,.194,-.0181,-.0891,.0745,.179,.106,.036,-.148
2020,2,21,15,-.0618,-.0405,.18,-.111,-.192,-.25,-.388,-.0765,-.079,.0668,-.212
2020,5,8,15,-.488,-.446,-.444,-.492,-.254,-.82,-.71,-.629,-.373,-.372,-.464
2020,4,24,15,-.383,-.459,-.638,-.401,-.173,-.757,-.671,-.557,-.302,-.317,-.148
2020,2,7,15,.25,-.0946,.116,.367,.0645,.496,.349,.344,.261,.156,.104
2020,4,17,15,-.208,-.0405,-.534,-.198,-.0948,-.457,-.161,-.259,-.121,-.238,-.253
2020,4,3,15,-.161,-.338,-.087,-.0433,-.0302,-.611,-.553,-.362,.0298,.0103,-.0332
2020,5,1,15,-.409,-.405,-.494,-.427,-.196,-.835,-.82,-.53,-.283,-.348,-.162
2020,5,15,15,-.51,-.351,-.539,-.262,-.379,-.843,-.757,-.684,-.416,-.365,-.423
2020,5,22,15,-.485,-.351,-.544,-.48,-.349,-.783,-.655,-.63,-.476,-.337,-.276
2020,1,24,15,-.138,.0541,-.132,-.0621,-.161,-.183,-.176,-.133,-.131,-.139,-.139
2020,4,10,15,-.373,-.324,-.521,-.224,-.286,-.828,-.671,-.521,-.273,-.288,-.322
2020,3,20,15,.156,-.324,.342,.0734,.151,-.298,-.0353,.085,.177,.269,.136
2020,2,28,15,.173,.405,.333,-.0847,.179,.278,.137,.224,.0816,.0976,.164
2020,6,12,15,-.33,-.324,-.0599,-.111,-.254,-.717,-.631,-.437,-.269,-.161,-.239
2020,2,7,16,.0986,.19,-.0308,-.02,-.0412,-.104,.15,.269,-.0388,.0973,-.165
2020,3,20,16,.145,.238,.131,.329,.0108,.365,.238,.287,.207,.102,-.321
2020,5,15,16,-.388,-.413,-.285,-.347,-.463,-.522,-.154,-.314,-.411,-.44,-.585
2020,3,27,16,.0176,.198,-.147,.182,.00976,.0807,.0699,.125,.0704,-.094,-.215
2020,3,6,16,.0834,.419,.11,.134,-.131,.498,.525,.292,-.0756,.0346,-.303
2020,1,31,16,-.0626,-.108,-.115,-.0777,-.0315,-.143,.0938,-.123,-.0492,-.108,.0551
2020,2,21,16,.149,.495,.0291,.211,.108,-.122,.014,.172,.21,.127,.0473
2020,4,17,16,-.311,-.393,-.45,-.251,-.411,-.298,-.0339,-.278,-.366,-.277,-.507
2020,5,22,16,-.166,-.0271,-.0802,-.183,-.345,.0721,.166,-.0913,-.115,-.186,-.564
2020,6,5,16,-.0534,-.14,.191,.0793,-.318,.33,.182,.117,-.112,-.105,-.414
2020,2,28,16,.0496,.162,-.0485,.06,.337,-.00969,-.0898,-.0776,.453,-.0445,-.103
2020,5,8,16,-.338,-.272,-.316,-.276,-.491,-.513,-.218,-.297,-.346,-.368,-.552
2020,1,24,16,-.089,-.116,-.101,-.106,-.116,.0291,-.0898,-.0187,-.122,-.126,-.212
2020,1,17,16,.184,.198,.336,.275,.262,-.199,-.154,.0959,.257,.326,.205
2020,4,10,16,-.358,-.353,-.411,-.295,-.409,-.531,-.162,-.341,-.388,-.352,-.482
2020,1,10,16,-.0326,.0251,-.119,-.0905,-.115,.313,.15,.0455,-.0859,-.0918,-.0486
2020,3,13,16,.171,.363,.202,.367,.0315,.628,.461,.222,.196,.197,-.134
2020,4,3,16,-.252,-.16,-.137,.137,-.294,-.673,-.513,-.338,-.203,-.281,-.0668
2020,4,24,16,-.37,-.441,-.376,-.456,-.401,-.363,-.457,-.334,-.4,-.369,-.417
2020,2,14,16,.0324,.286,-.126,.287,-.00759,-.0614,.246,.0439,.021,.0247,-.0823
2020,5,29,16,-.152,-.104,-.00617,-.0328,-.369,.0118,-.0898,-.0149,-.183,-.23,-.424
2020,5,1,16,-.374,-.477,-.348,-.372,-.495,-.0743,-.0739,-.273,-.41,-.449,-.58
2020,6,12,16,-.106,-.176,-.00617,-.0456,-.254,.361,.0539,-.00191,-.125,-.123,-.331
2020,6,12,17,-.158,-.216,-.0323,-.42,-.173,-.289,-.126,.0788,-.14,-.312,-.269
2020,2,14,17,.188,.229,.192,.076,.135,.166,.0473,.277,.215,.118,.144
2020,5,1,17,-.387,-.441,-.519,-.571,-.348,-.531,-.317,-.247,-.386,-.523,-.34
2020,3,6,17,-.0342,-.0851,-.107,.0217,.0596,.115,.24,-.103,.0275,-.0433,.0012
2020,3,13,17,.00938,-.014,.158,-.0571,-.0445,-.00665,-.00592,-.0722,.0831,.046,-.0238
2020,2,7,17,-.252,-.232,-.184,-.298,-.335,-.102,.0178,-.304,-.249,-.243,-.271
2020,4,3,17,-.256,-.31,-.336,-.265,-.188,-.655,-.438,-.302,-.246,-.209,-.211
2020,1,24,17,.123,.0369,.0507,.0326,-.0349,.118,.152,.24,.0409,.115,.0012
2020,5,29,17,-.448,-.441,-.449,-.536,-.474,-.504,-.337,-.357,-.435,-.523,-.489
2020,4,24,17,-.498,-.497,-.535,-.544,-.469,-.679,-.541,-.519,-.501,-.503,-.431
2020,1,17,17,-.0478,.123,-.0208,.0548,.032,-.157,-.191,-.104,.00456,-.0614,.0744
2020,3,20,17,-.0988,-.112,-.0376,-.155,-.0912,.047,.169,-.127,-.109,-.116,-.0518
2020,4,17,17,-.268,-.432,-.39,-.363,-.28,-.246,.108,-.182,-.297,-.323,-.254
2020,4,10,17,-.324,-.365,-.376,-.345,-.257,-.568,-.312,-.324,-.326,-.316,-.324
2020,5,8,17,-.448,-.4,-.44,-.573,-.347,-.587,-.337,-.4,-.468,-.515,-.261
2020,6,5,17,-.175,-.187,-.217,-.361,-.118,-.249,.158,-.0609,-.185,-.274,-.166
2020,3,27,17,-.0811,-.115,-.124,-.144,-.0585,-.241,.00592,-.0401,-.0935,-.106,-.102
2020,1,31,17,.0822,-.0158,.0732,.0921,.232,-.0218,-.141,.0419,.125,.0944,.14
2020,5,22,17,-.439,-.44,-.541,-.517,-.326,-.577,-.302,-.384,-.381,-.533,-.39
2020,2,21,17,.00532,.0507,-.0485,-.0816,.00182,.0543,-.0163,-.0157,.0764,-.0334,.0255
2020,1,10,17,-.157,-.144,-.103,-.18,-.229,.0608,.179,-.177,-.171,-.148,-.216
2020,2,28,17,.069,.0621,.103,-.128,.3,.204,.22,-.0306,.129,-.0274,.438
2020,5,15,17,-.39,-.407,-.494,-.563,-.353,-.635,-.408,-.265,-.361,-.506,-.347
2020,3,27,18,-.0549,-.0266,-.0906,-.161,-.0919,-.308,-.0487,.00982,-.0286,-.161,-.151
2020,1,31,18,-.029,-.000502,.13,.203,-.0579,-.131,-.19,-.112,-.085,.163,-.0392
2020,2,7,18,.163,-.0256,.159,-.0896,.409,-.0539,.138,.145,.252,.0404,.409
2020,5,8,18,-.329,-.264,-.347,-.486,-.335,-.321,-.0641,-.252,-.348,-.475,-.255
2020,1,24,18,-.0387,-.0718,-.122,-.0876,-.113,.0691,.172,-.0111,-.0394,-.0806,-.0758
2020,3,13,18,.109,.0537,.191,-.0332,.112,.0317,.149,.0677,.156,.057,.2
2020,4,24,18,-.365,-.354,-.465,-.451,-.342,-.656,-.51,-.323,-.382,-.409,-.281
2020,4,17,18,-.212,-.406,-.256,-.337,-.317,-.202,-.0308,-.023,-.278,-.404,-.275
2020,6,12,18,-.077,-.0818,-.0296,-.178,-.141,-.1,-.0333,.0934,-.0975,-.285,-.221
2020,5,29,18,-.252,-.298,-.2,-.378,-.323,-.0718,-.0179,-.128,-.329,-.356,-.4
2020,5,22,18,-.259,-.35,-.375,-.434,-.105,-.32,-.187,-.237,-.175,-.442,-.19
2020,2,28,18,.0507,.116,.0916,-.143,.168,.253,.149,-.00799,.127,-.0632,.201
2020,2,14,18,.195,.28,.248,.0205,.206,.0709,.249,.17,.216,.14,.276
2020,1,10,18,-.106,-.0988,-.112,-.238,-.0686,.0281,-.0436,-.0857,-.117,-.0945,-.252
2020,5,15,18,-.295,-.333,-.256,-.487,-.25,-.309,-.113,-.278,-.251,-.441,-.259
2020,4,3,18,-.0813,-.252,-.215,-.0232,-.0467,-.59,-.39,-.0199,-.0864,-.14,-.0108
2020,2,21,18,.196,.211,.115,-.00101,.252,-.0325,-.0667,.238,.242,.0272,.403
2020,4,10,18,-.249,-.326,-.235,-.3,-.256,-.473,-.262,-.175,-.238,-.376,-.201
2020,1,17,18,.173,.171,.104,.123,.24,.0334,.0615,.208,.241,.0118,.367
2020,3,20,18,.049,.0848,.1,-.0514,.0461,.0201,.169,.0497,.0841,-.0249,-.0392
2020,5,1,18,-.23,-.334,-.364,-.468,-.255,-.463,-.167,-.102,-.272,-.394,-.225
2020,3,6,18,.0451,.0186,.07,.0594,.135,-.163,.0359,.0425,.0429,-.0219,.24
2020,6,5,18,.0356,-.0376,.0069,-.204,.131,.0147,.197,.162,.0482,-.194,.038
2020,2,14,19,.133,.26,.161,.106,.14,.135,.344,.121,.133,.137,.0465
2020,6,5,19,-.144,-.237,-.215,-.237,-.127,-.0728,.324,-.0245,-.152,-.281,-.324
2020,3,6,19,.123,.151,.0134,.0124,.313,.305,.445,.12,.164,.0784,-.0272
2020,1,17,19,.16,.117,.0298,.452,.199,-.224,-.13,.149,.164,.191,.304
2020,2,21,19,.435,.282,.334,.205,.56,.0539,.191,.496,.479,.381,.634
2020,5,29,19,-.281,-.211,-.319,-.455,-.293,-.321,-.197,-.182,-.245,-.416,-.412
2020,1,24,19,-.0643,-.0654,-.189,-.0702,-.147,.272,.0301,-.0218,-.0671,-.0777,-.152
2020,6,12,19,-.213,-.31,-.304,-.255,-.122,-.164,-.0769,-.103,-.159,-.396,-.355
2020,3,20,19,.0622,-.0654,.00596,-.145,.404,-.191,.191,.0618,.184,-.0276,.0226
2020,2,28,19,.0242,.218,.112,-.275,.0719,.315,.324,-.00182,.0398,-.0589,.0889
2020,4,10,19,-.369,-.346,-.332,-.461,-.355,-.631,-.391,-.451,-.285,-.363,-.444
2020,4,17,19,-.18,-.312,-.441,-.312,-.392,-.315,-.0167,.0845,-.287,-.318,-.433
2020,4,24,19,-.443,-.498,-.437,-.588,-.471,-.571,-.545,-.453,-.472,-.405,-.486
2020,3,13,19,-.151,-.0761,-.128,-.27,-.127,.027,.104,-.186,-.138,-.182,-.169
2020,5,8,19,-.244,-.196,-.329,-.464,-.255,-.496,.0234,-.172,-.246,-.342,-.298
2020,5,1,19,-.3,-.188,-.458,-.506,-.288,-.369,-.237,-.2,-.29,-.407,-.399
2020,1,31,19,-.183,-.0697,.0566,-.347,-.185,-.24,-.124,-.203,-.191,-.177,-.222
2020,4,3,19,-.0598,-.0611,-.152,-.222,.108,-.466,-.237,-.162,.182,-.103,-.105
2020,5,22,19,-.237,-.406,-.347,-.341,-.0746,-.504,-.191,-.149,-.199,-.403,-.221
2020,3,27,19,.15,.136,.127,.0274,.171,-.0782,-.0502,.246,.159,.0476,.163
2020,5,15,19,-.344,-.584,-.35,-.413,-.277,-.598,-.331,-.278,-.295,-.443,-.394
2020,1,10,19,.0877,.0182,.103,-.0357,.133,.191,.224,.0759,.0936,.0639,.0705
2020,2,7,19,-.251,-.245,-.0924,-.422,-.245,-.218,-.0903,-.284,-.291,-.187,-.383
2020,4,24,20,-.378,-.489,-.48,-.448,-.432,-.493,-.394,-.392,-.475,-.257,-.384
2020,3,13,20,.0628,.0316,.168,.126,-.0377,.0134,.208,.045,.0984,.0491,-.0161
2020,4,17,20,-.201,-.288,-.352,-.263,-.414,-.434,-.189,.0454,-.353,-.315,-.251
2020,1,24,20,-.0317,-.145,-.0433,-.0389,-.0762,.312,.169,-.0408,.00601,-.0453,-.0868
2020,6,5,20,-.0365,-.00762,-.0538,.0148,-.266,.152,.15,.15,-.136,-.117,-.247
2020,3,27,20,-.119,-.208,-.208,-.289,-.0551,-.269,-.0119,-.0665,-.131,-.176,-.195
2020,2,7,20,.263,-.0229,.151,.013,.129,-.257,-.227,.496,.227,.0694,.45
2020,5,22,20,-.266,-.351,-.311,-.356,-.3,-.409,-.346,-.226,-.293,-.285,-.28
2020,1,17,20,-.016,-.0403,-.0371,-.00926,-.00605,-.243,-.212,.0119,-.0269,-.0523,.09
2020,1,10,20,.0718,.151,.0047,.0722,.0728,.144,.141,.0707,.0541,.0925,-.0764
2020,5,8,20,-.349,-.378,-.344,-.396,-.48,-.473,-.208,-.224,-.452,-.403,-.451
2020,2,14,20,.37,.647,.385,.28,.312,.185,.504,.284,.326,.488,.421
2020,3,20,20,.134,-.0707,.0548,.156,.061,.163,.308,.159,.109,.118,.0317
2020,4,10,20,-.362,-.443,-.419,-.285,-.367,-.587,-.365,-.36,-.366,-.38,-.27
2020,5,15,20,-.351,-.48,-.338,-.313,-.458,-.412,-.279,-.264,-.412,-.396,-.359
2020,3,6,20,.062,-.101,-.0225,.204,-.0476,.0263,.241,.129,-.0801,.0638,-.00156
2020,4,3,20,-.281,-.219,-.38,-.407,-.3,-.503,-.341,-.29,-.301,-.226,-.324
2020,6,12,20,-.0854,-.169,-.0914,-.0593,-.312,.115,.0167,.0528,-.169,-.119,-.245
2020,5,29,20,-.233,-.134,-.273,-.35,-.398,-.186,-.131,-.135,-.248,-.29,-.378
2020,2,21,20,.139,.208,.0987,.104,.213,-.0548,.189,.0959,.155,.0988,.342
2020,2,28,20,.0918,.208,.174,.05,-.00171,-.00138,.0597,.106,.0548,.0645,.196
2020,5,1,20,-.313,-.469,-.438,-.343,-.466,-.327,-.146,-.186,-.413,-.419,-.28
2020,1,31,20,-.0241,.0337,.0757,-.0241,.00947,-.213,-.0979,-.0418,-.0332,.00507,.0733
2020,3,20,21,.161,.0217,.119,.169,.0773,.104,.225,.237,.0362,.191,.0676
2020,2,7,21,.00378,-.134,-.0229,-.199,.34,-.208,-.0107,-.12,.161,-.0166,.168
2020,5,15,21,-.347,-.438,-.356,-.284,-.407,-.429,-.161,-.302,-.386,-.397,-.343
2020,5,1,21,-.187,-.242,-.32,-.352,-.18,-.401,-.221,-.121,-.147,-.303,-.231
2020,1,10,21,-.00569,.0277,-.00654,-.0741,-.134,.0226,.156,.0258,-.07,.0106,-.11
2020,3,27,21,-.0169,-.192,-.0261,-.107,.0538,-.321,-.165,-.0299,.0512,-.0658,.0985
2020,5,29,21,-.128,-.309,-.176,-.151,-.0543,-.106,.0278,-.0463,-.0931,-.227,-.271
2020,4,24,21,-.338,-.452,-.252,-.365,-.388,-.348,-.405,-.299,-.404,-.314,-.317
2020,4,3,21,-.224,-.262,-.229,-.186,-.295,-.548,-.375,-.16,-.231,-.244,-.297
2020,1,31,21,.0877,.066,.0327,.109,.146,-.012,.0107,.0422,.0904,.148,.145
2020,1,17,21,.0557,.0237,.109,.0891,.158,-.127,-.255,.0566,.11,.0174,.193
2020,5,8,21,-.315,-.375,-.319,-.379,-.308,-.563,-.276,-.276,-.342,-.399,-.17
2020,6,5,21,.201,-.182,.0507,.297,.343,.158,.61,.324,.216,.00665,.0815
2020,2,14,21,.314,.195,.278,.225,.394,.371,.366,.242,.378,.261,.505
2020,3,13,21,.15,.149,.173,.206,.105,.299,.478,.134,.224,.0667,.0197
2020,5,22,21,-.336,-.351,-.502,-.362,-.358,-.473,-.323,-.253,-.431,-.385,-.248
2020,4,17,21,-.0816,-.48,-.263,-.242,-.131,-.327,-.0878,.157,-.259,-.33,-.101
2020,4,10,21,-.238,-.303,-.0408,-.35,-.364,-.384,-.349,-.165,-.332,-.249,-.258
2020,1,24,21,-.138,-.117,-.136,-.124,-.17,.117,.0878,-.125,-.13,-.176,-.228
2020,2,21,21,.152,-.0267,.0621,.0161,.203,-.0664,-.0193,.141,.223,.0661,.258
2020,3,6,21,.0401,-.0287,-.0294,.128,-.097,-.073,.0407,.144,-.0319,.00326,-.0529
2020,6,12,21,.0947,-.158,.0327,-.034,.0223,.272,.178,.301,.0829,-.13,-.17
2020,2,28,21,.061,.195,.126,-.0569,.12,.104,-.0878,.0114,.0684,.0955,.142
2020,2,14,22,.18,.32,.223,.208,.226,.132,.397,.118,.224,.186,.173
2020,1,10,22,-.0461,-.0122,.0324,-.00682,-.166,-.0381,-.00437,-.0186,-.0946,-.0261,-.144
2020,4,10,22,-.36,-.387,-.26,-.37,-.278,-.661,-.528,-.445,-.288,-.316,-.313
2020,4,24,22,-.26,-.198,-.262,-.307,-.207,-.519,-.214,-.323,-.226,-.217,-.203
2020,6,5,22,-.00514,-.0742,.0909,.0334,-.199,-.143,.231,.154,-.175,-.0536,-.0784
2020,5,22,22,-.135,-.257,-.298,-.123,-.115,-.434,-.192,-.104,-.15,-.134,-.233
2020,3,6,22,.435,.647,.526,.558,.63,.596,.761,.496,.551,.488,.651
2020,4,17,22,-.267,-.521,-.425,-.32,-.434,-.593,-.393,.00784,-.403,-.454,-.409
2020,3,27,22,-.117,-.1,.024,-.0571,-.116,-.552,-.419,-.161,-.091,-.0855,-.0571
2020,1,31,22,-.0283,.000815,-.0449,.000359,.0316,-.129,-.14,-.0137,-.0574,-.035,.0497
2020,1,24,22,-.124,-.0709,-.00522,-.112,-.322,-.0463,0,-.0734,-.242,-.0548,-.266
2020,2,21,22,.127,.0791,.0512,.163,.243,-.0865,.0917,.0464,.174,.152,.313
2020,2,28,22,-.134,.00733,-.0094,-.158,-.121,-.357,-.183,-.242,-.0849,-.104,.0037
2020,6,12,22,.000622,-.12,-.0199,-.0542,.0557,-.0803,.0961,.0649,.0483,-.06,-.231
2020,3,13,22,.0284,-.0709,.0658,.0908,.00161,.0443,.127,.0309,-.0325,.0462,.0136
2020,5,29,22,.255,.311,.248,.0635,.501,.0196,.367,.174,.409,.17,.273
2020,5,1,22,-.19,-.364,-.193,-.396,-.25,-.248,-.0393,-.213,-.201,-.197,-.0456
2020,2,7,22,-.0829,-.0742,.0784,-.0126,-.116,-.232,-.183,-.116,-.122,.0366,-.159
2020,1,17,22,.199,.0823,.0178,.118,.456,.213,.144,.106,.394,.116,.36
2020,4,3,22,-.324,-.319,-.279,-.376,-.229,-.746,-.651,-.429,-.162,-.33,-.287
2020,5,8,22,-.367,-.459,-.379,-.44,-.429,-.564,-.336,-.342,-.429,-.371,-.313
2020,5,15,22,-.0748,-.13,-.047,-.213,.0203,-.402,-.0568,-.115,-.059,-.102,-.0292
2020,3,20,22,.126,.00407,.202,.0994,.256,-.0185,.131,.127,.0839,.12,.168
2020,4,17,23,.332,-.128,-.46,-.199,.63,.158,.203,.496,.254,-.189,.651
2020,5,29,23,-.302,.0627,-.488,-.437,-.256,-.56,-.242,-.275,-.187,-.436,-.332
2020,1,10,23,.0278,.0866,.00178,-.191,.152,.0831,-.0588,.0117,.101,-.0507,.0923
2020,5,15,23,-.271,.421,-.552,-.372,-.248,-.668,-.451,-.228,-.193,-.406,-.282
2020,2,7,23,-.0269,.17,.144,-.0181,-.196,-.249,.098,-.0697,.401,-.127,-.454
2020,6,12,23,-.237,-.0328,-.297,-.3,-.238,-.121,-.216,-.0941,-.282,-.318,-.282
2020,3,20,23,-.0555,.242,-.332,-.199,.119,-.346,-.294,-.0982,.137,-.118,-.0948
2020,6,5,23,-.135,.218,-.226,.112,-.151,-.485,.438,-.0412,-.204,-.209,-.226
2020,4,24,23,-.4,-.319,-.126,-.588,-.38,-.292,-.216,-.42,-.34,-.389,-.57
2020,3,27,23,-.298,.134,.016,-.184,-.326,-.893,-.608,-.363,-.248,-.268,-.363
2020,3,6,23,.177,.278,.179,.199,.377,-.346,.124,.107,.182,.155,.249
2020,2,21,23,.434,.647,.201,.558,.367,.18,.0458,.496,.501,.443,.355
2020,4,3,23,-.239,.0866,-.417,-.329,.00762,-.775,-.477,-.432,.00416,-.253,-.115
2020,5,1,23,-.259,.11,-.659,-.552,-.401,-.303,.438,-.0473,-.329,-.409,-.504
2020,1,17,23,.19,.0388,.187,.285,.144,.416,.49,.213,.221,.0933,.249
2020,5,22,23,-.13,.445,-.467,-.343,-.218,-.239,-.19,-.0534,-.223,-.124,-.247
2020,4,10,23,-.324,.313,-.162,-.379,-.196,-.839,-.477,-.446,-.262,-.286,-.206
2020,2,14,23,.114,.6,.215,.242,-.0249,-.196,-.32,.0443,.115,.32,.0215
2020,1,31,23,.000477,.11,-.0622,-.0108,.0117,-.0885,-.111,-.0148,-.0513,.0992,-.0139
2020,5,8,23,-.0841,-.0209,-.467,-.17,-.163,-.818,-.425,.0504,-.0596,-.136,-.302
2020,2,28,23,.124,.612,.00178,-.0614,.121,-.196,-.085,-.0677,.273,.281,.158
2020,3,13,23,-.0288,.337,.0941,.0253,-.159,-.174,-.111,-.086,.0707,.00808,-.191
2020,1,24,23,-.218,-.236,-.126,-.083,-.307,-.41,-.32,-.21,-.27,-.142,-.327
2020,2,14,24,.339,.419,.475,.136,.379,.281,.761,.396,.404,.231,.395
2020,3,27,24,-.154,-.226,-.0897,-.173,-.0905,-.593,-.406,-.234,-.163,-.114,-.1
2020,2,28,24,.14,.146,.394,-.0702,.124,.234,.215,.105,.202,.104,.141
2020,1,31,24,.141,.117,.127,.324,.138,.031,-.0141,.0761,.0915,.268,.125
2020,5,8,24,-.301,-.281,-.419,-.365,-.327,-.549,-.389,-.258,-.321,-.311,-.291
2020,4,24,24,-.393,-.348,-.505,-.453,-.31,-.612,-.539,-.465,-.326,-.37,-.332
2020,4,3,24,-.176,-.156,-.2,-.132,-.189,-.645,-.472,-.303,-.19,-.074,-.107
2020,4,10,24,-.277,-.182,-.225,-.393,-.147,-.526,-.363,-.381,-.226,-.271,-.142
2020,5,22,24,-.25,-.24,-.427,-.283,-.2,-.463,-.0108,-.256,-.167,-.319,-.181
2020,5,15,24,-.253,-.391,-.452,-.425,-.0516,-.584,-.402,-.238,-.0926,-.369,-.129
2020,6,12,24,-.114,-.168,-.106,-.2,-.0932,-.294,.0689,-.107,-.0344,-.173,-.146
2020,4,17,24,-.142,-.221,-.287,-.224,-.126,.00742,.334,-.0743,-.161,-.239,.0612
2020,2,7,24,-.142,-.173,.0318,-.243,-.157,-.18,.0755,-.112,-.162,-.165,-.173
2020,1,24,24,-.206,-.128,-.122,-.282,-.234,-.189,-.14,-.161,-.214,-.237,-.267
2020,5,1,24,-.308,-.0976,-.469,-.396,-.312,-.561,-.296,-.325,-.282,-.353,-.159
2020,1,10,24,-.0561,-.0708,-.0859,-.104,-.174,.0476,.162,.00522,-.0926,-.0594,-.17
2020,3,20,24,.0682,.0574,.128,-.106,.0977,.0598,.411,.111,.0961,-.00442,.0239
2020,5,29,24,-.212,-.175,-.264,-.284,-.283,-.214,.0191,-.16,-.204,-.255,-.262
2020,3,13,24,.0121,.0796,.152,-.0366,-.0281,-.0048,.172,-.0179,.0464,-.00423,-.0272
2020,1,17,24,.121,.0819,.0816,.0624,.27,.11,-.00747,.0798,.215,.028,.312
2020,2,21,24,.169,.212,.116,-.0749,.286,.1,.0589,.248,.22,.0799,.138
2020,3,6,24,.0314,-.0405,.0969,-.0343,-.00965,.137,.00249,.0889,-.0192,-.00578,.0451
2020,6,5,24,-.104,.382,-.206,-.187,-.144,-.3,.119,-.107,-.119,-.132,.00274
2020,1,10,25,-.0316,-.0035,-.0543,-.134,-.0201,-.00438,.00973,-.044,-.034,-.0541,.0241
2020,3,27,25,-.0757,-.161,-.147,.0779,-.266,-.466,-.281,-.0461,-.189,-.0296,-.0844
2020,3,20,25,.0329,.244,-.0199,-.0989,.083,.0401,.17,-.0506,.17,-.0134,.0949
2020,3,13,25,.0267,.0192,.163,-.0886,-.0134,.144,.179,.0102,.0221,-.00141,.0481
2020,5,22,25,-.195,-.249,-.426,-.437,-.0867,-.546,-.169,-.0741,-.172,-.372,-.156
2020,6,5,25,-.0638,-.123,-.107,-.229,.0899,-.399,-.0521,.0161,.00878,-.195,.091
2020,4,24,25,-.369,-.22,-.435,-.495,-.465,-.738,-.325,-.363,-.458,-.37,-.343
2020,4,17,25,-.247,-.239,-.242,-.386,-.263,-.352,.186,-.146,-.286,-.324,-.19
2020,3,6,25,.171,.138,.0738,.276,.12,.291,.266,.115,.113,.223,.242
2020,5,29,25,-.227,-.325,-.325,-.442,-.305,-.511,-.16,.07,-.275,-.388,-.31
2020,5,1,25,-.381,-.358,-.449,-.503,-.4,-.654,-.274,-.326,-.424,-.429,-.355
2020,6,12,25,-.132,-.0488,-.182,-.257,-.164,-.439,-.267,.00293,-.0392,-.249,-.151
2020,4,3,25,-.0707,-.169,-.0124,-.203,-.149,-.629,-.471,.0298,-.143,-.0932,-.0214
2020,5,15,25,-.267,-.287,-.386,-.481,-.211,-.555,-.199,-.165,-.269,-.37,-.166
2020,1,24,25,-.194,-.161,-.229,-.245,-.244,-.00875,-.0819,-.179,-.206,-.203,-.213
2020,2,28,25,.249,.494,.197,.0542,.237,.172,.335,.149,.264,.247,.436
2020,1,31,25,.108,.0672,.152,.346,.00601,-.0467,-.0429,.00293,.0671,.231,.0599
2020,2,7,25,-.122,-.0642,-.0403,-.256,-.116,-.0416,.204,-.154,-.11,-.15,-.119
2020,2,14,25,.388,.434,.389,.387,.303,.361,.52,.305,.34,.431,.523
2020,4,10,25,-.263,-.158,-.226,-.377,-.288,-.646,-.45,-.247,-.227,-.307,-.14
2020,2,21,25,.274,.202,.0697,.191,.288,.167,.273,.266,.349,.245,.238
2020,5,8,25,-.336,-.203,-.358,-.483,-.305,-.637,-.366,-.28,-.284,-.415,-.266
2020,1,17,25,.118,.0978,.131,.0326,.259,.0598,.115,.22,.173,.0261,.129
2020,3,13,26,.0133,-.0471,.00223,-.0365,-.0302,.0099,.116,.0158,-.000729,.0277,-.0678
2020,5,22,26,-.387,-.516,-.446,-.489,-.37,-.431,-.214,-.29,-.382,-.538,-.424
2020,2,7,26,-.0823,-.195,-.102,-.194,-.028,-.346,-.253,-.0939,-.0372,-.109,.0338
2020,1,10,26,-.00611,-.0698,.00911,-.0418,-.0881,.275,.361,.0242,-.0484,-.0402,-.0642
2020,4,10,26,-.328,-.512,-.279,-.46,-.224,-.501,-.416,-.245,-.273,-.453,-.288
2020,6,5,26,-.105,-.267,-.12,-.167,-.256,.221,.342,.185,-.197,-.345,-.266
2020,2,14,26,.13,.169,.3,.00974,.187,-.139,-.062,.0773,.212,.123,.167
2020,4,3,26,-.29,-.44,-.339,-.402,-.257,-.385,-.351,-.226,-.286,-.351,-.326
2020,6,12,26,-.188,-.314,-.184,-.298,-.295,-.0522,.133,.0176,-.177,-.42,-.392
2020,4,17,26,-.405,-.57,-.443,-.451,-.31,-.426,-.386,-.333,-.408,-.498,-.395
2020,3,20,26,-.104,-.171,-.0424,-.179,-.158,-.219,.0926,-.138,-.0938,-.111,-.112
2020,3,27,26,-.0925,-.183,-.104,-.244,-.128,-.199,-.0328,.0481,-.165,-.191,-.125
2020,5,1,26,-.388,-.547,-.494,-.563,-.311,-.637,-.441,-.334,-.278,-.531,-.272
2020,5,29,26,-.316,-.433,-.168,-.428,-.404,-.178,.0635,-.13,-.341,-.494,-.507
2020,1,17,26,-.00333,.0964,-.0012,.00592,.164,-.181,-.132,-.0907,.0592,.0137,.122
2020,4,24,26,-.488,-.642,-.502,-.514,-.489,-.717,-.535,-.469,-.486,-.503,-.456
2020,2,21,26,.0578,.0489,.0421,-.033,.104,.0666,-.0547,.0665,.0934,.0107,.0951
2020,1,31,26,.132,.137,.135,.235,.104,.131,-.0401,.11,.142,.191,.144
2020,2,28,26,-.092,-.121,.0964,-.179,-.0841,-.137,-.0532,-.144,-.0819,-.0622,-.121
2020,3,6,26,.0586,.0785,.0634,.0277,.0465,.096,.241,.0261,.0284,.0896,.044
2020,5,8,26,-.343,-.475,-.452,-.516,-.325,-.465,-.201,-.24,-.35,-.477,-.305
2020,1,24,26,-.123,-.164,-.143,-.199,-.181,-.225,-.189,-.0435,-.152,-.164,-.202
2020,5,15,26,-.416,-.596,-.449,-.526,-.361,-.561,-.363,-.337,-.389,-.545,-.403
2020,1,17,27,.13,.192,.0104,.259,.165,.0562,.0847,.14,.205,.0771,.117
2020,2,7,27,.0797,-.0137,-.0104,-.138,.204,.0231,.0481,.0555,.0341,.0741,.171
2020,4,24,27,-.381,-.446,-.446,-.422,-.412,-.576,-.464,-.4,-.385,-.326,-.378
2020,4,10,27,-.147,-.29,-.176,-.404,-.2,-.528,-.12,-.0964,-.149,-.141,-.213
2020,5,8,27,-.295,-.42,-.448,-.558,.0328,-.528,-.0835,-.225,-.316,-.299,-.404
2020,3,20,27,.129,-.0367,.128,.0158,-.0393,.063,.221,.215,.0956,.0957,-.0477
2020,2,21,27,.146,.215,.0273,.0105,.117,-.0362,.47,.181,.0821,.101,.14
2020,3,13,27,.101,.0159,.114,-.0357,-.00819,.21,.258,.119,.0498,.132,.00162
2020,5,29,27,-.198,-.366,-.353,-.454,-.0287,-.148,-.0225,-.0436,-.184,-.308,-.324
2020,6,12,27,-.13,-.323,-.144,-.296,-.0287,-.0926,-.00792,.0563,-.0958,-.274,-.263
2020,3,6,27,.107,.154,.038,.0416,.0567,.264,.219,.165,.0627,.0837,.00404
2020,3,27,27,-.0279,-.22,-.0229,-.243,-.187,-.0294,.16,.0673,-.144,-.0245,-.0711
2020,5,15,27,-.311,-.426,-.405,-.521,-.328,-.506,-.313,-.106,-.307,-.437,-.429
2020,1,24,27,-.216,-.25,-.256,-.192,-.26,-.151,-.2,-.219,-.257,-.176,-.287
2020,4,3,27,-.224,-.376,-.205,-.382,-.29,-.448,-.164,-.125,-.241,-.25,-.342
2020,2,28,27,.0908,-.00111,.136,-.103,.0696,.326,.402,.0749,.059,.0796,.0792
2020,1,31,27,.0994,-.0323,.209,.0894,.13,.0163,-.0494,.0915,.104,.121,.102
2020,1,10,27,-.0133,.0908,.0368,-.157,-.036,.0785,.165,-.0117,-.0518,-.0217,.0679
2020,5,1,27,-.322,-.465,-.446,-.496,-.24,-.516,-.261,-.183,-.349,-.406,-.434
2020,5,22,27,-.258,-.4,-.339,-.486,-.0968,-.342,-.171,-.175,-.256,-.321,-.266
2020,2,14,27,.229,.267,.179,.133,.359,.0542,.0896,.248,.137,.269,.253
2020,6,5,27,-.138,-.285,-.27,-.328,-.0747,-.189,.0189,-.00926,-.159,-.208,-.169
2020,4,17,27,-.207,-.379,-.285,-.338,-.156,-.381,-.242,-.0583,-.248,-.284,-.174
2020,3,6,28,.0597,.00709,.437,.157,-.00131,.124,.404,.00511,-.0154,.168,.231
2020,1,24,28,-.205,-.139,-.152,-.312,-.213,.506,.277,-.304,-.138,-.144,-.249
2020,3,27,28,-.235,-.225,.449,-.236,-.27,-.529,-.261,-.337,-.242,.022,-.245
2020,2,14,28,.213,.154,.526,.323,.357,.306,.551,.0747,.214,.371,.333
2020,4,24,28,-.507,-.532,-.424,-.426,-.514,-.672,-.43,-.567,-.502,-.373,-.557
2020,1,17,28,.29,.00709,.183,.165,.32,-.168,.0132,.439,.191,.103,.456
2020,3,13,28,-.144,.00236,.121,-.114,-.188,-.125,.0343,-.216,-.0961,-.151,-.184
2020,1,10,28,-.0317,-.0733,.102,-.0536,-.0604,-.0311,-.0185,-.0699,.0379,-.0502,-.0892
2020,5,15,28,-.372,-.537,-.183,-.094,-.261,-.657,-.483,-.487,-.174,-.329,-.311
2020,5,1,28,-.478,-.541,-.443,-.478,-.639,-.572,-.441,-.474,-.512,-.436,-.524
2020,3,20,28,-.191,-.0733,.245,-.296,-.188,-.174,.108,-.211,-.201,-.0661,-.319
2020,6,12,28,-.162,-.277,-.0588,-.126,-.301,.391,.372,-.0924,-.292,-.219,-.381
2020,2,21,28,-.113,-.00236,-.0031,-.106,-.0774,-.335,-.029,-.262,-.0537,.0608,.0626
2020,2,7,28,-.0714,-.253,.251,-.0374,-.0551,-.207,-.166,-.121,-.0345,.0714,-.0687
2020,4,17,28,-.142,-.532,-.263,-.321,-.413,-.544,-.377,.171,-.356,-.433,-.188
2020,1,31,28,-.0523,.206,-.133,.201,-.0472,-.308,-.272,-.0651,-.0906,.0907,-.118
2020,5,22,28,-.21,-.291,-.17,-.223,-.167,-.544,-.346,-.278,-.174,-.0907,-.216
2020,5,8,28,-.319,-.366,-.0217,-.228,-.454,-.632,-.187,-.315,-.266,-.337,-.43
2020,2,28,28,-.0394,.163,.263,-.179,-.0722,-.0979,.288,-.204,-.0209,.0678,.182
2020,4,10,28,-.553,-.437,-.214,-.345,-.503,-.833,-.683,-.647,-.419,-.48,-.463
2020,6,5,28,-.0744,-.187,.0464,.319,-.201,.26,.761,-.0392,-.222,-.103,-.208
2020,5,29,28,-.281,-.13,-.0898,-.13,-.243,-.484,-.272,-.392,-.178,-.188,-.294
2020,4,3,28,-.334,-.258,-.102,-.316,-.0538,-.611,-.462,-.488,-.126,-.233,-.216
2020,1,31,29,.0646,.0772,.119,-.00218,.19,-.122,-.143,.0298,.122,.0475,.143
2020,6,12,29,-.0551,-.0506,-.121,-.0859,-.244,.0816,.0943,.113,-.0848,-.139,-.319
2020,5,1,29,-.21,-.148,-.424,-.298,-.305,-.377,-.127,-.11,-.26,-.272,-.266
2020,5,15,29,-.34,-.329,-.461,-.351,-.328,-.512,-.317,-.26,-.32,-.442,-.304
2020,2,28,29,.0464,.137,.0664,.0415,.00239,.124,.158,.0176,.0138,.0646,.0333
2020,5,8,29,-.267,-.159,-.387,-.339,-.484,-.315,-.0982,-.0775,-.374,-.339,-.43
2020,3,27,29,.0335,.0658,-.0664,.0349,.117,-.352,-.127,-.048,.192,.0123,.0314
2020,2,14,29,.22,.461,.198,.257,.17,.196,.395,.182,.163,.287,.171
2020,3,6,29,.113,.143,-.0083,.152,.0455,.156,.226,.109,.0252,.148,.0417
2020,5,29,29,-.252,-.137,-.329,-.362,-.422,-.186,-.0244,-.0867,-.319,-.326,-.405
2020,2,7,29,-.105,-.019,-.118,-.0466,-.163,-.178,-.0798,-.0979,-.157,-.0478,-.248
2020,6,5,29,-.00732,.038,-.129,-.0262,-.305,.18,.437,.169,-.169,-.00172,-.261
2020,2,21,29,.171,.196,.0822,.127,.186,-.113,-.0666,.135,.206,.16,.294
2020,4,3,29,-.245,-.263,-.356,-.207,-.238,-.638,-.412,-.262,-.213,-.237,-.249
2020,3,20,29,.144,.0215,.0282,.161,.0772,.129,.379,.162,.112,.144,-.0198
2020,5,22,29,-.228,-.146,-.363,-.304,-.258,-.392,-.177,-.138,-.267,-.301,-.187
2020,4,10,29,-.235,-.233,-.241,-.229,-.188,-.586,-.43,-.298,-.159,-.23,-.13
2020,4,24,29,-.207,-.358,-.453,-.142,-.238,-.372,-.491,-.178,-.229,-.229,-.0598
2020,3,13,29,.116,.137,-.00249,.224,.0212,.0944,.226,.0952,.0941,.158,-.0161
2020,4,17,29,-.147,-.27,-.335,-.0328,-.188,-.389,-.148,-.0186,-.184,-.218,-.162
2020,1,24,29,-.103,-.105,-.139,-.0582,-.204,.12,-.0165,-.0832,-.136,-.0847,-.213
2020,1,17,29,.0284,.0696,-.0116,.108,.107,-.152,-.0798,-.00621,.0671,.0206,.154
2020,1,10,29,.0101,-.0418,.0324,-.0473,-.0933,.153,.239,.0596,-.0528,.0166,-.084
2020,5,29,30,-.243,-.344,-.0646,-.163,-.412,-.165,-.257,-.0333,-.313,-.214,-.531
2020,1,10,30,-.101,.0229,-.217,-.182,-.323,.274,.317,.00303,-.185,-.0372,-.368
2020,4,17,30,-.345,-.481,-.551,-.056,-.293,-.359,-.0659,-.251,-.434,-.415,-.325
2020,3,13,30,-.124,-.13,-.293,-.0462,-.367,.451,.437,.134,-.311,-.0619,-.522
2020,4,10,30,-.447,-.298,-.612,-.309,-.488,-.738,-.569,-.423,-.516,-.313,-.496
2020,6,12,30,-.0507,-.237,-.0114,.197,-.0964,-.0549,-.377,.225,.00206,-.183,-.39
2020,1,17,30,.4,.191,.526,.324,.63,-.0464,.174,.241,.551,.331,.651
2020,6,5,30,-.164,-.0534,-.24,.0998,-.321,.0802,.102,.0333,-.276,-.065,-.439
2020,4,24,30,-.357,-.313,-.567,-.319,-.284,-.578,-.665,-.3,-.313,-.365,-.443
2020,5,1,30,-.435,-.145,-.445,-.397,-.58,-.477,.0778,-.308,-.516,-.399,-.724
2020,3,20,30,-.162,-.389,-.0951,-.221,-.0945,-.384,-.257,-.106,-.146,-.164,-.311
2020,4,3,30,-.0554,.13,-.202,.0219,-.0435,-.586,.00599,-.0131,.00823,-.173,-.175
2020,1,24,30,-.29,-.176,-.3,-.182,-.335,-.519,-.21,-.348,-.296,-.263,-.36
2020,3,6,30,.0786,.237,.148,.353,-.191,-.105,.246,.245,-.072,.211,-.311
2020,3,27,30,-.226,-.0687,-.285,-.182,-.263,-.46,-.186,-.124,-.282,-.192,-.469
2020,2,7,30,-.0739,-.191,-.057,.158,-.161,-.435,.0539,.0494,-.132,.0929,-.36
2020,2,21,30,.107,.282,.163,.00243,-.0265,.257,.365,.277,-.0144,.0495,.0702
2020,1,31,30,-.00957,-.0382,-.262,.0414,-.087,.291,-.281,.104,-.109,-.031,.0614
2020,2,28,30,.089,.42,.0722,.109,-.263,.477,.761,.175,-.0123,.152,-.294
2020,5,8,30,-.1,-.00763,-.323,-.153,-.323,.0633,.749,.0817,-.23,-.0495,-.408
2020,5,15,30,-.273,-.282,-.27,-.27,-.35,-.291,-.138,-.114,-.321,-.3,-.469
2020,2,14,30,.229,.647,-.0114,.479,.117,-.0886,.389,.384,.185,.173,.0702
2020,5,22,30,-.207,-.00763,-.392,-.0268,-.355,-.266,-.0659,-.0716,-.265,-.254,-.399
2020,4,17,31,-.353,-.477,-.481,-.29,-.352,-.407,-.14,-.324,-.341,-.391,-.442
2020,1,31,31,.133,.103,.127,-.00952,-.0197,.0408,.0775,.282,-.00992,.112,-.038
2020,2,7,31,-.0185,-.09,-.0565,0,.0197,.125,.171,-.0331,-.0217,-.0219,.0205
2020,6,12,31,-.0997,-.242,-.0991,-.0429,-.0545,-.0777,-.0775,-.1,-.015,-.159,-.243
2020,1,17,31,.129,.0796,.069,.193,.403,.0408,.163,.0554,.302,.013,.421
2020,1,24,31,-.21,-.194,-.182,-.193,-.229,-.0593,-.171,-.242,-.261,-.144,-.249
2020,3,6,31,.112,.142,.129,.279,-.0554,.246,.411,.195,.0146,.0733,.0906
2020,2,14,31,.281,.258,.28,.295,.288,.31,.519,.222,.259,.282,.447
2020,4,10,31,-.288,-.289,-.413,-.16,-.256,-.589,-.302,-.324,-.28,-.293,-.211
2020,2,21,31,.00198,.172,-.0238,-.0619,-.0215,-.123,.0698,-.0563,-.0167,.0673,.0556
2020,1,10,31,-.0519,.0112,-.0138,.00952,-.154,-.0224,-.0698,-.0954,-.0319,.0189,-.135
2020,3,27,31,-.00572,.00818,-.119,.00476,.0865,-.289,.132,-.0502,-.00907,.00361,.0906
2020,4,24,31,-.239,-.316,-.353,-.238,-.205,-.515,-.388,-.276,-.153,-.284,-.117
2020,4,3,31,-.151,-.12,-.36,-.169,.0975,-.523,-.171,-.244,-.0158,-.19,-.0965
2020,2,28,31,.0494,.228,.0891,-.131,.0169,.225,.403,.00596,.0171,.0266,.199
2020,5,1,31,-.0456,-.00669,-.327,-.1,-.178,-.0567,.132,.161,-.144,-.217,.0146
2020,3,13,31,.159,.00223,.189,.2,.14,.0804,.295,.109,.126,.201,.102
2020,5,29,31,-.136,.103,-.322,-.107,-.199,-.109,-.0388,-.11,-.0133,-.268,-.234
2020,6,5,31,.117,.193,.069,.2,-.0362,.0909,.279,.223,.141,.0215,-.0234
2020,3,20,31,.186,-.0959,.0841,.181,.117,.536,.744,.187,.183,.132,.0819
2020,5,22,31,-.226,-.23,-.358,-.207,-.121,-.412,-.031,-.232,-.14,-.312,-.249
2020,5,15,31,-.32,-.42,-.355,-.286,-.327,-.423,-.271,-.284,-.299,-.392,-.342
2020,5,8,31,-.258,-.274,-.295,-.224,-.355,-.339,.116,-.251,-.217,-.337,-.351
2020,4,24,32,-.515,-.609,-.486,-.511,-.493,-.748,-.531,-.543,-.523,-.477,-.466
2020,1,10,32,-.0496,.00522,-.0453,-.106,-.166,.0494,-.0651,.00286,-.135,-.038,-.0755
2020,2,14,32,.155,.411,.168,.0281,.162,.0978,.126,.144,.182,.135,.238
2020,1,31,32,.0316,.044,.146,.152,-.0916,.0391,.0816,.0261,.0195,.109,-.114
2020,1,17,32,.139,.0738,.0592,.147,.256,.105,.0852,.145,.228,.031,.235
2020,5,1,32,-.457,-.46,-.56,-.421,-.539,-.729,-.483,-.432,-.458,-.481,-.465
2020,5,29,32,-.337,-.371,-.285,-.313,-.352,-.561,-.157,-.297,-.343,-.354,-.447
2020,6,5,32,-.103,-.0276,-.076,-.0657,-.169,-.486,-.00642,.015,-.173,-.158,-.146
2020,3,27,32,-.284,-.0872,-.151,-.183,-.311,-.68,-.296,-.341,-.295,-.2,-.239
2020,5,22,32,-.341,-.213,-.402,-.318,-.337,-.596,-.197,-.333,-.344,-.38,-.292
2020,2,21,32,.0628,.0887,-.0258,.108,-.0108,.0411,.111,.0237,-.00939,.198,.0187
2020,3,13,32,.085,.0112,.0662,-.0331,.0629,.0591,.298,.0985,.0599,.106,.0132
2020,2,28,32,-.00988,.0082,.107,-.000625,-.0336,.0321,.0962,-.0658,-.059,.0513,-.0284
2020,5,15,32,-.399,-.26,-.356,-.365,-.376,-.664,-.388,-.389,-.402,-.412,-.379
2020,4,17,32,-.589,-.472,-.507,-.517,-.532,-.876,-.644,-.649,-.58,-.508,-.602
2020,6,12,32,-.257,-.189,-.172,-.288,-.263,-.466,-.153,-.196,-.249,-.313,-.353
2020,1,24,32,-.121,-.123,-.16,-.193,.00108,-.194,-.102,-.174,-.112,-.102,-.045
2020,4,10,32,-.36,-.332,-.311,-.348,-.26,-.745,-.545,-.421,-.32,-.347,-.188
2020,3,20,32,.0623,.0768,.0105,.0819,.045,-.198,.148,.042,-.0152,.153,.0547
2020,2,7,32,-.0556,-.0992,-.0188,-.0757,-.0634,.00242,.265,-.0169,-.109,-.109,.034
2020,4,3,32,-.342,-.472,-.274,-.231,-.0726,-.815,-.564,-.439,-.27,-.317,-.0769
2020,3,6,32,.0136,-.126,-.0355,-.144,-.0141,.0411,.261,.103,-.0493,-.011,-.114
2020,5,8,32,-.478,-.38,-.438,-.411,-.509,-.813,-.483,-.479,-.488,-.452,-.493
2020,6,5,33,.0486,-.0369,-.11,.169,.0394,-.118,.761,.165,-.00704,-.0614,-.0783
2020,4,17,33,.076,.0456,-.301,-.385,-.0737,-.41,.0167,.454,-.176,-.15,-.115
2020,1,31,33,.058,.111,.059,.213,.0663,-.261,-.183,.0176,.0493,.168,.02
2020,1,10,33,-.079,.00217,-.0567,-.208,-.0912,-.00162,-.117,-.0561,-.0915,-.147,-.0455
2020,5,29,33,-.11,-.249,-.301,-.398,-.258,-.112,.05,.195,-.137,-.361,-.435
2020,1,17,33,.192,.0716,.17,.264,.282,.361,.417,.188,.212,.154,.308
2020,2,7,33,-.145,-.0412,.0367,-.222,-.268,-.0665,.283,-.179,-.161,-.131,-.286
2020,2,21,33,.435,.623,.108,.558,.127,-.196,-.217,.275,.485,.488,.0747
2020,4,3,33,.0274,-.163,-.0968,-.218,.122,-.663,-.317,.0629,-.0159,-.0817,.031
2020,5,15,33,.173,-.388,-.186,-.412,-.103,-.365,-.0333,.496,-.0337,-.291,-.122
2020,4,24,33,-.0838,-.57,-.253,-.504,-.113,-.566,-.35,.0924,-.22,-.227,-.158
2020,5,8,33,-.21,-.388,-.373,-.388,-.161,-.475,-.117,-.186,-.247,-.22,-.191
2020,3,20,33,.000608,-.0282,-.279,-.195,.209,-.229,.05,-.00132,.0345,-.0716,.0783
2020,5,1,33,-.211,-.228,-.199,-.562,-.204,-.378,.517,-.183,-.126,-.38,-.392
2020,1,24,33,-.171,-.184,-.172,-.269,-.257,-.0989,-.117,-.15,-.17,-.175,-.282
2020,4,10,33,.104,-.267,-.266,-.422,-.194,-.689,-.45,.496,-.277,-.0323,-.264
2020,3,6,33,.195,.647,.188,.0569,.101,.271,.467,.164,.243,.181,.0492
2020,2,14,33,.204,.636,.241,.441,-.0926,.18,-.267,.0956,.0315,.488,.0383
2020,3,27,33,-.0585,-.249,-.0434,-.334,-.118,-.352,-.05,-.015,-.173,-.102,-.0965
2020,2,28,33,.283,.176,-.03,.312,.123,.0113,-.05,-.0108,.393,.488,.177
2020,3,13,33,.13,.647,.166,-.0382,-.0576,.258,.583,.0787,.0404,.286,-.173
2020,5,22,33,-.0932,-.323,-.439,-.31,-.129,-.222,.4,.0924,-.201,-.332,-.213
2020,6,12,33,.182,-.137,-.19,-.317,.586,.173,.483,.254,.209,-.191,.563
2020,1,31,34,.0426,.0996,.0263,.232,-.0956,-.0146,-.0354,.0203,-.0229,.124,-.034
2020,5,1,34,-.34,-.369,-.482,-.538,-.386,-.573,-.283,-.177,-.4,-.475,-.31
2020,5,15,34,-.316,-.338,-.425,-.537,-.361,-.678,-.504,-.18,-.392,-.423,-.337
2020,3,27,34,-.0105,.0394,.0494,-.217,-.105,-.394,-.265,.1,-.116,-.0295,.0133
2020,2,21,34,-.0312,.033,-.0641,-.27,.00996,-.121,-.00221,-.0311,-.0229,-.0472,-.0352
2020,1,24,34,-.14,-.159,-.00841,-.269,-.0484,-.233,-.201,-.112,-.128,-.166,-.139
2020,2,28,34,.00553,.0227,.152,-.119,-.0698,.0337,.0996,-.0532,-.028,.0674,.00734
2020,6,12,34,-.154,-.161,-.218,-.389,-.157,-.389,-.405,.004,-.155,-.264,-.199
2020,6,5,34,-.167,-.166,-.303,-.345,-.102,-.174,.0929,-.0468,-.191,-.282,-.0658
2020,3,13,34,-.0627,-.0144,-.0904,-.213,-.188,.0906,-.0221,-.0197,-.11,-.0814,-.0742
2020,4,17,34,-.235,-.383,-.357,-.408,-.181,-.521,-.128,-.0981,-.297,-.348,-.208
2020,2,7,34,-.0762,-.0157,-.0962,-.0473,-.207,.175,.292,-.0122,-.152,-.0972,-.153
2020,1,10,34,-.0869,-.0977,-.0778,-.184,-.185,-.138,-.128,-.079,-.145,-.0502,-.147
2020,1,17,34,.184,.157,.0599,.222,.329,.386,.365,.171,.295,.0919,.321
2020,2,14,34,.178,.346,.163,.0102,.168,.0859,.181,.16,.135,.158,.342
2020,3,6,34,-.036,.0432,.021,-.0732,-.101,-.108,-.0553,-.0606,-.0597,-.0203,-.00105
2020,4,10,34,-.266,-.271,-.293,-.34,-.218,-.609,-.469,-.215,-.258,-.32,-.194
2020,5,22,34,-.269,-.249,-.425,-.447,-.105,-.589,-.374,-.174,-.243,-.412,-.22
2020,5,8,34,-.294,-.194,-.472,-.476,-.33,-.487,-.192,-.127,-.357,-.402,-.256
2020,5,29,34,-.289,-.213,-.396,-.491,-.108,-.519,-.336,-.267,-.207,-.401,-.202
2020,3,20,34,-.0615,-.0772,-.116,-.227,-.0868,.0812,.124,-.0643,-.0519,-.0819,-.0748
2020,4,3,34,-.0334,-.205,-.246,-.051,.0133,-.532,-.336,.0259,-.0985,-.0476,.0391
2020,4,24,34,-.301,-.325,-.398,-.52,-.315,-.648,-.493,-.205,-.344,-.37,-.229
2020,4,3,35,-.269,-.347,-.296,-.328,-.149,-.77,-.679,-.393,-.248,-.192,-.184
2020,3,6,35,-.104,.131,-.183,-.22,-.278,-.184,-.0123,.0196,-.252,-.00725,-.274
2020,2,7,35,-.221,-.263,-.2,-.224,-.245,-.248,-.317,-.277,-.279,-.117,-.177
2020,1,24,35,-.214,.0598,-.167,-.232,-.381,-.129,-.0453,-.151,-.293,-.118,-.396
2020,3,20,35,-.0746,-.121,.0875,-.066,-.119,-.176,-.111,-.116,-.0466,.0284,-.268
2020,2,21,35,.00237,-.0953,.00417,-.178,.102,-.268,-.0617,-.126,.123,-.0463,.0773
2020,2,28,35,-.01,.254,.296,-.086,-.138,.0142,-.0947,-.0595,.015,.0753,-.135
2020,5,8,35,-.463,-.405,-.512,-.36,-.562,-.673,-.523,-.52,-.405,-.399,-.545
2020,5,15,35,-.427,-.373,-.404,-.464,-.416,-.612,-.523,-.492,-.391,-.391,-.437
2020,1,17,35,.291,.0339,.208,.27,.485,.43,.712,.253,.407,.141,.364
2020,5,29,35,-.372,-.218,-.233,-.236,-.497,-.513,-.416,-.354,-.448,-.239,-.504
2020,4,24,35,-.162,-.166,-.379,-.082,-.0105,-.622,-.539,-.431,-.0976,.00167,.0498
2020,4,10,35,-.398,-.283,-.471,-.402,-.349,-.664,-.613,-.543,-.36,-.239,-.391
2020,5,22,35,-.34,-.0501,-.479,-.348,-.21,-.688,-.514,-.448,-.347,-.262,-.287
2020,6,12,35,-.221,.228,-.0708,-.154,-.272,-.32,-.185,-.243,-.202,-.119,-.457
2020,3,27,35,-.112,-.296,-.0167,-.044,-.0127,-.387,-.317,-.204,-.058,-.0162,-.135
2020,1,10,35,.0425,.0533,-.00417,-.152,.0816,-.0254,-.292,.0369,.0352,-.0363,.236
2020,5,1,35,-.322,-.231,-.371,-.376,-.335,-.565,-.547,-.377,-.361,-.208,-.376
2020,3,13,35,-.0918,.0598,-.0542,-.074,-.106,-.174,-.0206,-.154,-.141,.0173,-.0965
2020,2,14,35,.0527,.383,.0417,-.01,-.00834,-.117,.07,-.0128,.0246,.215,-.0325
2020,4,17,35,-.393,-.399,-.258,-.39,-.427,-.52,-.235,-.349,-.493,-.394,-.44
2020,6,5,35,-.0252,.267,.0458,-.086,.025,-.293,.103,-.0351,-.15,.151,-.109
2020,1,31,35,-.119,-.147,-.0375,.114,-.185,-.275,-.374,-.139,-.15,.0128,-.204
2020,3,6,36,-.0093,.017,-.00418,-.0915,.0261,-.111,-.0393,-.0617,-.0152,.0218,.0383
2020,5,29,36,-.378,-.261,-.477,-.506,-.258,-.587,-.4,-.324,-.334,-.44,-.329
2020,5,15,36,-.417,-.448,-.556,-.565,-.237,-.754,-.533,-.471,-.38,-.431,-.234
2020,5,8,36,-.366,-.342,-.444,-.525,-.234,-.623,-.403,-.293,-.387,-.411,-.258
2020,1,31,36,-.00497,-.0428,.0978,-.0128,-.0796,-.0196,-.0984,-.0503,-.0424,.0716,-.0663
2020,3,27,36,-.0981,-.118,-.123,-.142,-.0672,-.364,-.283,-.135,-.126,-.0196,-.0963
2020,4,3,36,-.209,-.325,-.294,-.343,-.0192,-.672,-.557,-.369,-.186,-.128,.0151
2020,2,7,36,-.0742,-.0558,.051,-.0564,-.116,-.0846,-.0956,-.0468,-.0916,-.0692,-.129
2020,6,12,36,-.261,-.238,-.254,-.367,-.11,-.496,-.332,-.237,-.162,-.298,-.255
2020,6,5,36,-.122,-.0581,-.162,-.362,.225,-.466,-.215,-.0615,-.0772,-.224,.16
2020,5,22,36,-.391,-.332,-.517,-.494,-.229,-.646,-.44,-.321,-.328,-.493,-.284
2020,2,21,36,.0769,.107,.0923,-.0413,.0283,.00843,-.0436,.0114,.0608,.133,.0372
2020,3,13,36,-.0527,-.0405,-.00497,-.167,.00197,-.146,-.0292,-.102,-.0131,-.0344,-.0628
2020,3,20,36,-.003,-.0739,-.079,-.0946,.0923,-.0164,.0761,-.0782,-.0117,.00399,.123
2020,1,24,36,-.157,-.161,-.142,-.169,-.22,-.173,-.178,-.0771,-.183,-.169,-.256
2020,4,24,36,-.31,-.266,-.496,-.525,-.117,-.391,-.247,-.186,-.302,-.422,-.105
2020,4,17,36,-.413,-.467,-.412,-.472,-.317,-.596,-.321,-.439,-.395,-.407,-.364
2020,5,1,36,-.359,-.41,-.499,-.538,-.263,-.546,-.341,-.279,-.358,-.432,-.277
2020,1,17,36,.207,.191,.0866,.282,.337,.341,.428,.208,.269,.123,.37
2020,2,28,36,.13,.242,.17,-.0271,.252,.0531,.0227,-.0446,.105,.172,.399
2020,2,14,36,.248,.348,.259,.232,.353,.193,.0948,.121,.215,.329,.37
2020,1,10,36,-.0453,.0123,-.0426,-.0999,-.0374,-.148,-.152,-.0806,-.0433,-.0255,-.0479
2020,4,10,36,-.328,-.323,-.338,-.418,-.123,-.706,-.497,-.418,-.294,-.29,-.191
2020,3,27,37,-.0374,-.0327,-.0177,-.0396,.06,-.309,-.0598,-.0854,.00259,-.038,-.0394
2020,5,22,37,-.276,-.355,-.362,-.356,-.208,-.381,-.174,-.246,-.248,-.344,-.196
2020,2,7,37,-.208,-.18,-.0766,-.195,-.229,-.17,-.0888,-.242,-.207,-.184,-.259
2020,1,17,37,.191,.126,.117,.153,.47,.241,.143,.179,.293,.0934,.396
2020,3,6,37,.0465,.0227,.0911,-.0674,.0571,-.0137,-.0125,.0576,.0401,.0164,.154
2020,6,12,37,-.07,-.132,-.0864,-.146,-.0575,-.18,-.0506,.000631,.00886,-.165,-.156
2020,2,14,37,.152,.271,.242,.0552,.185,.183,.0835,.114,.168,.149,.231
2020,2,28,37,-.0884,-.0333,.0549,-.156,-.0201,-.0746,-.0703,-.159,-.0788,-.0695,-.0394
2020,5,1,37,-.319,-.339,-.357,-.427,-.317,-.526,-.361,-.317,-.315,-.349,-.189
2020,1,10,37,-.0897,-.0985,-.104,-.17,-.204,-.0915,-.0966,-.0588,-.11,-.0944,-.162
2020,2,21,37,-.123,-.0413,-.0758,-.159,-.14,-.247,-.218,-.182,-.116,-.0756,-.15
2020,4,24,37,-.317,-.385,-.319,-.293,-.351,-.526,-.516,-.355,-.359,-.285,-.142
2020,1,24,37,-.107,-.0882,-.121,-.106,-.175,-.132,-.0546,-.0797,-.134,-.0969,-.196
2020,4,17,37,-.363,-.442,-.373,-.396,-.401,-.506,-.353,-.325,-.35,-.399,-.332
2020,5,8,37,-.312,-.343,-.363,-.487,-.365,-.458,-.278,-.25,-.302,-.37,-.296
2020,1,31,37,.00582,.0611,.107,.123,-.0909,-.017,.00855,-.0409,-.0488,.0979,-.0376
2020,5,29,37,-.266,-.287,-.348,-.373,-.328,-.0273,.0362,-.183,-.234,-.348,-.371
2020,4,3,37,-.267,-.296,-.257,-.177,-.3,-.597,-.423,-.336,-.236,-.2,-.239
2020,6,5,37,-.0696,-.15,-.129,-.133,-.197,-.0891,.308,.0143,-.123,-.0953,-.138
2020,4,10,37,-.3,-.359,-.321,-.39,-.203,-.588,-.39,-.344,-.233,-.314,-.182
2020,3,13,37,-.00879,.001,.124,-.0784,.0558,.00223,.0506,-.0952,.0462,.0137,.0238
2020,3,20,37,.00419,.00501,.0753,-.0917,-.0223,-.0652,.0874,-.0213,.0153,-.0184,.0136
2020,5,15,37,-.352,-.39,-.39,-.439,-.272,-.386,-.328,-.36,-.353,-.385,-.216
2020,5,22,38,-.37,-.339,-.269,-.466,-.416,-.448,-.0833,-.385,-.314,-.371,-.535
2020,4,17,38,-.241,-.423,-.217,-.148,-.46,-.0307,.278,-.0681,-.278,-.353,-.463
2020,2,7,38,-.183,-.171,.258,.0492,-.198,-.411,-.167,-.194,-.165,-.185,-.483
2020,1,17,38,.435,.0604,.526,.274,.63,.669,.528,.496,.551,.347,.651
2020,5,1,38,-.518,-.622,-.563,-.522,-.531,-.791,-.472,-.486,-.488,-.571,-.575
2020,1,24,38,-.267,-.15,-.171,-.269,-.418,-.313,-.0833,-.296,-.31,-.2,-.381
2020,2,21,38,.00324,.396,.431,.208,-.252,-.436,-.0278,-.029,.00857,.0863,-.299
2020,1,10,38,-.0421,.365,-.134,-.0164,-.223,-.0307,-.306,.0443,-.121,-.0262,-.0691
2020,3,13,38,-.268,-.0236,-.156,-.0913,-.437,-.399,-.0833,-.276,-.34,-.164,-.56
2020,2,28,38,-.0502,.281,.243,-.251,-.0588,-.0675,.278,-.111,-.0116,-.0671,-.023
2020,3,27,38,.0054,.207,.0772,.105,.0878,-.178,.194,.0545,-.0459,-.0109,-.0895
2020,5,29,38,-.461,-.381,-.269,-.4,-.593,-.411,-.194,-.392,-.554,-.381,-.678
2020,3,20,38,-.332,-.0866,-.473,-.279,-.311,-.497,-.306,-.385,-.328,-.259,-.524
2020,4,3,38,-.212,-.0236,-.134,.0679,-.221,-.607,-.167,-.376,-.0903,-.116,-.35
2020,4,24,38,-.434,-.37,-.623,-.129,-.466,-.632,-.306,-.494,-.447,-.366,-.468
2020,6,5,38,-.375,-.255,-.262,-.335,-.479,.129,-.111,-.307,-.482,-.282,-.565
2020,4,10,38,-.326,-.391,-.427,-.0539,-.304,-.656,-.5,-.368,-.26,-.318,-.309
2020,6,12,38,-.226,-.433,.115,-.0632,-.275,-.0429,.111,-.177,-.183,-.243,-.54
2020,2,14,38,-.207,.428,-.209,-.0351,-.402,-.313,-.222,-.157,-.324,-.121,-.509
2020,5,15,38,-.452,-.486,-.435,-.55,-.427,-.607,-.361,-.453,-.385,-.563,-.57
2020,1,31,38,-.226,-.276,-.33,.0117,-.188,-.325,-.139,-.315,-.183,-.121,-.294
2020,5,8,38,-.365,-.318,-.315,-.41,-.446,-.583,-.0278,-.382,-.334,-.341,-.575
2020,3,6,38,-.0594,.27,-.0584,.18,-.113,-.092,.306,-.126,-.167,.00192,-.125
2020,1,10,39,-.149,.0502,.0479,-.0927,-.572,.139,.0449,.0453,-.305,-.0559,-.47
2020,5,29,39,-.428,-.415,-.391,-.413,-.66,-.157,.0204,-.263,-.496,-.456,-.682
2020,3,27,39,-.33,-.278,-.185,-.246,-.616,-.372,-.142,-.216,-.429,-.228,-.606
2020,6,5,39,-.11,.00552,-.0568,-.0403,-.444,-.0394,.3,.141,-.179,-.142,-.496
2020,3,6,39,-.201,-.0494,-.0546,-.105,-.442,-.0532,.117,-.134,-.264,-.111,-.475
2020,4,3,39,-.253,-.153,-.197,-.0833,-.535,-.492,-.222,-.118,-.335,-.188,-.486
2020,1,24,39,.396,-.116,-.108,-.148,.63,-.13,.0497,.0251,.551,.0648,.651
2020,4,10,39,-.433,-.398,-.268,-.457,-.65,-.584,-.377,-.283,-.515,-.433,-.59
2020,2,14,39,-.0317,.22,.259,.12,-.329,.09,.0912,.036,-.141,.164,-.343
2020,5,22,39,-.39,-.333,-.405,-.381,-.585,-.257,-.137,-.251,-.408,-.424,-.62
2020,1,31,39,-.205,-.0264,-.0227,.0711,-.489,-.192,-.188,-.161,-.298,.0265,-.493
2020,5,8,39,-.47,-.433,-.393,-.52,-.713,-.235,-.104,-.243,-.583,-.527,-.707
2020,2,7,39,-.139,-.126,.02,.072,-.348,.142,.128,.00937,-.187,-.115,-.438
2020,2,21,39,-.115,.0732,-.00562,-.0808,-.326,-.18,-.116,-.0638,-.131,-.0344,-.329
2020,4,24,39,-.547,-.539,-.453,-.403,-.763,-.474,-.509,-.468,-.644,-.442,-.744
2020,3,13,39,-.171,-.0092,.101,-.0557,-.463,.0677,.122,-.121,-.219,-.0334,-.489
2020,4,17,39,-.352,-.4,-.325,-.238,-.59,-.335,-.199,-.137,-.491,-.377,-.516
2020,5,15,39,-.438,-.361,-.348,-.461,-.654,-.32,-.032,-.287,-.529,-.475,-.611
2020,6,12,39,-.269,-.189,-.163,-.26,-.574,-.155,-.0662,-.00736,-.361,-.319,-.643
2020,3,20,39,-.0843,.0674,.0968,-.0729,-.389,-.0295,.218,.0267,-.125,-.0517,-.367
2020,1,17,39,-.042,.0919,.0825,.17,-.319,.183,.0937,.0903,-.0581,-.0354,-.317
2020,2,28,39,-.118,.0943,.0645,-.118,-.356,.0168,.0546,-.0639,-.152,-.0419,-.292
2020,5,1,39,-.405,-.418,-.419,-.475,-.678,-.445,-.264,-.179,-.51,-.433,-.675
2020,3,27,40,.00609,-.234,.12,-.0376,.26,-.272,-.153,-.0428,.155,-.0973,.0692
2020,1,10,40,-.0332,.0268,.02,-.0702,-.0969,-.055,.125,.00332,-.0542,-.0801,-.0563
2020,1,17,40,.141,.0268,.154,.12,.242,.0786,.26,.0836,.17,.114,.337
2020,5,29,40,-.313,-.517,-.126,-.345,-.415,-.166,-.112,-.243,-.363,-.361,-.459
2020,3,13,40,.025,.146,.158,.022,.0194,.215,.121,-.0146,-.00451,.0561,.0616
2020,2,28,40,.0352,.0248,.166,.00921,.107,-.0717,-.0838,-.0282,.00497,.0219,.245
2020,2,21,40,-.0973,-.0258,-.122,-.118,-.124,-.275,-.141,-.139,-.133,-.0542,.0117
2020,5,1,40,-.285,-.337,-.309,-.481,-.276,-.197,-.247,-.253,-.233,-.404,-.26
2020,5,15,40,-.371,-.509,-.253,-.399,-.39,-.378,-.301,-.332,-.406,-.397,-.428
2020,4,10,40,-.312,-.43,-.311,-.368,-.261,-.606,-.427,-.328,-.303,-.366,-.168
2020,4,3,40,-.182,-.434,-.118,-.174,-.132,-.447,-.362,-.166,-.172,-.29,-.0155
2020,2,7,40,-.181,-.143,.018,-.114,-.292,-.148,-.149,-.129,-.259,-.191,-.286
2020,6,12,40,-.0848,-.0904,.176,-.0914,-.192,.262,.211,.0116,-.128,-.163,-.3
2020,1,24,40,-.0427,-.127,-.1,-.131,-.164,.127,-.0389,.058,-.093,-.0752,-.208
2020,4,24,40,-.372,-.464,-.369,-.233,-.368,-.506,-.497,-.421,-.409,-.283,-.27
2020,1,31,40,-.0655,.0733,-.0741,.0815,.019,-.151,-.346,-.145,-.0226,.0418,-.073
2020,3,6,40,-.0913,-.117,-.00802,-.0801,-.109,-.175,-.0716,-.0882,-.214,-.0614,.0344
2020,6,5,40,-.014,-.127,.21,-.142,.0566,.138,.28,.0521,-.047,-.113,-.0321
2020,5,8,40,-.397,-.466,-.399,-.485,-.434,-.505,-.28,-.309,-.447,-.479,-.451
2020,2,14,40,.00947,.176,.265,-.0872,-.082,.106,.235,-.0206,-.0876,.155,-.126
2020,5,22,40,-.296,-.481,-.281,-.362,-.262,-.364,-.301,-.297,-.274,-.357,-.251
2020,4,17,40,-.25,-.487,-.317,-.368,-.277,-.506,-.395,-.0968,-.34,-.374,-.289
2020,3,20,40,.0181,.0167,.257,-.0532,-.0224,-.00209,.17,-.00265,-.0682,.0584,-.0185
2020,4,17,41,-.125,-.393,-.223,-.297,-.221,-.255,.329,-.0483,-.148,-.256,-.148
2020,2,14,41,.167,.213,.146,.0119,.247,.293,.0766,.13,.204,.146,.222
2020,1,10,41,-.0452,.0308,-.112,-.185,-.0803,.0712,.275,-.0186,-.0719,-.0646,-.138
2020,4,3,41,-.227,-.331,-.379,-.362,-.191,-.619,-.329,-.0753,-.208,-.362,-.318
2020,5,22,41,-.352,-.383,-.385,-.324,-.335,-.501,-.159,-.306,-.332,-.423,-.303
2020,6,12,41,-.114,-.183,-.159,-.253,-.213,-.262,-.184,.194,-.193,-.264,-.285
2020,2,7,41,-.159,-.195,-.188,-.211,-.0553,.00684,.143,-.199,-.197,-.181,-.0567
2020,3,27,41,.151,-.0966,-.0237,-.143,.252,-.226,.18,.34,.157,-.0446,.185
2020,3,20,41,.00293,-.03,-.025,-.0619,.0428,-.117,.089,-.0111,.0158,-.00207,-.101
2020,5,15,41,-.355,-.483,-.286,-.421,-.315,-.635,-.466,-.285,-.352,-.444,-.288
2020,4,24,41,-.273,-.474,-.426,-.354,-.286,-.643,-.503,-.239,-.277,-.338,-.205
2020,1,31,41,.00542,.0076,.0835,.3,-.0259,-.0623,-.217,-.074,-.0411,.149,-.0428
2020,3,6,41,.0784,-.0416,.0342,-.000728,.133,.288,.333,.14,.0457,.00829,.096
2020,1,17,41,.209,.0713,.192,.0459,.319,.145,.159,.242,.287,.067,.405
2020,1,24,41,-.169,-.11,-.163,-.161,-.213,-.154,-.217,-.149,-.174,-.152,-.223
2020,5,29,41,-.295,-.304,-.216,-.397,-.445,-.386,-.379,-.111,-.331,-.377,-.47
2020,5,1,41,-.319,-.419,-.442,-.473,-.335,-.485,-.449,-.193,-.336,-.406,-.214
2020,2,21,41,.0792,.000362,.0268,-.0852,.112,.119,.23,.0868,.154,-.00415,.123
2020,2,28,41,.0753,-.00832,.17,-.0687,.145,.139,.251,.0268,.0556,.0636,.272
2020,5,8,41,-.407,-.385,-.376,-.512,-.396,-.662,-.42,-.355,-.391,-.473,-.359
2020,4,10,41,-.188,-.337,-.329,-.41,-.181,-.661,-.234,-.0934,-.17,-.296,-.182
2020,3,13,41,.00074,.11,-.0422,-.183,.0148,.0149,.23,-.0221,.000904,-.0563,.0218
2020,6,5,41,-.0293,-.347,-.0435,-.19,.063,-.242,.317,-.0399,.0995,-.153,.0282
2020,3,13,42,-.118,-.071,-.0553,-.143,-.201,.103,.129,-.178,-.156,-.0564,-.159
2020,2,7,42,-.221,-.165,-.153,-.205,-.261,-.0995,-.0469,-.244,-.26,-.175,-.27
2020,2,14,42,.116,.19,.121,-.00183,.122,.181,.285,.0685,.122,.134,.0846
2020,5,22,42,-.372,-.318,-.444,-.428,-.388,-.557,-.379,-.289,-.4,-.466,-.387
2020,1,24,42,-.0914,-.0852,-.105,-.096,-.144,.104,-.0149,-.0411,-.142,-.111,-.163
2020,1,17,42,.105,.0839,.12,.14,.168,.0845,.0971,.0979,.169,.0529,.139
2020,4,10,42,-.358,-.311,-.133,-.457,-.315,-.611,-.475,-.326,-.351,-.392,-.388
2020,5,15,42,-.398,-.436,-.516,-.568,-.337,-.63,-.418,-.318,-.457,-.511,-.288
2020,1,31,42,-.043,.00848,-.0231,.0758,-.0499,-.234,-.195,-.11,-.0588,.0713,-.0465
2020,4,17,42,-.233,-.411,.0439,-.382,-.293,-.4,-.0193,-.0455,-.295,-.395,-.253
2020,6,5,42,-.165,-.101,-.217,-.261,-.181,-.339,-.0513,-.073,-.197,-.233,-.16
2020,2,28,42,.145,.198,.104,.079,.23,.174,.327,.0693,.15,.0787,.412
2020,4,24,42,-.292,-.393,-.171,-.416,-.195,-.595,-.453,-.212,-.275,-.399,-.236
2020,3,6,42,-.102,.0227,-.0326,-.0667,-.147,-.0343,.0826,-.15,-.14,-.0509,-.144
2020,1,10,42,.0296,-.00721,.00796,-.12,.0263,.0459,.113,.0532,.0318,-.0129,.0705
2020,2,21,42,.135,.196,.526,-.114,.168,-.0699,-.0644,.148,.216,.0934,.0694
2020,5,29,42,-.407,-.373,-.484,-.518,-.433,-.415,-.29,-.302,-.437,-.478,-.511
2020,4,3,42,-.185,-.243,-.307,-.192,-.0431,-.659,-.396,-.198,-.205,-.162,-.118
2020,6,12,42,-.241,-.174,-.227,-.332,-.275,-.339,-.255,-.134,-.236,-.32,-.373
2020,5,1,42,-.26,-.388,-.446,-.544,-.387,-.578,-.0455,-.0378,-.419,-.341,-.408
2020,5,8,42,-.381,-.309,-.526,-.56,-.355,-.496,-.352,-.256,-.424,-.494,-.379
2020,3,27,42,-.0786,-.124,-.205,-.17,.0134,-.252,-.117,-.0667,-.145,-.0556,-.0725
2020,3,20,42,-.0814,-.114,-.104,-.163,-.0541,-.135,.0302,-.111,-.0858,-.0626,-.107
2020,4,17,44,-.0384,-.0345,-.368,-.0461,-.143,-.23,.369,.157,-.16,-.0882,-.204
2020,3,20,44,-.158,-.181,-.0627,-.0665,-.292,-.127,-.279,-.132,-.256,-.153,-.149
2020,6,12,44,-.0669,-.0172,-.241,-.14,-.287,.0848,-.171,.301,-.153,-.259,-.36
2020,2,28,44,.083,.267,.00999,.146,-.0843,-.0121,.0991,-.0854,.169,.176,.0105
2020,5,8,44,-.182,-.181,-.346,-.312,-.295,-.636,.027,.036,-.158,-.356,-.389
2020,5,15,44,-.223,-.431,-.361,-.238,-.182,-.309,.117,-.00212,-.125,-.455,-.364
2020,1,10,44,.0501,-.0172,.199,-.0461,.0137,.0545,.207,.0515,.0295,-.0182,.124
2020,1,17,44,.132,.0431,.0936,.0686,.271,.158,.153,.102,.144,.133,.221
2020,2,7,44,-.176,-.121,-.0845,-.324,-.0511,-.0667,-.00901,-.187,-.144,-.147,-.415
2020,1,24,44,-.102,-.172,-.135,-.181,-.0976,-.0182,-.0811,-.0529,-.0405,-.149,-.171
2020,2,14,44,.317,.259,.163,.558,.182,.188,.495,.327,.197,.372,.255
2020,5,1,44,-.182,-.267,-.462,-.369,-.334,-.103,.00901,.0614,-.221,-.269,-.461
2020,5,22,44,-.263,-.0431,-.459,-.349,-.289,-.473,-.135,-.0543,-.339,-.444,-.263
2020,5,29,44,-.306,-.44,-.43,-.39,-.425,-.285,-.117,-.0148,-.372,-.479,-.512
2020,2,21,44,.296,.0862,-.143,.558,.158,.236,.405,.272,.302,.405,.0442
2020,4,3,44,-.0392,-.0862,-.212,-.107,-.219,-.576,-.153,.126,-.127,-.0465,-.04
2020,3,13,44,-.102,-.172,-.135,-.0256,-.196,-.0727,.0631,-.0685,-.144,-.0923,-.246
2020,4,24,44,-.396,-.0259,-.589,-.447,-.541,-.709,-.351,-.303,-.495,-.375,-.528
2020,3,27,44,.145,.129,.126,.191,-.143,.0121,.351,.359,.0921,.0653,-.0821
2020,6,5,44,-.0931,-.0431,-.39,.0481,-.265,-.0606,.225,.345,-.285,-.279,-.352
2020,1,31,44,-.08,.147,-.157,.159,-.187,-.194,-.279,-.101,-.133,.0343,-.175
2020,4,10,44,-.18,.00862,-.233,-.349,-.367,-.697,-.568,-.0191,-.284,-.22,-.276
2020,3,6,44,.0156,.0345,-.0772,.146,-.0312,.406,.189,.00776,.0368,.000673,.0779
2020,2,28,45,.108,.169,.198,.103,.21,-.0781,-.175,.0378,.134,.0758,.454
2020,1,24,45,-.0589,-.0822,.0285,-.193,-.142,.0376,-.0772,.0366,-.105,-.0879,-.137
2020,3,13,45,-.24,-.0919,-.131,-.218,-.292,-.257,-.158,-.303,-.265,-.173,-.199
2020,5,15,45,-.449,-.372,-.436,-.492,-.345,-.617,-.617,-.49,-.466,-.467,-.13
2020,3,6,45,-.0681,-.00826,-.0735,-.17,-.029,-.104,-.0154,-.123,-.0871,-.0219,.035
2020,4,3,45,-.17,-.195,-.119,-.1,-.202,-.621,-.412,-.199,-.151,-.174,.0277
2020,5,29,45,-.39,-.395,-.381,-.348,-.5,-.262,-.314,-.355,-.436,-.397,-.432
2020,5,22,45,-.286,-.337,-.405,-.391,-.208,-.482,-.272,-.303,-.322,-.293,-.121
2020,6,12,45,-.165,-.218,.0149,-.194,-.217,-.123,-.168,-.118,-.138,-.229,-.25
2020,5,8,45,-.461,-.306,-.463,-.442,-.554,-.665,-.519,-.444,-.559,-.408,-.341
2020,2,14,45,.0857,.346,.222,-.131,.0248,.169,.141,.0431,.067,.0975,.106
2020,2,21,45,-.036,.118,.00467,-.344,.0354,-.231,-.266,-.115,.079,-.031,.0289
2020,1,31,45,-.0617,-.0219,-.0599,.0923,-.057,-.00868,.219,-.178,-.0285,.0486,-.0756
2020,4,24,45,-.502,-.545,-.611,-.606,-.465,-.549,-.574,-.518,-.543,-.484,-.458
2020,4,10,45,-.386,-.454,-.334,-.448,-.379,-.667,-.591,-.441,-.349,-.335,-.321
2020,5,1,45,-.523,-.543,-.521,-.643,-.536,-.551,-.578,-.493,-.517,-.57,-.471
2020,1,17,45,.164,.25,.0676,.304,.335,.0931,.0885,.109,.273,.11,.305
2020,6,5,45,-.161,-.232,.0676,-.179,-.262,-.0769,-.0869,-.133,-.179,-.177,-.143
2020,2,7,45,-.258,-.211,-.065,-.386,-.323,-.187,-.236,-.282,-.251,-.208,-.376
2020,4,17,45,-.294,-.349,-.422,-.4,-.444,-.466,-.227,-.136,-.391,-.38,-.326
2020,3,27,45,.0487,-.111,.0761,.143,.207,-.436,-.298,-.0246,.19,-.000755,.173
2020,3,20,45,-.284,-.267,-.13,-.264,-.24,-.516,-.318,-.342,-.284,-.223,-.271
2020,1,10,45,-.0438,-.146,-.0361,-.203,-.136,-.122,-.23,.0324,-.139,-.0708,-.0928
2020,5,8,46,-.22,.00292,-.405,-.433,-.358,-.11,.124,-.171,-.158,-.218,-.502
2020,4,10,46,-.295,-.289,-.444,-.0827,-.423,-.535,-.207,-.31,-.317,-.0894,-.387
2020,6,12,46,-.15,-.417,-.027,.286,-.219,-.226,-.273,-.0859,-.144,-.0725,-.514
2020,1,17,46,.148,.376,.174,.239,.0604,.419,.19,.0981,.273,.103,.0224
2020,3,13,46,-.193,-.0437,-.228,-.0638,-.267,-.419,-.372,-.268,-.226,.0354,-.425
2020,2,28,46,.0739,.633,.12,-.0922,-.0604,-.123,.322,-.0718,.00686,.336,-.0671
2020,3,20,46,-.249,-.0437,-.135,-.262,-.219,-.587,-.174,-.238,-.364,-.116,-.233
2020,5,1,46,-.494,-.394,-.444,-.527,-.656,-.226,-.174,-.383,-.523,-.538,-.623
2020,5,29,46,-.279,-.324,-.236,-.499,-.0228,-.368,-.107,-.407,-.136,-.164,-.431
2020,2,21,46,.118,.0379,.027,.0402,.0497,-.368,.0248,-.118,.322,.295,.00319
2020,3,27,46,.0343,.00292,.174,.0875,.149,-.316,.322,.0536,-.0233,.126,-.163
2020,2,7,46,-.186,.0262,-.0811,.00236,-.157,-.381,.0909,-.294,-.169,-.0523,-.444
2020,4,17,46,-.138,-.522,-.421,.0402,-.275,-.148,.157,-.0091,-.185,-.0691,-.431
2020,3,6,46,.0698,-.00875,.197,-.0165,.458,-.0839,.0579,-.153,.237,.285,-.0735
2020,4,3,46,-.133,-.0204,-.436,-.0922,-.0765,-.639,.355,-.316,-.0919,.0354,-.016
2020,6,5,46,-.264,-.172,-.236,-.111,-.313,-.2,.0579,-.175,-.424,-.11,-.444
2020,1,10,46,-.0349,-.254,-.0193,-.026,-.0604,.342,-.00826,-.0819,-.0261,.0894,-.0927
2020,4,24,46,-.379,-.534,-.405,-.281,-.383,-.561,-.438,-.464,-.284,-.278,-.482
2020,5,15,46,-.355,-.603,-.413,-.102,-.246,-.677,-.405,-.401,-.254,-.234,-.457
2020,2,14,46,.131,.647,.282,.21,-.0094,.0968,.223,.09,.0919,.403,-.176
2020,1,24,46,-.104,-.265,-.205,-.111,-.208,-.406,-.14,.179,-.267,-.251,-.265
2020,5,22,46,-.179,-.0904,-.429,-.139,-.0604,-.29,.0248,-.223,-.125,-.0927,-.329
2020,1,31,46,-.0094,.143,.0502,-.102,.208,-.355,-.0413,-.195,.0206,.059,.335
2020,5,15,47,-.379,-.412,-.419,-.428,-.397,-.466,-.316,-.325,-.391,-.47,-.359
2020,3,20,47,-.102,-.18,.13,-.255,-.134,-.248,-.0318,-.118,-.17,-.054,-.134
2020,5,8,47,-.384,-.442,-.357,-.552,-.47,-.526,-.286,-.247,-.468,-.495,-.351
2020,1,17,47,.152,.0052,.118,.15,.302,.122,.138,.133,.244,.0368,.313
2020,1,10,47,-.169,-.0812,-.133,-.274,-.254,-.137,-.138,-.176,-.185,-.134,-.287
2020,6,5,47,-.124,-.0747,-.0833,-.21,-.236,-.184,.176,.0192,-.219,-.248,-.196
2020,5,1,47,-.374,-.452,-.525,-.52,-.457,-.375,-.129,-.292,-.415,-.472,-.436
2020,2,7,47,-.229,-.255,-.0881,-.248,-.321,-.119,-.0191,-.231,-.307,-.184,-.306
2020,4,24,47,-.452,-.426,-.523,-.465,-.519,-.693,-.544,-.435,-.528,-.432,-.423
2020,1,31,47,-.0382,.0839,-.00598,.201,-.0765,-.128,-.201,-.0913,-.0976,.102,-.0425
2020,4,3,47,-.331,-.3,-.263,-.429,-.343,-.582,-.237,-.33,-.315,-.344,-.383
2020,4,17,47,-.282,-.498,-.321,-.425,-.216,-.493,-.28,-.203,-.216,-.434,-.281
2020,4,10,47,-.277,-.377,-.265,-.485,-.108,-.536,-.405,-.302,-.226,-.33,-.127
2020,3,6,47,-.17,-.0736,-.22,-.255,-.252,-.152,-.0424,-.133,-.295,-.149,-.201
2020,5,22,47,-.35,-.372,-.353,-.456,-.33,-.465,-.25,-.27,-.345,-.478,-.34
2020,1,24,47,.0557,-.00793,.0211,-.0764,.0284,.143,.201,.134,.0382,-.00504,.0167
2020,3,27,47,-.181,-.159,-.0363,-.247,-.195,-.473,-.191,-.166,-.229,-.159,-.248
2020,6,12,47,-.164,-.133,-.119,-.255,-.273,-.182,.0169,-.0553,-.206,-.254,-.325
2020,2,28,47,.142,.0916,.303,-.0947,.185,.184,.0403,.0923,.117,.12,.397
2020,2,21,47,-.0485,.136,-.061,-.24,-.123,-.0332,.072,-.0473,-.0819,-.0382,-.0918
2020,2,14,47,.15,.257,.28,-.0646,.119,.182,.314,.18,.0855,.14,.155
2020,5,29,47,-.284,-.276,-.277,-.392,-.398,-.15,.0975,-.191,-.335,-.354,-.43
2020,3,13,47,.0358,-.0725,.0299,-.0797,.135,.0859,.176,.0119,.0815,.0164,.00303
2020,5,15,48,-.381,-.502,-.403,-.49,-.243,-.516,-.41,-.364,-.314,-.46,-.217
2020,3,13,48,.0388,.0189,.123,.00834,.0567,.00457,-.0673,.0098,.0747,.0422,.0326
2020,4,17,48,-.395,-.513,-.393,-.462,-.336,-.576,-.388,-.415,-.413,-.393,-.255
2020,5,29,48,-.33,-.389,-.211,-.452,-.357,-.285,-.17,-.259,-.351,-.365,-.404
2020,6,12,48,-.145,-.244,-.0559,-.267,-.107,-.214,-.137,-.037,-.117,-.255,-.133
2020,6,5,48,-.118,-.241,-.068,-.24,-.124,-.166,-.00099,-.0174,-.117,-.21,-.0811
2020,1,24,48,.0072,.0181,-.0146,-.0504,-.0464,.252,.197,.056,-.0123,-.0352,-.0291
2020,5,1,48,-.401,-.464,-.359,-.5,-.398,-.54,-.466,-.401,-.397,-.414,-.313
2020,1,31,48,.0569,.0843,.0636,.232,-.00204,-.0948,-.138,.0245,-.00176,.159,.0464
2020,2,14,48,.304,.308,.312,.202,.383,.265,.182,.3,.34,.253,.484
2020,3,20,48,-.0041,-.0858,-.00229,-.155,.00182,-.0912,.0124,.0157,-.0355,-.0228,.00963
2020,5,8,48,-.423,-.458,-.408,-.532,-.39,-.552,-.455,-.385,-.453,-.445,-.332
2020,2,28,48,.0521,.0629,.11,-.0343,.152,.00136,-.0748,.0565,.0722,-.00227,.234
2020,4,24,48,-.386,-.394,-.397,-.431,-.34,-.606,-.567,-.471,-.45,-.301,-.184
2020,3,6,48,-.055,-.107,-.101,-.144,-.00363,-.0839,-.134,-.0318,-.0755,-.0793,.0513
2020,3,27,48,-.0982,-.112,-.0902,-.211,-.018,-.477,-.263,-.124,-.0638,-.0887,-.0443
2020,1,17,48,.0589,.065,.0148,.024,.2,.0299,.0282,.0372,.136,.00648,.128
2020,4,10,48,-.344,-.421,-.31,-.487,-.211,-.634,-.577,-.423,-.311,-.305,-.164
2020,2,21,48,-.0119,.00325,-.0551,-.142,.159,-.189,-.136,-.0455,.0778,-.0521,.0944
2020,4,3,48,-.279,-.351,-.274,-.229,-.207,-.68,-.535,-.351,-.273,-.19,-.223
2020,2,7,48,-.184,-.224,-.0747,-.241,-.183,-.218,-.185,-.191,-.185,-.178,-.212
2020,5,22,48,-.315,-.415,-.325,-.446,-.203,-.412,-.263,-.271,-.319,-.381,-.181
2020,1,10,48,-.123,-.167,-.0638,-.206,-.152,-.187,-.0866,-.118,-.121,-.13,-.145
2020,2,7,49,-.214,-.239,-.137,-.311,-.0998,-.303,-.188,-.237,-.219,-.227,-.263
2020,4,10,49,-.373,-.149,-.426,-.381,-.424,-.725,-.275,-.389,-.436,-.344,-.337
2020,5,8,49,-.302,-.215,-.39,-.373,-.464,-.42,.0131,-.146,-.411,-.404,-.45
2020,1,24,49,-.0802,-.182,-.0202,-.11,-.177,.184,.114,-.0611,-.14,-.0347,-.23
2020,1,31,49,-.00285,-.0674,.0121,.0345,.125,-.266,-.236,-.0741,.0353,.0354,.128
2020,5,22,49,-.333,-.219,-.319,-.278,-.396,-.467,-.21,-.284,-.353,-.372,-.421
2020,3,6,49,.223,.108,.195,.142,.546,.323,.463,.182,.374,.131,.235
2020,3,27,49,-.0464,-.0342,.0186,.0456,-.196,-.369,-.0218,.029,-.118,-.0657,-.166
2020,2,14,49,.0917,.307,.185,-.0124,.181,.0495,.166,.0179,.0476,.186,.0404
2020,4,17,49,-.334,-.226,-.326,-.265,-.307,-.278,.354,-.35,-.395,-.378,-.339
2020,4,24,49,-.512,-.38,-.496,-.51,-.591,-.723,-.485,-.512,-.609,-.435,-.508
2020,1,10,49,.00711,.228,-.0364,-.0967,-.0341,.23,.188,.0871,-.0251,-.085,-.0685
2020,1,17,49,.0759,.0212,.0445,.173,.086,-.148,-.0655,.0481,.13,.0842,.171
2020,6,5,49,-.0805,.243,.0137,.011,-.307,-.269,.0655,-.0328,-.0984,-.127,-.185
2020,3,13,49,.0287,-.0545,.00566,.00276,.491,-.131,.0437,-.0439,.0649,.0112,.223
2020,5,15,49,-.396,-.243,-.431,-.424,-.4,-.56,-.231,-.363,-.426,-.422,-.469
2020,2,21,49,.136,.374,.0606,.363,.0846,-.0276,.0611,.199,.0692,.118,.141
2020,6,12,49,-.195,-.0582,-.154,-.22,-.316,-.0994,.0699,-.14,-.261,-.21,-.234
2020,5,1,49,-.37,-.152,-.352,-.434,-.424,-.443,-.245,-.33,-.396,-.424,-.339
2020,3,20,49,.0157,.0194,-.00889,-.173,.0415,-.483,-.109,.0863,.002,-.0179,.00146
2020,2,28,49,-.031,-.0305,-.00404,.0843,.0606,-.119,-.114,-.00305,-.0935,-.0628,.0656
2020,5,29,49,-.332,-.256,-.141,-.307,-.509,-.429,-.166,-.278,-.4,-.325,-.508
2020,4,3,49,-.209,-.0157,-.285,-.166,-.291,-.587,-.162,-.197,-.322,-.163,-.203
2020,5,1,50,-.406,-.363,-.694,-.711,-.379,-.598,-.0108,-.38,-.47,-.324,-.59
2020,3,6,50,0,.214,.225,.107,-.0712,-.216,-.355,.0971,-.196,.0658,-.0927
2020,3,13,50,.0928,.254,-.00478,.308,.037,-.0754,.204,-.0358,.17,.206,-.156
2020,4,3,50,-.176,.214,-.33,-.233,-.037,-.94,-.527,-.4,.0552,-.27,.105
2020,3,27,50,-.28,-.124,-.12,-.358,-.219,-.658,-.828,-.315,-.263,-.288,-.243
2020,4,24,50,-.57,-.323,-.732,-.459,-.504,-1,-.742,-.734,-.488,-.41,-.535
2020,1,10,50,-.0691,.254,.167,-.333,-.0826,.126,-.398,-.0494,-.121,.0431,-.108
2020,2,21,50,.348,.647,.206,.0566,.316,-.417,.0753,.216,.532,.288,.27
2020,3,20,50,-.156,-.164,-.292,-.283,.0199,-.276,-.14,-.329,.00662,-.175,-.116
2020,5,8,50,-.282,-.244,-.445,-.296,-.256,-.879,-.441,-.359,-.241,-.193,-.337
2020,4,17,50,-.31,.0547,-.445,-.333,-.276,-.658,-.656,-.329,-.475,-.0884,-.393
2020,4,10,50,-.461,-.224,-.656,-.258,-.413,-.859,-.742,-.513,-.497,-.383,-.385
2020,2,14,50,.147,.393,.187,.0314,.259,.685,.0323,.046,.227,.166,.0651
2020,1,24,50,-.142,-.0647,-.215,-.0566,-.254,.588,-.14,-.0801,-.232,-.152,-.164
2020,2,7,50,.0268,-.00498,.263,.308,-.0142,.266,.29,-.0903,.0596,.17,-.203
2020,1,31,50,.0103,.174,-.254,-.132,.0541,-.276,.0323,-.0971,.113,-.0159,.00197
2020,5,22,50,-.322,-.0249,-.234,-.421,-.316,-.879,-.398,-.353,-.347,-.256,-.345
2020,5,15,50,-.462,-.164,-.311,-.522,-.476,-.879,-.699,-.516,-.422,-.406,-.487
2020,5,29,50,-.416,.353,-.12,-.535,-.541,-.658,-.699,-.434,-.426,-.406,-.495
2020,6,5,50,-.21,.0945,-.196,.308,-.325,-.538,.247,-.152,-.364,-.102,-.456
2020,2,28,50,.147,.433,.0718,-.0692,.057,.146,.761,.0528,.0552,.161,.0888
2020,6,12,50,-.108,.274,-.254,-.195,-.0912,.00503,-.0108,.0835,-.174,-.215,-.274
2020,1,17,50,.201,-.363,.301,.522,.282,-.437,.505,.227,.241,.125,.27
2020,2,14,51,.108,.269,.123,.0683,.0687,.181,.44,.0813,.11,.1,.0374
2020,1,17,51,.0878,.0655,.0759,.0729,.229,-.0691,-.0158,.0411,.202,.0357,.195
2020,2,28,51,.205,.234,.326,.106,.354,.313,.231,.11,.231,.192,.421
2020,4,24,51,-.329,-.197,-.454,-.365,-.348,-.551,-.434,-.384,-.344,-.289,-.264
2020,4,3,51,-.128,-.0563,-.196,-.102,-.182,-.595,-.426,-.213,-.193,-.0332,-.0581
2020,1,24,51,-.134,-.109,-.146,-.136,-.214,-.0931,-.14,-.122,-.16,-.114,-.183
2020,5,8,51,-.297,-.195,-.43,-.28,-.409,-.548,-.316,-.27,-.395,-.263,-.279
2020,5,15,51,-.365,-.269,-.49,-.351,-.369,-.535,-.206,-.412,-.392,-.335,-.324
2020,4,17,51,-.289,-.203,-.335,-.196,-.441,-.431,-.0729,-.256,-.428,-.235,-.32
2020,3,27,51,.139,.00336,.0802,.0736,.21,-.179,.0771,.0697,.231,.123,.229
2020,6,5,51,-.0992,-.0243,-.181,-.00144,-.267,-.165,.227,.0191,-.199,-.106,-.163
2020,5,22,51,-.246,-.188,-.402,-.25,-.194,-.431,-.075,-.231,-.239,-.273,-.247
2020,3,6,51,.0757,.285,.0754,.0367,.0482,.157,.362,.152,-.0309,.0653,.0237
2020,3,20,51,.12,.0949,.0209,.208,.116,.113,.347,.116,.0903,.147,.0227
2020,5,1,51,-.312,-.331,-.463,-.388,-.325,-.435,-.24,-.328,-.351,-.322,-.183
2020,1,10,51,-.0292,-.0462,.0349,-.0853,-.145,.149,.195,.0332,-.0919,-.039,-.0935
2020,2,7,51,-.0642,-.073,.00418,-.0496,.00702,-.0919,.0539,-.0976,-.0543,-.0645,-.0838
2020,4,10,51,-.155,-.016,-.13,-.0662,-.233,-.6,-.314,-.256,-.221,-.0479,-.0829
2020,2,21,51,.125,.251,.11,.05,.109,.0362,.0961,.128,.11,.148,.0319
2020,3,13,51,.113,.293,.137,.037,.227,.16,.345,.108,.112,.102,.0719
2020,1,31,51,.0754,.0898,.0349,.149,.131,.0134,-.0391,.0482,.0501,.118,.0811
2020,6,12,51,-.151,-.073,-.135,-.146,-.233,-.153,-.0264,-.0598,-.167,-.18,-.247
2020,5,29,51,-.263,-.144,-.358,-.185,-.443,-.216,-.0116,-.185,-.356,-.241,-.38
2020,5,8,53,-.329,-.377,-.391,-.521,-.246,-.653,-.328,-.241,-.366,-.426,-.184
2020,2,28,53,.147,.225,.303,-.0186,.284,.259,.139,.0888,.214,.0899,.387
2020,2,21,53,-.0346,-.0515,.0115,-.0131,-.0758,.0546,.156,-.0244,-.0364,-.0367,-.128
2020,1,24,53,-.145,-.0561,-.102,-.139,-.221,-.123,-.111,-.123,-.181,-.143,-.222
2020,2,14,53,.134,.12,.236,.115,.131,.262,.302,.117,.103,.135,.117
2020,2,7,53,-.173,-.188,-.119,-.258,-.192,-.151,.21,-.233,-.224,-.112,-.258
2020,4,24,53,-.381,-.518,-.44,-.533,-.357,-.66,-.533,-.418,-.376,-.378,-.226
2020,4,10,53,-.282,-.399,-.23,-.452,-.177,-.627,-.555,-.328,-.199,-.291,-.196
2020,1,31,53,.0439,.0666,.124,.293,.0182,.0398,.0116,-.0512,.0064,.149,.0743
2020,5,1,53,-.404,-.555,-.451,-.535,-.412,-.591,-.394,-.388,-.397,-.418,-.377
2020,5,29,53,-.376,-.444,-.298,-.493,-.448,-.578,-.286,-.244,-.416,-.433,-.461
2020,6,5,53,.226,-.223,-.0643,-.281,.63,-.504,.0287,.0925,.531,.0946,.528
2020,4,17,53,-.309,-.48,-.366,-.344,-.347,-.0937,.359,-.33,-.338,-.315,-.293
2020,3,20,53,-.112,-.0808,-.0457,-.112,-.114,-.394,-.0641,-.119,-.0963,-.104,-.222
2020,1,17,53,.235,.103,.0777,.0857,.401,.0203,-.0202,.248,.339,.16,.354
2020,4,3,53,-.203,-.437,-.317,-.306,-.234,-.617,-.372,-.113,-.238,-.212,-.275
2020,6,12,53,-.0422,-.3,-.0967,-.331,.621,-.397,-.0641,.011,.0168,-.1,-.101
2020,3,13,53,-.156,-.117,-.139,-.229,-.151,-.223,-.0348,-.188,-.119,-.165,-.208
2020,3,6,53,-.0538,-.0945,-.0429,-.0655,-.107,.18,.285,-.00841,-.105,-.0812,-.141
2020,3,27,53,-.171,-.298,-.184,-.283,-.243,-.6,-.274,-.116,-.248,-.128,-.262
2020,5,15,53,-.399,-.485,-.352,-.487,-.381,-.671,-.433,-.3,-.425,-.495,-.303
2020,1,10,53,-.134,-.114,-.0995,-.24,-.198,.0632,.119,-.0733,-.165,-.166,-.206
2020,5,22,53,-.353,-.522,-.464,-.488,-.259,-.406,.0556,-.259,-.331,-.472,-.341
2020,5,29,54,-.428,-.36,-.537,-.379,-.423,-.0472,-.159,-.414,-.486,-.267,-.615
2020,1,10,54,-.0279,-.14,-.163,.375,-.0647,.276,.401,-.0799,-.0256,.131,-.168
2020,1,31,54,-.0185,-.14,0,-.0291,.131,-.578,-.414,-.154,.0545,.0393,.267
2020,3,6,54,-.0878,-.04,.203,.359,-.122,.276,.248,-.162,-.115,.0987,-.156
2020,4,17,54,.0833,-.69,-.366,-.0757,-.183,.0787,.0701,.496,-.4,-.0497,-.221
2020,4,24,54,-.486,-.63,-.74,-.487,-.491,-.38,-.567,-.457,-.516,-.555,-.523
2020,3,20,54,-.27,-.33,-.366,.0563,-.244,-.604,-.185,-.205,-.279,-.243,-.45
2020,6,5,54,-.254,-.58,-.0732,.558,-.38,-.416,.761,-.232,-.381,-.145,-.42
2020,2,14,54,-.0246,.06,.114,.558,-.129,-.389,.0701,-.233,.0899,.117,.0725
2020,5,1,54,-.464,-.58,-.561,-.425,-.528,-.299,-.108,-.471,-.499,-.394,-.565
2020,2,7,54,-.083,-.31,.374,.0718,-.123,-.631,-.236,-.115,-.162,.146,-.164
2020,5,8,54,-.225,-.53,-.618,-.208,-.421,.456,.248,-.0799,-.387,-.148,-.447
2020,1,24,54,-.0345,-.05,-.0244,-.317,-.28,.0157,-.185,.224,-.177,-.195,-.279
2020,4,3,54,-.333,-.36,-.268,-.153,-.218,-.892,-.796,-.419,-.21,-.308,-.42
2020,2,21,54,-.0557,.47,-.0488,.173,-.126,-.263,-.108,-.089,-.0536,.0393,-.111
2020,5,15,54,-.37,-.55,-.423,-.239,-.341,-.371,-.49,-.374,-.452,-.421,-.156
2020,2,28,54,.0819,.1,.455,.0874,.0479,.492,.197,-.00845,.0955,.161,.0687
2020,3,13,54,-.303,-.13,-.285,-.0835,-.287,-.416,-.00637,-.419,-.346,.00965,-.435
2020,1,17,54,.0809,.33,.187,-.0291,.213,.285,.197,.00975,.148,.0245,.179
2020,6,12,54,-.332,-.49,-.252,-.0757,-.287,.0157,-.0828,-.326,-.348,-.252,-.561
2020,3,27,54,-.362,-.35,.0976,-.41,-.285,-.631,-.847,-.37,-.331,-.353,-.462
2020,4,10,54,-.458,-.37,-.195,-.254,-.29,-.847,-.72,-.609,-.432,-.29,-.363
2020,5,22,54,-.256,-.16,-.398,-.285,-.158,-.631,-.414,-.288,-.184,-.234,-.305
2020,5,29,55,-.291,-.366,-.173,-.404,-.3,-.0936,.0116,-.206,-.327,-.346,-.431
2020,4,10,55,-.247,-.333,-.27,-.428,-.181,-.615,-.275,-.205,-.245,-.297,-.229
2020,3,20,55,.0705,-.00878,.0714,.0252,.0828,.0612,.254,.127,.088,-.0151,-.0354
2020,1,31,55,.0937,.11,.095,.209,.0835,.0559,-.0429,.0711,.108,.14,.046
2020,2,14,55,.0898,.163,.142,.128,.148,.3,.377,.0251,.0739,.144,.165
2020,1,10,55,-.0279,-.0389,-.0704,-.203,-.0457,.0518,.129,-.0385,-.033,-.0221,-.0388
2020,6,5,55,-.0941,-.141,-.06,-.144,-.148,-.034,.254,.0355,-.166,-.193,-.125
2020,2,28,55,.221,.148,.219,-.0168,.63,.11,.279,.138,.272,.0665,.651
2020,1,17,55,.0963,.0665,.0383,.105,.145,-.146,-.0102,.14,.111,.0221,.204
2020,4,17,55,-.262,-.356,-.333,-.295,-.273,-.434,-.152,-.169,-.301,-.33,-.251
2020,5,8,55,-.351,-.44,-.409,-.511,-.267,-.548,.216,-.289,-.369,-.481,-.305
2020,6,12,55,-.179,-.167,.078,-.287,-.219,-.195,-.013,-.119,-.164,-.232,-.323
2020,4,3,55,-.117,-.195,-.17,-.226,.0345,-.551,-.108,-.0784,-.0685,-.212,-.117
2020,4,24,55,-.295,-.448,-.409,-.319,-.31,-.574,-.258,-.228,-.331,-.349,-.305
2020,1,24,55,-.162,-.138,-.0629,-.11,-.183,.0382,-.0757,-.172,-.186,-.14,-.211
2020,2,21,55,.13,.00484,.0988,.0498,.229,.127,.631,.0671,.159,.134,.156
2020,5,15,55,-.451,-.488,-.453,-.562,-.421,-.623,-.226,-.415,-.411,-.526,-.539
2020,3,13,55,.0529,.0134,.23,.0302,.144,.101,.292,.00875,.142,.0161,.0307
2020,5,1,55,-.256,-.389,-.366,-.408,-.273,-.518,-.0757,-.116,-.281,-.409,-.33
2020,5,22,55,-.351,-.383,-.417,-.403,-.208,-.314,-.0975,-.316,-.282,-.476,-.291
2020,2,7,55,-.0168,.0235,.112,-.0806,.0146,-.179,.0552,-.0272,-.0417,-.00511,-.000636
2020,3,6,55,.0582,.00699,.0128,.0392,.21,.0507,.369,.00838,.0213,.0923,.111
2020,3,27,55,-.195,-.25,-.061,-.328,-.0394,-.361,-.0511,-.224,-.171,-.214,-.126
2020,2,21,56,-.158,-.26,-.25,-.242,-.381,-.59,-.0732,-.0483,-.184,-.143,-.475
2020,2,28,56,.0561,-.422,-.156,-.348,.197,.00353,.415,-.0238,.458,-.19,-.322
2020,4,10,56,-.44,-.353,-.625,-.545,-.366,-.435,-.22,-.404,-.415,-.471,-.53
2020,2,7,56,-.046,-.445,.469,-.152,-.12,-.406,-.317,-.0391,-.11,.11,-.0656
2020,5,29,56,-.468,-.376,-.172,-.197,-.547,-.661,-.463,-.469,-.465,-.414,-.695
2020,5,22,56,-.366,-.538,-.516,-.273,-.354,-.392,-.122,-.334,-.445,-.281,-.554
2020,6,5,56,-.267,-.584,-.187,-.0152,-.369,.117,.659,-.11,-.261,-.324,-.579
2020,2,14,56,-.0957,.647,-.0469,.242,-.259,.173,.761,.0315,-.164,-.157,-.34
2020,1,10,56,-.119,.133,-.187,.0152,-.333,-.18,-.22,.0284,-.227,-.0524,-.267
2020,3,13,56,-.156,-.191,-.0625,-.439,-.366,.314,.317,-.223,-.087,-.0571,-.444
2020,1,31,56,-.184,-.191,-.422,-.5,-.00148,-.378,-.317,-.217,-.258,-.367,.344
2020,3,20,56,-.25,.0405,.297,-.0758,-.319,-.251,.0244,-.239,-.167,-.167,-.573
2020,4,3,56,-.224,-.191,.25,-.0606,-.271,-.731,-.268,-.346,-.124,-.181,-.194
2020,4,17,56,-.333,-.607,-.359,.121,-.419,-.336,.268,-.208,-.408,-.376,-.463
2020,3,6,56,-.154,-.0983,-.156,-.212,-.244,-.59,.268,-.159,-.177,-.181,-.304
2020,5,1,56,-.479,-.676,-.594,-.576,-.677,.685,.366,-.279,-.562,-.61,-.658
2020,5,15,56,-.564,-.792,-.594,-.53,-.668,-.35,.0732,-.45,-.639,-.648,-.676
2020,1,17,56,.435,.272,.526,.558,.63,.357,.366,.231,.551,.488,.27
2020,4,24,56,-.523,-.63,-.891,-.47,-.538,-.887,-.463,-.509,-.532,-.548,-.609
2020,3,27,56,-.365,-.306,-.344,-.53,-.351,-.435,-.268,-.401,-.391,-.333,-.444
2020,1,24,56,-.173,-.214,-.219,-.121,-.298,.201,.171,-.0422,-.251,-.2,-.347
2020,5,8,56,-.405,-.376,-.672,-.591,-.484,-.237,.171,-.404,-.385,-.419,-.573
2020,6,12,56,-.311,-.584,.219,-.121,-.407,-.0954,.171,-.22,-.344,-.248,-.56
