year,month,day,emp_combined,emp_combined_inclow,emp_combined_incmiddle,emp_combined_inchigh,emp_combined_ss40,emp_combined_ss60,emp_combined_ss65,emp_combined_ss70,emp_combined_retail,emp_combined_retail_inclow,emp_combined_retail_incmiddle,emp_combined_retail_inchigh,emp_combined_advance
2020,1,14,-.00287,-.00176,-.00431,-.00114,-.00171,-.00202,-.00392,-.00335,-.0013,-.000188,-.00428,.00552,0
2020,1,15,-.00188,-.0011,-.00283,-.000771,-.00111,-.00112,-.00253,-.00246,-.000935,-.000207,-.00303,.00395,0
2020,1,16,-.000945,-.000364,-.00147,-.000437,-.000517,-.00027,-.00124,-.00162,-.000574,6.05e-06,-.00191,.00234,0
2020,1,17,-.0000994,.00033,-.00026,-.000131,.0000413,.00048,-.0000768,-.000877,-.000249,.000282,-.00091,.000791,0
2020,1,18,.000636,.000918,.000801,.000139,.000541,.00109,.00089,-.000119,.0000468,.000559,-4.61e-06,-.000652,0
2020,1,19,.00128,.00147,.00171,.00037,.000994,.00157,.00173,.000586,.000344,.00087,.000833,-.00195,0
2020,1,20,.0018,.00185,.00248,.000563,.00134,.00191,.00241,.00121,.000533,.000815,.00162,-.00308,0
2020,1,21,.00217,.00185,.00312,.000724,.00155,.00213,.00293,.00161,.000608,.000354,.00235,-.00404,0
2020,1,22,.00251,.00195,.00367,.000861,.00177,.00226,.00345,.00198,.000785,.000202,.00305,-.00483,0
2020,1,23,.00286,.00235,.00413,.000979,.00201,.00241,.00405,.00232,.00102,.000203,.0037,-.00544,0
2020,1,24,.00316,.00262,.00455,.0011,.00219,.00252,.00457,.00266,.00124,.000114,.00433,-.00587,0
2020,1,25,.00337,.00255,.00493,.00122,.00227,.00254,.00493,.00304,.00143,-.000108,.00491,-.00612,0
2020,1,26,.00354,.00233,.00528,.00137,.00228,.00255,.00525,.00337,.00157,-.000499,.00542,-.00619,0
2020,1,27,.00371,.00211,.0056,.00153,.00226,.00256,.0056,.0037,.0017,-.000916,.00588,-.00611,0
2020,1,28,.00385,.00179,.00592,.0017,.00223,.00257,.00591,.00393,.00188,-.00114,.00627,-.00588,0
2020,1,29,.00397,.0014,.00621,.0019,.00217,.00259,.00615,.00422,.00197,-.00164,.0066,-.00551,0
2020,1,30,.00402,.000637,.00651,.00211,.00199,.00257,.00627,.00452,.00197,-.00244,.00688,-.00504,0
2020,1,31,.00408,-.0000554,.0068,.00232,.00183,.00256,.00643,.00483,.00198,-.00315,.00712,-.00446,0
2020,2,1,.00421,-.000458,.00709,.00256,.00176,.00261,.00674,.00513,.00205,-.00367,.00732,-.00381,0
2020,2,2,.00436,-.000835,.00739,.00281,.0017,.00268,.00706,.00548,.00211,-.00419,.00749,-.00311,0
2020,2,3,.00453,-.00113,.00769,.00308,.00168,.00278,.00742,.00589,.00219,-.00462,.00765,-.00238,0
2020,2,4,.0047,-.00148,.008,.0034,.00161,.00291,.00776,.00634,.00213,-.00552,.0078,-.00164,0
2020,2,5,.00489,-.00184,.00832,.00376,.00159,.00307,.00811,.00677,.00217,-.0061,.00794,-.000924,0
2020,2,6,.00518,-.00181,.00864,.00418,.0017,.00333,.00861,.00723,.00229,-.00634,.00808,-.000257,0
2020,2,7,.00549,-.00176,.00896,.00467,.00184,.00365,.0091,.00768,.00242,-.0065,.00822,.000339,0
2020,2,8,.00574,-.00209,.00928,.00523,.00191,.00395,.00946,.008,.00247,-.00689,.00837,.000832,0
2020,2,9,.00601,-.00239,.0096,.00584,.00202,.00429,.00983,.0083,.00255,-.00712,.00852,.00121,0
2020,2,10,.00628,-.00277,.0099,.00651,.00212,.00464,.0101,.00856,.00262,-.0073,.00867,.00147,0
2020,2,11,.00662,-.00278,.0102,.00721,.00237,.00502,.0105,.00898,.00294,-.00659,.00883,.00163,0
2020,2,12,.00698,-.00278,.0105,.00793,.00265,.00541,.0109,.0094,.00327,-.00583,.009,.00169,0
2020,2,13,.00726,-.00308,.0108,.00867,.00282,.00573,.0111,.00982,.00349,-.00546,.0092,.00168,0
2020,2,14,.00753,-.0035,.011,.00944,.00295,.00604,.0113,.0102,.00368,-.00523,.00946,.00164,0
2020,2,15,.00788,-.00364,.0113,.0102,.00316,.00638,.0116,.0106,.00395,-.00486,.00978,.0016,0
2020,2,16,.00824,-.00378,.0117,.011,.00338,.0067,.0119,.0111,.00426,-.0045,.0102,.00159,0
2020,2,17,.00864,-.00382,.012,.0119,.00364,.00703,.0123,.0115,.00463,-.00406,.0106,.00164,0
2020,2,18,.009,-.00406,.0123,.0127,.00381,.00734,.0126,.0118,.00489,-.00417,.0111,.00178,0
2020,2,19,.00933,-.00446,.0127,.0135,.00394,.00761,.0129,.0121,.00513,-.00447,.0117,.00201,0
2020,2,20,.00972,-.00462,.0131,.0143,.00413,.00791,.0133,.0123,.00549,-.00446,.0122,.00236,0
2020,2,21,.0101,-.00474,.0135,.015,.00431,.00817,.0137,.0126,.00586,-.00448,.0128,.00283,0
2020,2,22,.0103,-.00526,.0138,.0157,.00437,.00834,.0138,.0129,.00613,-.00481,.0133,.00341,0
2020,2,23,.0106,-.00569,.0141,.0162,.00437,.00847,.014,.0131,.00638,-.00523,.0138,.0041,0
2020,2,24,.0108,-.00622,.0144,.0167,.00431,.00856,.0141,.0132,.00655,-.00586,.0142,.00487,0
2020,2,25,.0109,-.00678,.0147,.0172,.00419,.00861,.0142,.0133,.00668,-.00659,.0146,.00571,0
2020,2,26,.011,-.00726,.015,.0175,.0041,.00863,.0143,.0134,.00685,-.0071,.0149,.0066,0
2020,2,27,.0111,-.00792,.0152,.0177,.00391,.00859,.0142,.0135,.00686,-.0081,.0152,.00751,0
2020,2,28,.011,-.00865,.0154,.0179,.00367,.00852,.0141,.0136,.00675,-.00941,.0154,.00841,0
2020,2,29,.0111,-.00907,.0155,.0179,.00347,.00848,.0142,.0135,.00661,-.0107,.0156,.0093,0
2020,3,1,.011,-.00955,.0157,.0179,.00328,.00841,.0141,.0134,.00642,-.0121,.0157,.0101,0
2020,3,2,.0109,-.01,.0158,.0178,.0031,.00834,.0139,.0133,.00618,-.0135,.0158,.0109,0
2020,3,3,.0108,-.0105,.0158,.0176,.00294,.00827,.0138,.013,.0059,-.0149,.0158,.0115,0
2020,3,4,.0107,-.011,.0159,.0174,.00271,.00818,.0136,.0125,.00545,-.0167,.0158,.012,0
2020,3,5,.0104,-.0118,.0158,.0171,.00246,.00803,.0132,.0117,.00498,-.0183,.0157,.0123,0
2020,3,6,.0101,-.0126,.0157,.0167,.00221,.00787,.0129,.0108,.00448,-.0197,.0155,.0124,0
2020,3,7,.0096,-.0137,.0155,.0163,.00183,.00763,.0123,.00941,.0038,-.0214,.0153,.0123,0
2020,3,8,.00899,-.015,.0151,.0157,.00135,.00732,.0116,.0076,.00297,-.0232,.0148,.0118,0
2020,3,9,.00825,-.0161,.0146,.0149,.000783,.00696,.0108,.0052,.00199,-.0248,.0142,.0109,0
2020,3,10,.00724,-.0176,.0138,.0139,6.66e-06,.00644,.00972,.00205,.000739,-.0267,.0134,.00957,0
2020,3,11,.00595,-.0193,.0127,.0126,-.000984,.00576,.00841,-.00203,-.000785,-.0287,.0122,.00777,0
2020,3,12,.00431,-.0214,.0112,.011,-.00224,.00486,.00676,-.0072,-.00264,-.0309,.0107,.00544,0
2020,3,13,.00214,-.0241,.00916,.00897,-.00397,.00357,.00466,-.0137,-.00513,-.0338,.00863,.00243,0
2020,3,14,-.00059,-.0274,.00656,.00641,-.0062,.00188,.00212,-.0218,-.0083,-.0376,.006,-.00125,0
2020,3,15,-.00392,-.0313,.00333,.00336,-.00891,-.000235,-.000979,-.0315,-.0121,-.042,.00273,-.00556,0
2020,3,16,-.00794,-.0363,-.000581,-.000197,-.0122,-.00282,-.00474,-.0429,-.0165,-.047,-.00125,-.0105,0
2020,3,17,-.0126,-.042,-.00521,-.00425,-.016,-.00587,-.00913,-.0561,-.0217,-.0527,-.00599,-.016,0
2020,3,18,-.018,-.0486,-.0106,-.00879,-.0205,-.00938,-.0142,-.0712,-.0277,-.0592,-.0116,-.0221,0
2020,3,19,-.0242,-.0563,-.0168,-.0138,-.0256,-.0134,-.02,-.0881,-.0345,-.0668,-.0181,-.0287,0
2020,3,20,-.0311,-.065,-.0237,-.0192,-.0312,-.0177,-.0264,-.107,-.0421,-.075,-.0255,-.0357,0
2020,3,21,-.0387,-.075,-.0313,-.0249,-.0376,-.0225,-.0336,-.128,-.0507,-.0851,-.0338,-.0431,0
2020,3,22,-.0469,-.086,-.0397,-.0309,-.0446,-.0275,-.0414,-.15,-.0602,-.0962,-.043,-.0507,0
2020,3,23,-.0557,-.098,-.0487,-.0371,-.0522,-.0329,-.0498,-.174,-.0704,-.108,-.053,-.0585,0
2020,3,24,-.065,-.111,-.0582,-.0434,-.0602,-.0385,-.0587,-.199,-.0813,-.121,-.0638,-.0665,0
2020,3,25,-.0747,-.124,-.0682,-.0498,-.0688,-.0444,-.0682,-.225,-.0928,-.135,-.0752,-.0744,0
2020,3,26,-.0848,-.139,-.0785,-.0562,-.0777,-.0504,-.078,-.251,-.105,-.149,-.0873,-.0824,0
2020,3,27,-.0951,-.154,-.089,-.0626,-.087,-.0567,-.0882,-.277,-.117,-.164,-.0998,-.0901,0
2020,3,28,-.106,-.17,-.0997,-.0688,-.0966,-.063,-.0987,-.303,-.13,-.18,-.113,-.0977,0
2020,3,29,-.116,-.186,-.11,-.0749,-.106,-.0694,-.109,-.328,-.143,-.197,-.126,-.105,0
2020,3,30,-.127,-.202,-.121,-.0808,-.116,-.0758,-.12,-.352,-.156,-.213,-.139,-.112,0
2020,3,31,-.137,-.218,-.132,-.0864,-.126,-.0822,-.131,-.376,-.169,-.23,-.152,-.119,0
2020,4,1,-.147,-.234,-.142,-.0918,-.136,-.0884,-.141,-.397,-.182,-.246,-.165,-.125,0
2020,4,2,-.157,-.249,-.152,-.0969,-.145,-.0945,-.151,-.418,-.195,-.262,-.178,-.132,0
2020,4,3,-.166,-.264,-.161,-.102,-.154,-.1,-.161,-.437,-.207,-.278,-.19,-.137,0
2020,4,4,-.174,-.277,-.17,-.106,-.163,-.106,-.17,-.454,-.218,-.291,-.202,-.143,0
2020,4,5,-.182,-.29,-.179,-.11,-.171,-.111,-.179,-.469,-.228,-.304,-.213,-.148,0
2020,4,6,-.19,-.301,-.187,-.114,-.179,-.116,-.188,-.483,-.238,-.316,-.223,-.152,0
2020,4,7,-.197,-.312,-.194,-.118,-.186,-.12,-.196,-.495,-.247,-.328,-.232,-.156,0
2020,4,8,-.203,-.321,-.201,-.121,-.192,-.124,-.203,-.506,-.255,-.338,-.241,-.16,0
2020,4,9,-.209,-.33,-.207,-.123,-.198,-.128,-.209,-.515,-.263,-.348,-.248,-.163,0
2020,4,10,-.214,-.338,-.212,-.126,-.203,-.132,-.216,-.523,-.269,-.357,-.255,-.166,0
2020,4,11,-.218,-.344,-.217,-.128,-.208,-.134,-.221,-.529,-.275,-.364,-.261,-.169,0
2020,4,12,-.222,-.35,-.22,-.129,-.212,-.137,-.226,-.534,-.28,-.37,-.266,-.171,0
2020,4,13,-.225,-.355,-.224,-.13,-.215,-.139,-.23,-.538,-.284,-.375,-.27,-.172,0
2020,4,14,-.227,-.359,-.226,-.131,-.217,-.141,-.234,-.542,-.287,-.38,-.273,-.173,0
2020,4,15,-.229,-.363,-.228,-.131,-.219,-.142,-.237,-.544,-.29,-.384,-.276,-.174,0
2020,4,16,-.23,-.366,-.23,-.131,-.221,-.143,-.239,-.546,-.292,-.387,-.278,-.174,0
2020,4,17,-.231,-.369,-.231,-.131,-.222,-.144,-.241,-.547,-.293,-.39,-.279,-.174,0
2020,4,18,-.232,-.371,-.232,-.131,-.223,-.144,-.243,-.548,-.294,-.392,-.28,-.173,0
2020,4,19,-.233,-.372,-.233,-.13,-.223,-.144,-.244,-.548,-.295,-.393,-.281,-.173,0
2020,4,20,-.233,-.374,-.233,-.129,-.224,-.145,-.245,-.547,-.295,-.394,-.281,-.172,0
2020,4,21,-.233,-.374,-.233,-.128,-.224,-.145,-.246,-.546,-.295,-.395,-.281,-.171,0
2020,4,22,-.232,-.375,-.233,-.127,-.224,-.145,-.246,-.545,-.295,-.395,-.28,-.169,0
2020,4,23,-.232,-.375,-.232,-.126,-.223,-.145,-.246,-.544,-.294,-.395,-.28,-.168,0
2020,4,24,-.231,-.375,-.232,-.124,-.222,-.144,-.245,-.542,-.293,-.394,-.279,-.166,0
2020,4,25,-.23,-.374,-.231,-.123,-.222,-.144,-.245,-.539,-.291,-.393,-.277,-.163,0
2020,4,26,-.229,-.373,-.23,-.121,-.221,-.143,-.244,-.537,-.29,-.392,-.276,-.161,0
2020,4,27,-.228,-.372,-.229,-.119,-.219,-.143,-.243,-.534,-.288,-.39,-.274,-.158,0
2020,4,28,-.226,-.371,-.228,-.117,-.218,-.142,-.241,-.531,-.286,-.388,-.273,-.155,0
2020,4,29,-.225,-.37,-.226,-.115,-.216,-.141,-.24,-.528,-.283,-.386,-.271,-.151,0
2020,4,30,-.223,-.368,-.225,-.113,-.215,-.14,-.238,-.524,-.281,-.383,-.268,-.147,0
2020,5,1,-.221,-.367,-.223,-.111,-.213,-.14,-.236,-.52,-.278,-.38,-.266,-.143,0
2020,5,2,-.219,-.365,-.221,-.109,-.211,-.139,-.234,-.516,-.275,-.377,-.264,-.139,0
2020,5,3,-.217,-.362,-.219,-.106,-.208,-.137,-.232,-.512,-.272,-.374,-.261,-.135,0
2020,5,4,-.215,-.36,-.217,-.104,-.206,-.136,-.229,-.507,-.268,-.37,-.258,-.13,0
2020,5,5,-.212,-.358,-.214,-.101,-.203,-.135,-.226,-.502,-.264,-.367,-.254,-.125,0
2020,5,6,-.209,-.355,-.212,-.0983,-.2,-.133,-.223,-.497,-.261,-.363,-.251,-.12,0
2020,5,7,-.207,-.352,-.209,-.0954,-.197,-.132,-.22,-.492,-.256,-.359,-.247,-.115,0
2020,5,8,-.204,-.349,-.206,-.0924,-.194,-.13,-.216,-.487,-.252,-.354,-.243,-.11,0
2020,5,9,-.2,-.346,-.203,-.0893,-.191,-.128,-.212,-.481,-.248,-.35,-.239,-.105,0
2020,5,10,-.197,-.342,-.2,-.0861,-.188,-.126,-.209,-.475,-.243,-.346,-.234,-.1,0
2020,5,11,-.194,-.339,-.197,-.083,-.184,-.123,-.205,-.47,-.239,-.341,-.229,-.0954,0
2020,5,12,-.191,-.335,-.193,-.0798,-.181,-.121,-.201,-.464,-.234,-.337,-.225,-.0908,0
2020,5,13,-.187,-.332,-.19,-.0767,-.178,-.119,-.197,-.458,-.229,-.333,-.22,-.0865,0
2020,5,14,-.184,-.328,-.187,-.0737,-.175,-.116,-.193,-.452,-.225,-.329,-.215,-.0823,0
2020,5,15,-.181,-.324,-.183,-.0707,-.172,-.114,-.19,-.446,-.221,-.325,-.21,-.0784,0
2020,5,16,-.177,-.321,-.18,-.0678,-.168,-.111,-.186,-.44,-.216,-.321,-.205,-.0746,0
2020,5,17,-.174,-.317,-.176,-.0649,-.165,-.109,-.182,-.434,-.212,-.317,-.201,-.071,0
2020,5,18,-.171,-.313,-.173,-.0621,-.162,-.107,-.178,-.429,-.208,-.313,-.196,-.0675,0
2020,5,19,-.167,-.31,-.169,-.0594,-.159,-.104,-.175,-.423,-.204,-.309,-.192,-.0642,0
2020,5,20,-.164,-.306,-.166,-.0567,-.157,-.102,-.171,-.417,-.2,-.305,-.187,-.0609,0
2020,5,21,-.161,-.302,-.163,-.0541,-.154,-.0992,-.168,-.411,-.196,-.301,-.183,-.0577,0
2020,5,22,-.158,-.299,-.16,-.0516,-.151,-.0969,-.164,-.406,-.192,-.297,-.18,-.0545,0
2020,5,23,-.155,-.295,-.157,-.0491,-.148,-.0947,-.161,-.4,-.189,-.293,-.176,-.0513,0
2020,5,24,-.152,-.292,-.154,-.0467,-.146,-.0925,-.158,-.394,-.185,-.29,-.173,-.0481,0
2020,5,25,-.149,-.288,-.151,-.0444,-.143,-.0904,-.155,-.389,-.182,-.286,-.169,-.0449,0
2020,5,26,-.147,-.285,-.148,-.0422,-.141,-.0885,-.152,-.384,-.178,-.282,-.166,-.0417,0
2020,5,27,-.144,-.282,-.146,-.04,-.138,-.0866,-.149,-.379,-.175,-.279,-.163,-.0386,0
2020,5,28,-.142,-.279,-.143,-.0379,-.136,-.0848,-.146,-.374,-.172,-.276,-.16,-.0355,0
2020,5,29,-.139,-.276,-.141,-.036,-.134,-.0831,-.144,-.369,-.169,-.272,-.158,-.0325,0
2020,5,30,-.137,-.273,-.138,-.0342,-.131,-.0815,-.141,-.365,-.166,-.269,-.155,-.0297,0
2020,5,31,-.135,-.27,-.136,-.0326,-.129,-.08,-.139,-.36,-.164,-.266,-.152,-.0271,0
2020,6,1,-.133,-.268,-.134,-.0311,-.127,-.0787,-.136,-.356,-.161,-.263,-.15,-.0247,0
2020,6,2,-.131,-.265,-.132,-.0298,-.126,-.0775,-.134,-.352,-.158,-.259,-.147,-.0226,0
2020,6,3,-.129,-.263,-.13,-.0286,-.124,-.0763,-.132,-.348,-.156,-.256,-.145,-.0208,0
2020,6,4,-.127,-.26,-.128,-.0277,-.122,-.0753,-.13,-.343,-.153,-.253,-.142,-.0193,0
2020,6,5,-.125,-.258,-.126,-.027,-.121,-.0744,-.128,-.339,-.151,-.249,-.14,-.0183,0
2020,6,6,-.123,-.255,-.124,-.0265,-.119,-.0735,-.126,-.335,-.148,-.246,-.137,-.0175,0
2020,6,7,-.122,-.253,-.122,-.0261,-.118,-.0726,-.125,-.331,-.146,-.243,-.135,-.0172,0
2020,6,8,-.12,-.25,-.12,-.0259,-.116,-.0718,-.123,-.326,-.144,-.24,-.133,-.0173,0
2020,6,9,-.119,-.247,-.118,-.0258,-.115,-.071,-.122,-.322,-.142,-.237,-.13,-.0176,0
2020,6,10,-.117,-.245,-.116,-.0258,-.114,-.0703,-.121,-.317,-.14,-.234,-.128,-.0182,0
2020,6,11,-.116,-.242,-.114,-.0258,-.112,-.0695,-.12,-.313,-.138,-.231,-.126,-.019,0
2020,6,12,-.114,-.239,-.112,-.0258,-.111,-.0687,-.119,-.308,-.136,-.228,-.123,-.0199,0
2020,6,13,-.113,-.237,-.111,-.0259,-.11,-.068,-.118,-.304,-.134,-.226,-.121,-.021,0
2020,6,14,-.112,-.235,-.109,-.026,-.109,-.0673,-.117,-.299,-.132,-.223,-.118,-.0221,0
2020,6,15,-.11,-.232,-.107,-.0261,-.108,-.0667,-.116,-.295,-.131,-.221,-.116,-.0231,0
2020,6,16,-.109,-.23,-.106,-.0262,-.107,-.0661,-.115,-.291,-.129,-.219,-.114,-.0242,0
2020,6,17,-.108,-.228,-.104,-.0263,-.106,-.0655,-.115,-.287,-.127,-.217,-.112,-.0251,0
2020,6,18,-.107,-.226,-.103,-.0264,-.105,-.065,-.114,-.283,-.126,-.215,-.109,-.0259,0
2020,6,19,-.106,-.224,-.102,-.0265,-.104,-.0645,-.114,-.28,-.124,-.214,-.107,-.0265,0
2020,6,20,-.105,-.223,-.1,-.0265,-.103,-.0639,-.114,-.276,-.123,-.212,-.105,-.0269,0
2020,6,21,-.104,-.221,-.0993,-.0265,-.102,-.0634,-.113,-.273,-.122,-.211,-.104,-.0271,0
2020,6,22,-.103,-.22,-.0983,-.0264,-.101,-.063,-.113,-.27,-.121,-.21,-.102,-.0271,0
2020,6,23,-.102,-.218,-.0973,-.0263,-.101,-.0625,-.113,-.267,-.119,-.208,-.1,-.0269,0
2020,6,24,-.102,-.217,-.0965,-.0262,-.0999,-.0621,-.113,-.264,-.118,-.207,-.0989,-.0265,0
2020,6,25,-.101,-.216,-.0957,-.0261,-.0993,-.0617,-.113,-.261,-.117,-.206,-.0975,-.026,0
2020,6,26,-.1,-.215,-.095,-.0261,-.0988,-.0614,-.113,-.259,-.116,-.205,-.0962,-.0254,0
2020,6,27,-.0998,-.214,-.0944,-.026,-.0983,-.0611,-.113,-.256,-.115,-.204,-.095,-.0247,0
2020,6,28,-.0993,-.213,-.0938,-.0259,-.0979,-.0609,-.113,-.254,-.114,-.204,-.0939,-.0239,0
2020,6,29,-.0988,-.212,-.0933,-.0259,-.0975,-.0607,-.113,-.251,-.113,-.203,-.0928,-.023,0
2020,6,30,-.0984,-.211,-.0928,-.0259,-.0973,-.0606,-.114,-.249,-.112,-.203,-.0917,-.0222,0
2020,7,1,-.098,-.21,-.0924,-.0258,-.097,-.0605,-.114,-.246,-.111,-.202,-.0907,-.0213,0
2020,7,2,-.0976,-.209,-.092,-.0258,-.0967,-.0604,-.114,-.244,-.111,-.202,-.0897,-.0204,0
2020,7,3,-.0972,-.208,-.0917,-.0258,-.0965,-.0603,-.114,-.242,-.11,-.202,-.0887,-.0195,0
2020,7,4,-.0969,-.207,-.0913,-.0258,-.0963,-.0603,-.114,-.24,-.109,-.201,-.0877,-.0186,0
2020,7,5,-.0966,-.206,-.091,-.0259,-.0961,-.0603,-.114,-.238,-.108,-.201,-.0868,-.0177,0
2020,7,6,-.0963,-.206,-.0907,-.0259,-.0959,-.0603,-.115,-.236,-.108,-.201,-.0858,-.0168,0
2020,7,7,-.0961,-.205,-.0904,-.0259,-.0958,-.0603,-.115,-.234,-.107,-.201,-.0848,-.016,0
2020,7,8,-.0958,-.205,-.0901,-.0259,-.0956,-.0603,-.115,-.233,-.106,-.201,-.0838,-.0153,0
2020,7,9,-.0956,-.205,-.0898,-.0259,-.0954,-.0603,-.115,-.231,-.106,-.201,-.0828,-.0148,0
2020,7,10,-.0954,-.204,-.0896,-.026,-.0952,-.0604,-.115,-.23,-.105,-.2,-.0818,-.0145,0
2020,7,11,-.0953,-.204,-.0893,-.0261,-.0949,-.0605,-.116,-.229,-.104,-.2,-.0808,-.0145,0
2020,7,12,-.0951,-.204,-.089,-.0261,-.0947,-.0605,-.116,-.228,-.104,-.199,-.0798,-.0147,0
2020,7,13,-.0949,-.204,-.0887,-.0263,-.0945,-.0606,-.116,-.228,-.103,-.198,-.0788,-.0152,0
2020,7,14,-.0948,-.204,-.0884,-.0264,-.0942,-.0607,-.116,-.227,-.102,-.197,-.0778,-.0158,0
2020,7,15,-.0946,-.203,-.0881,-.0265,-.094,-.0608,-.116,-.227,-.102,-.197,-.0769,-.0166,0
2020,7,16,-.0945,-.203,-.0877,-.0266,-.0938,-.0608,-.115,-.226,-.101,-.196,-.0759,-.0174,0
2020,7,17,-.0943,-.203,-.0874,-.0267,-.0935,-.0609,-.115,-.226,-.101,-.195,-.075,-.0183,0
2020,7,18,-.0941,-.203,-.087,-.0268,-.0932,-.0609,-.115,-.226,-.1,-.194,-.0741,-.0191,0
2020,7,19,-.0939,-.203,-.0866,-.0269,-.0929,-.0608,-.115,-.225,-.0994,-.193,-.0732,-.0199,0
2020,7,20,-.0936,-.203,-.0861,-.0269,-.0927,-.0608,-.114,-.225,-.0988,-.193,-.0724,-.0205,0
2020,7,21,-.0934,-.202,-.0857,-.0269,-.0924,-.0607,-.114,-.225,-.0983,-.192,-.0716,-.021,0
2020,7,22,-.0931,-.202,-.0853,-.0269,-.0921,-.0606,-.114,-.225,-.0977,-.191,-.0708,-.0212,0
2020,7,23,-.0928,-.202,-.0848,-.0269,-.0917,-.0605,-.113,-.224,-.0971,-.19,-.0701,-.0213,0
2020,7,24,-.0924,-.201,-.0844,-.0269,-.0913,-.0604,-.113,-.224,-.0965,-.189,-.0694,-.0212,0
2020,7,25,-.0922,-.201,-.084,-.0268,-.0909,-.0604,-.112,-.224,-.0959,-.189,-.0688,-.0208,0
2020,7,26,-.0919,-.201,-.0836,-.0267,-.0905,-.0603,-.112,-.223,-.0952,-.188,-.0682,-.0202,0
2020,7,27,-.0916,-.201,-.0832,-.0266,-.0901,-.0603,-.111,-.223,-.0946,-.187,-.0677,-.0194,0
2020,7,28,-.0914,-.201,-.0828,-.0264,-.0896,-.0603,-.111,-.223,-.094,-.187,-.0672,-.0185,0
2020,7,29,-.0911,-.201,-.0824,-.0263,-.0892,-.0603,-.111,-.222,-.0934,-.186,-.0667,-.0173,0
2020,7,30,-.0909,-.201,-.082,-.026,-.0888,-.0603,-.11,-.222,-.0929,-.186,-.0663,-.0161,0
2020,7,31,-.0907,-.201,-.0816,-.0258,-.0884,-.0604,-.11,-.221,-.0923,-.185,-.066,-.0148,0
2020,8,1,-.0905,-.201,-.0812,-.0256,-.088,-.0604,-.11,-.221,-.0919,-.185,-.0656,-.0135,0
2020,8,2,-.0902,-.201,-.0808,-.0253,-.0876,-.0604,-.109,-.22,-.0914,-.185,-.0654,-.0121,0
2020,8,3,-.0899,-.201,-.0804,-.0251,-.0873,-.0604,-.109,-.22,-.091,-.185,-.0651,-.0108,0
2020,8,4,-.0897,-.202,-.0799,-.0248,-.087,-.0603,-.108,-.219,-.0907,-.185,-.0649,-.00959,0
2020,8,5,-.0894,-.202,-.0795,-.0245,-.0868,-.0603,-.108,-.219,-.0904,-.185,-.0647,-.00847,0
2020,8,6,-.0891,-.202,-.079,-.0241,-.0866,-.0602,-.107,-.218,-.0902,-.185,-.0645,-.0075,0
2020,8,7,-.0888,-.202,-.0786,-.0238,-.0864,-.0601,-.107,-.218,-.09,-.185,-.0644,-.00673,0
2020,8,8,-.0886,-.203,-.0781,-.0235,-.0862,-.06,-.106,-.217,-.0898,-.185,-.0642,-.00617,0
2020,8,9,-.0883,-.203,-.0777,-.0231,-.086,-.0599,-.106,-.217,-.0895,-.185,-.0641,-.00583,0
2020,8,10,-.088,-.203,-.0773,-.0228,-.0858,-.0598,-.105,-.216,-.0894,-.185,-.0639,-.00571,0
2020,8,11,-.0877,-.203,-.0769,-.0224,-.0857,-.0596,-.105,-.216,-.0892,-.184,-.0638,-.00578,0
2020,8,12,-.0874,-.203,-.0765,-.0221,-.0855,-.0594,-.104,-.215,-.0891,-.184,-.0636,-.00603,0
2020,8,13,-.0871,-.203,-.0761,-.0218,-.0854,-.0592,-.104,-.215,-.0889,-.184,-.0634,-.00641,0
2020,8,14,-.0868,-.203,-.0757,-.0215,-.0852,-.059,-.103,-.215,-.0888,-.183,-.0632,-.00688,0
2020,8,15,-.0864,-.202,-.0752,-.0212,-.085,-.0587,-.102,-.214,-.0886,-.183,-.0629,-.0074,0
2020,8,16,-.0861,-.203,-.0748,-.0209,-.0848,-.0585,-.102,-.214,-.0884,-.182,-.0626,-.00795,0
2020,8,17,-.0858,-.203,-.0743,-.0206,-.0846,-.0582,-.101,-.214,-.0882,-.182,-.0622,-.00847,0
2020,8,18,-.0855,-.203,-.0737,-.0203,-.0843,-.0579,-.1,-.213,-.088,-.182,-.0617,-.00895,0
2020,8,19,-.0852,-.203,-.0732,-.02,-.084,-.0576,-.0998,-.213,-.0878,-.182,-.0613,-.00934,0
2020,8,20,-.0849,-.204,-.0726,-.0197,-.0837,-.0573,-.0993,-.213,-.0876,-.182,-.0608,-.00961,0
2020,8,21,-.0846,-.204,-.0721,-.0193,-.0834,-.0569,-.0987,-.213,-.0873,-.182,-.0604,-.00976,0
2020,8,22,-.0843,-.204,-.0715,-.0189,-.083,-.0565,-.0981,-.213,-.0871,-.181,-.06,-.00975,0
2020,8,23,-.084,-.205,-.071,-.0185,-.0826,-.056,-.0975,-.213,-.0869,-.181,-.0597,-.00958,0
2020,8,24,-.0837,-.205,-.0705,-.018,-.0821,-.0555,-.0968,-.214,-.0866,-.181,-.0595,-.00924,0
2020,8,25,-.0834,-.205,-.07,-.0176,-.0817,-.0549,-.0961,-.214,-.0864,-.181,-.0593,-.00873,0
2020,8,26,-.0831,-.206,-.0696,-.017,-.0813,-.0543,-.0954,-.214,-.0863,-.181,-.0592,-.00804,0
2020,8,27,-.0829,-.206,-.0692,-.0165,-.0809,-.0535,-.0948,-.215,-.0861,-.181,-.0592,-.00717,0
2020,8,28,-.0826,-.207,-.0689,-.016,-.0804,-.0527,-.094,-.215,-.086,-.181,-.0591,-.00612,0
2020,8,29,-.0824,-.207,-.0686,-.0155,-.0799,-.0518,-.0933,-.216,-.0859,-.182,-.0592,-.00493,0
2020,8,30,-.0822,-.208,-.0683,-.0149,-.0794,-.0508,-.0925,-.217,-.0859,-.182,-.0592,-.00362,0
2020,8,31,-.0821,-.208,-.0681,-.0144,-.0789,-.0497,-.0918,-.218,-.0859,-.183,-.0592,-.00224,0
2020,9,1,-.0819,-.208,-.0679,-.0139,-.0782,-.0485,-.091,-.219,-.0857,-.183,-.0592,-.000829,0
2020,9,2,-.0817,-.209,-.0677,-.0134,-.0776,-.0473,-.0902,-.221,-.0856,-.184,-.0592,.000567,0
2020,9,3,-.0815,-.209,-.0675,-.0129,-.0769,-.046,-.0893,-.222,-.0854,-.184,-.0592,.0019,0
2020,9,4,-.0813,-.209,-.0673,-.0124,-.0763,-.0448,-.0885,-.223,-.0852,-.184,-.0592,.00312,0
2020,9,5,-.0811,-.209,-.0671,-.0119,-.0755,-.0436,-.0877,-.224,-.085,-.184,-.0591,.00421,0
2020,9,6,-.0808,-.209,-.0669,-.0115,-.0748,-.0424,-.0869,-.224,-.0847,-.184,-.0591,.00514,0
2020,9,7,-.0806,-.209,-.0667,-.011,-.0741,-.0414,-.0861,-.225,-.0844,-.184,-.0589,.0059,0
2020,9,8,-.0803,-.209,-.0664,-.0105,-.0734,-.0404,-.0853,-.226,-.0841,-.183,-.0588,.00649,0
2020,9,9,-.08,-.209,-.0661,-.0101,-.0727,-.0395,-.0846,-.226,-.0838,-.183,-.0585,.00689,0
2020,9,10,-.0797,-.209,-.0657,-.00963,-.072,-.0387,-.084,-.226,-.0834,-.182,-.0582,.0071,0
2020,9,11,-.0793,-.209,-.0652,-.00917,-.0712,-.0379,-.0833,-.227,-.0828,-.181,-.0577,.00711,0
2020,9,12,-.0789,-.209,-.0647,-.00872,-.0705,-.0371,-.0827,-.227,-.0823,-.18,-.0572,.00696,0
2020,9,13,-.0784,-.209,-.0641,-.00828,-.0697,-.0365,-.082,-.227,-.0817,-.179,-.0566,.00669,0
2020,9,14,-.0779,-.208,-.0634,-.00783,-.0689,-.0358,-.0814,-.226,-.0811,-.178,-.0558,.00634,0
2020,9,15,-.0774,-.208,-.0627,-.00739,-.0682,-.0353,-.0808,-.226,-.0804,-.177,-.0549,.00595,0
2020,9,16,-.0768,-.208,-.0619,-.00695,-.0674,-.0347,-.0801,-.226,-.0796,-.176,-.054,.00556,0
2020,9,17,-.0762,-.208,-.0611,-.00651,-.0666,-.0341,-.0794,-.225,-.0787,-.175,-.0529,.00523,0
2020,9,18,-.0756,-.207,-.0602,-.00606,-.0659,-.0336,-.0786,-.224,-.0779,-.174,-.0518,.00499,0
2020,9,19,-.0749,-.207,-.0594,-.00563,-.0651,-.033,-.0779,-.224,-.0769,-.173,-.0506,.00484,0
2020,9,20,-.0743,-.207,-.0585,-.00524,-.0645,-.0325,-.0772,-.223,-.076,-.171,-.0494,.00477,0
2020,9,21,-.0737,-.206,-.0577,-.0049,-.0638,-.0321,-.0765,-.222,-.075,-.17,-.0482,.00481,0
2020,9,22,-.0732,-.206,-.0569,-.00465,-.0633,-.0318,-.0759,-.221,-.074,-.169,-.047,.00498,0
2020,9,23,-.0727,-.205,-.0563,-.00449,-.0627,-.0314,-.0752,-.22,-.0729,-.168,-.0459,.00528,0
2020,9,24,-.0723,-.205,-.0557,-.00444,-.0623,-.0313,-.0748,-.22,-.072,-.166,-.0449,.00575,0
2020,9,25,-.0721,-.205,-.0553,-.00452,-.062,-.0314,-.0745,-.219,-.0711,-.165,-.044,.00641,0
2020,9,26,-.0719,-.204,-.055,-.0047,-.0619,-.0316,-.0743,-.218,-.0703,-.165,-.0432,.00729,0
2020,9,27,-.0719,-.204,-.0548,-.00496,-.0618,-.0319,-.0742,-.218,-.0695,-.164,-.0425,.00837,0
2020,9,28,-.0718,-.204,-.0547,-.00525,-.0617,-.0322,-.0741,-.217,-.0687,-.163,-.0419,.00964,0
2020,9,29,-.0718,-.204,-.0546,-.00556,-.0618,-.0326,-.0741,-.216,-.0681,-.163,-.0415,.0111,0
2020,9,30,-.0719,-.204,-.0546,-.00584,-.0619,-.0331,-.0742,-.216,-.0675,-.162,-.0411,.0126,0
2020,10,1,-.0719,-.204,-.0546,-.00606,-.062,-.0334,-.0742,-.215,-.0669,-.162,-.0408,.0143,0
2020,10,2,-.0719,-.203,-.0546,-.00619,-.062,-.0337,-.0741,-.215,-.0664,-.161,-.0405,.0159,0
2020,10,3,-.0718,-.203,-.0545,-.00623,-.062,-.0339,-.0741,-.214,-.0659,-.161,-.0403,.0176,0
2020,10,4,-.0718,-.203,-.0544,-.00615,-.062,-.0341,-.074,-.214,-.0655,-.161,-.0401,.0193,0
2020,10,5,-.0716,-.203,-.0543,-.00596,-.0619,-.0341,-.0738,-.214,-.0651,-.161,-.04,.0209,0
2020,10,6,-.0714,-.203,-.0541,-.00565,-.0617,-.034,-.0736,-.213,-.0645,-.16,-.0398,.0224,0
2020,10,7,-.0711,-.203,-.0538,-.00524,-.0615,-.0338,-.0733,-.213,-.064,-.16,-.0395,.0237,0
2020,10,8,-.0706,-.202,-.0534,-.00471,-.0611,-.0334,-.0728,-.212,-.0634,-.159,-.0391,.0249,0
2020,10,9,-.0702,-.202,-.053,-.0041,-.0607,-.0329,-.0724,-.212,-.0629,-.159,-.0386,.0258,0
2020,10,10,-.0697,-.202,-.0525,-.00344,-.0603,-.0324,-.0719,-.211,-.0623,-.159,-.0381,.0264,0
2020,10,11,-.0692,-.201,-.052,-.00277,-.0599,-.0318,-.0714,-.211,-.0618,-.158,-.0374,.0267,0
2020,10,12,-.0687,-.201,-.0514,-.00211,-.0594,-.0312,-.0709,-.21,-.0612,-.157,-.0366,.0267,0
2020,10,13,-.0682,-.201,-.0509,-.00149,-.0589,-.0306,-.0704,-.21,-.0606,-.157,-.0358,.0264,0
2020,10,14,-.0677,-.201,-.0504,-.000942,-.0584,-.0301,-.07,-.21,-.0601,-.156,-.035,.0259,0
2020,10,15,-.0674,-.201,-.0499,-.000484,-.058,-.0297,-.0697,-.21,-.0596,-.156,-.0341,.0253,0
2020,10,16,-.067,-.201,-.0495,-.000124,-.0576,-.0293,-.0693,-.209,-.0591,-.155,-.0332,.0246,0
2020,10,17,-.0667,-.2,-.049,.000153,-.0573,-.0291,-.069,-.209,-.0586,-.155,-.0323,.0239,0
2020,10,18,-.0664,-.2,-.0486,.000365,-.0569,-.0288,-.0688,-.209,-.0582,-.154,-.0315,.0232,0
2020,10,19,-.0662,-.2,-.0483,.000524,-.0566,-.0286,-.0685,-.209,-.0577,-.154,-.0306,.0226,0
2020,10,20,-.0659,-.2,-.0479,.000641,-.0562,-.0285,-.0682,-.209,-.0573,-.153,-.0298,.0221,0
2020,10,21,-.0657,-.2,-.0475,.000728,-.0558,-.0283,-.0678,-.209,-.0567,-.152,-.0291,.0217,0
2020,10,22,-.0654,-.2,-.0472,.000797,-.0554,-.0281,-.0675,-.209,-.0562,-.152,-.0284,.0214,0
2020,10,23,-.0651,-.199,-.0469,.000857,-.0551,-.0279,-.0671,-.209,-.0558,-.151,-.0279,.0212,0
2020,10,24,-.0649,-.199,-.0466,.000907,-.0548,-.0277,-.0668,-.209,-.0553,-.15,-.0274,.0212,0
2020,10,25,-.0647,-.198,-.0463,.000947,-.0545,-.0275,-.0665,-.209,-.0548,-.149,-.0271,.0213,0
2020,10,26,-.0645,-.198,-.0461,.000979,-.0542,-.0273,-.0662,-.209,-.0545,-.149,-.0269,.0214,0
2020,10,27,-.0644,-.198,-.0459,.00101,-.0541,-.0271,-.066,-.209,-.0542,-.148,-.0269,.0217,0
2020,10,28,-.0643,-.198,-.0458,.00104,-.054,-.0269,-.0659,-.209,-.0541,-.148,-.0269,.022,0
2020,10,29,-.0643,-.198,-.0457,.00107,-.054,-.0268,-.0658,-.209,-.054,-.148,-.027,.0223,0
2020,10,30,-.0642,-.198,-.0456,.00112,-.054,-.0267,-.0657,-.21,-.054,-.147,-.0271,.0227,0
2020,10,31,-.0642,-.198,-.0456,.00119,-.0539,-.0266,-.0655,-.21,-.054,-.147,-.0273,.0231,0
2020,11,1,-.0641,-.198,-.0456,.00128,-.0539,-.0265,-.0653,-.21,-.054,-.147,-.0275,.0236,0
2020,11,2,-.0641,-.198,-.0456,.0014,-.0538,-.0265,-.0651,-.211,-.054,-.147,-.0277,.024,0
2020,11,3,-.0641,-.198,-.0456,.00156,-.0538,-.0265,-.0648,-.211,-.0539,-.147,-.0279,.0245,0
2020,11,4,-.0641,-.199,-.0456,.00176,-.0539,-.0265,-.0646,-.211,-.0544,-.148,-.0281,.0249,0
2020,11,5,-.0639,-.198,-.0457,.00201,-.0532,-.0264,-.0641,-.212,-.0533,-.145,-.0282,.0253,0
2020,11,6,-.0639,-.198,-.0457,.00231,-.0531,-.0265,-.0639,-.212,-.0533,-.145,-.0283,.0258,0
2020,11,7,-.0639,-.198,-.0458,.00265,-.053,-.0266,-.0637,-.213,-.0533,-.145,-.0284,.0262,0
2020,11,8,-.0639,-.199,-.0458,.00302,-.0529,-.0266,-.0635,-.213,-.0532,-.145,-.0285,.0265,0
2020,11,9,-.0639,-.199,-.0459,.00342,-.0527,-.0267,-.0632,-.214,-.0531,-.145,-.0285,.0268,0
2020,11,10,-.0639,-.199,-.0461,.00383,-.0525,-.0268,-.0631,-.214,-.053,-.144,-.0285,.027,0
2020,11,11,-.0639,-.199,-.0463,.00422,-.0522,-.0269,-.0628,-.215,-.0525,-.143,-.0284,.0272,0
2020,11,12,-.0641,-.2,-.0465,.00459,-.0523,-.027,-.0629,-.216,-.0528,-.144,-.0283,.0272,0
2020,11,13,-.0642,-.201,-.0468,.00493,-.0522,-.0272,-.0628,-.217,-.0527,-.144,-.0282,.0272,0
2020,11,14,-.0643,-.201,-.0471,.00523,-.0521,-.0275,-.0627,-.218,-.0525,-.144,-.0281,.0272,0
2020,11,15,-.0646,-.202,-.0475,.0055,-.052,-.0277,-.0627,-.219,-.0524,-.144,-.0279,.0271,0
2020,11,16,-.0649,-.202,-.0479,.00573,-.052,-.0281,-.0628,-.22,-.0524,-.144,-.0276,.027,0
2020,11,17,-.0652,-.203,-.0483,.00594,-.052,-.0284,-.0629,-.222,-.0523,-.144,-.0274,.0269,0
2020,11,18,-.0655,-.204,-.0487,.00615,-.052,-.0288,-.063,-.223,-.0522,-.144,-.0271,.0269,0
2020,11,19,-.0663,-.207,-.0491,.00636,-.0533,-.0294,-.0635,-.225,-.0542,-.151,-.0267,.0269,0
2020,11,20,-.0666,-.208,-.0496,.00657,-.0532,-.0298,-.0636,-.226,-.0539,-.151,-.0264,.0269,0
2020,11,21,-.067,-.208,-.05,.00679,-.0532,-.0301,-.0638,-.228,-.0538,-.151,-.026,.027,0
2020,11,22,-.0673,-.209,-.0504,.00702,-.0531,-.0305,-.064,-.229,-.0536,-.152,-.0256,.0272,0
2020,11,23,-.0676,-.21,-.0509,.00726,-.0531,-.0308,-.064,-.231,-.0535,-.152,-.0252,.0275,0
2020,11,24,-.068,-.211,-.0513,.0075,-.053,-.0312,-.0643,-.233,-.0534,-.152,-.0248,.0278,0
2020,11,25,-.0684,-.212,-.0518,.00773,-.053,-.0316,-.0646,-.234,-.0532,-.153,-.0245,.0282,0
2020,11,26,-.0686,-.212,-.0523,.00794,-.0521,-.0319,-.0645,-.236,-.0516,-.148,-.0243,.0287,0
2020,11,27,-.069,-.213,-.0529,.00812,-.0522,-.0323,-.0648,-.238,-.0517,-.149,-.0241,.0293,0
2020,11,28,-.0695,-.214,-.0535,.00828,-.0523,-.0328,-.065,-.239,-.0518,-.15,-.024,.03,0
2020,11,29,-.07,-.215,-.0541,.00843,-.0523,-.0332,-.0652,-.241,-.0518,-.15,-.024,.0308,0
2020,11,30,-.0705,-.217,-.0547,.00859,-.0525,-.0337,-.0655,-.243,-.0519,-.151,-.024,.0315,0
2020,12,1,-.071,-.218,-.0554,.00878,-.0526,-.0341,-.0656,-.246,-.052,-.152,-.0241,.0323,0
2020,12,2,-.0715,-.218,-.056,.00901,-.0527,-.0345,-.0655,-.248,-.0521,-.152,-.0242,.0331,0
2020,12,3,-.0719,-.219,-.0567,.0093,-.0528,-.0348,-.0653,-.25,-.0521,-.153,-.0244,.0338,0
2020,12,4,-.0717,-.217,-.0574,.00967,-.0519,-.0348,-.0643,-.252,-.0508,-.148,-.0246,.0344,0
2020,12,5,-.0721,-.218,-.058,.0101,-.052,-.0351,-.0639,-.255,-.0508,-.148,-.0248,.035,0
2020,12,6,-.0724,-.219,-.0587,.0105,-.0521,-.0353,-.0635,-.257,-.0509,-.148,-.0251,.0353,0
2020,12,7,-.0728,-.22,-.0593,.011,-.0523,-.0355,-.0631,-.26,-.0511,-.148,-.0255,.0356,0
2020,12,8,-.0733,-.221,-.06,.0113,-.0526,-.0357,-.0628,-.262,-.0514,-.149,-.026,.0356,0
2020,12,9,-.0738,-.222,-.0607,.0116,-.0529,-.036,-.0627,-.265,-.0518,-.149,-.0265,.0355,0
2020,12,10,-.0744,-.223,-.0615,.0116,-.0534,-.0364,-.0628,-.267,-.0522,-.149,-.027,.0351,0
2020,12,11,-.0749,-.223,-.0623,.0115,-.0534,-.0366,-.0632,-.269,-.052,-.147,-.0276,.0345,0
2020,12,12,-.0758,-.225,-.0632,.0111,-.0541,-.0372,-.0639,-.271,-.0529,-.148,-.0283,.0337,0
2020,12,13,-.0768,-.226,-.0641,.0105,-.0549,-.0379,-.065,-.273,-.0538,-.15,-.029,.0327,0
2020,12,14,-.0779,-.228,-.065,.00963,-.0558,-.0386,-.0663,-.275,-.0549,-.151,-.0297,.0315,0
2020,12,15,-.0791,-.23,-.066,.00858,-.0568,-.0396,-.0679,-.277,-.0561,-.153,-.0304,.0303,0
2020,12,16,-.0804,-.232,-.0671,.00738,-.058,-.0406,-.0696,-.279,-.0574,-.156,-.0311,.029,0
2020,12,17,-.0818,-.235,-.0681,.00604,-.0592,-.0418,-.0714,-.281,-.0588,-.158,-.0317,.0276,0
2020,12,18,-.0844,-.243,-.0691,.0046,-.0631,-.0437,-.0747,-.283,-.0638,-.173,-.0324,.0262,0
2020,12,19,-.0858,-.245,-.0701,.00314,-.0644,-.0451,-.0765,-.285,-.0651,-.176,-.0329,.0249,0
2020,12,20,-.0872,-.247,-.071,.00171,-.0656,-.0464,-.0781,-.286,-.0664,-.179,-.0334,.0236,0
2020,12,21,-.0884,-.25,-.0719,.00034,-.0668,-.0478,-.0795,-.288,-.0675,-.181,-.0338,.0224,0
2020,12,22,-.0897,-.252,-.0726,-.000945,-.0679,-.0493,-.0807,-.289,-.0686,-.184,-.034,.0213,0
2020,12,23,-.0908,-.254,-.0734,-.00212,-.069,-.0506,-.0817,-.291,-.0696,-.186,-.0342,.0204,0
2020,12,24,-.0918,-.256,-.074,-.00317,-.07,-.052,-.0825,-.292,-.0705,-.189,-.0342,.0196,0
2020,12,25,-.093,-.259,-.0746,-.00408,-.0715,-.0534,-.0831,-.294,-.072,-.193,-.0341,.019,0
2020,12,26,-.0939,-.261,-.0751,-.00487,-.0723,-.0547,-.0836,-.296,-.0725,-.195,-.0339,.0186,0
2020,12,27,-.0947,-.263,-.0756,-.00558,-.073,-.056,-.0841,-.298,-.073,-.197,-.0336,.0182,0
2020,12,28,-.0956,-.265,-.0761,-.00623,-.0738,-.0573,-.0846,-.299,-.0735,-.199,-.0333,.018,0
2020,12,29,-.0965,-.267,-.0766,-.00687,-.0745,-.0586,-.0851,-.301,-.0739,-.201,-.0329,.0178,0
2020,12,30,-.0974,-.269,-.0771,-.00751,-.0752,-.0598,-.0858,-.303,-.0744,-.203,-.0326,.0177,0
2020,12,31,-.0983,-.271,-.0776,-.00817,-.0759,-.0611,-.0866,-.305,-.0748,-.205,-.0323,.0176,0
2021,1,1,-.0986,-.27,-.0781,-.0089,-.0751,-.062,-.0868,-.306,-.0731,-.2,-.032,.0175,0
2021,1,2,-.0995,-.273,-.0786,-.00968,-.0759,-.0632,-.0878,-.307,-.0737,-.202,-.0318,.0174,0
2021,1,3,-.1,-.275,-.0791,-.0105,-.0767,-.0643,-.0889,-.309,-.0744,-.205,-.0317,.0174,0
2021,1,4,-.101,-.277,-.0796,-.0114,-.0775,-.0654,-.09,-.31,-.0751,-.207,-.0316,.0173,0
2021,1,5,-.102,-.279,-.08,-.0123,-.0783,-.0665,-.0912,-.311,-.0758,-.21,-.0316,.0172,0
2021,1,6,-.103,-.28,-.0803,-.0131,-.079,-.0674,-.0923,-.311,-.0765,-.212,-.0315,.017,0
2021,1,7,-.104,-.282,-.0806,-.0139,-.0796,-.0681,-.0932,-.312,-.0772,-.214,-.0314,.0167,0
2021,1,8,-.104,-.283,-.0806,-.0147,-.08,-.0687,-.094,-.312,-.0777,-.216,-.0313,.0163,0
2021,1,9,-.105,-.284,-.0806,-.0153,-.0805,-.0693,-.0947,-.312,-.0782,-.218,-.0312,.0158,0
2021,1,10,-.105,-.285,-.0803,-.0158,-.0808,-.0696,-.0952,-.312,-.0787,-.219,-.031,.0151,0
2021,1,11,-.105,-.286,-.08,-.0162,-.081,-.0698,-.0955,-.312,-.079,-.22,-.0307,.0143,0
2021,1,12,-.105,-.286,-.0795,-.0165,-.0811,-.0698,-.0956,-.312,-.0792,-.221,-.0304,.0133,0
2021,1,13,-.105,-.286,-.0789,-.0167,-.081,-.0697,-.0956,-.311,-.0793,-.221,-.03,.0122,0
2021,1,14,-.104,-.286,-.0783,-.0168,-.081,-.0695,-.0956,-.311,-.0794,-.221,-.0296,.0109,0
2021,1,15,-.104,-.287,-.0776,-.017,-.081,-.0693,-.0955,-.31,-.0795,-.222,-.0291,.00956,0
2021,1,16,-.104,-.287,-.0769,-.017,-.0808,-.069,-.0953,-.309,-.0795,-.222,-.0286,.00812,0
2021,1,17,-.103,-.287,-.0763,-.0171,-.0806,-.0688,-.095,-.309,-.0795,-.222,-.0281,.00662,0
2021,1,18,-.103,-.287,-.0757,-.0172,-.0805,-.0685,-.0947,-.308,-.0795,-.222,-.0276,.00508,0
2021,1,19,-.103,-.287,-.0752,-.0173,-.0803,-.0682,-.0944,-.307,-.0796,-.222,-.0272,.00351,0
2021,1,20,-.103,-.287,-.0747,-.0174,-.0802,-.0678,-.094,-.307,-.0797,-.222,-.0269,.00193,0
2021,1,21,-.103,-.287,-.0743,-.0176,-.0801,-.0675,-.0935,-.307,-.0798,-.221,-.0267,.000341,0
2021,1,22,-.102,-.287,-.074,-.0177,-.08,-.067,-.093,-.306,-.0801,-.221,-.0268,-.00123,0
2021,1,23,-.102,-.287,-.0738,-.0178,-.0801,-.0666,-.0926,-.306,-.0807,-.222,-.0271,-.00277,0
2021,1,24,-.103,-.288,-.0736,-.018,-.0802,-.0661,-.0922,-.306,-.0813,-.222,-.0276,-.00427,0
2021,1,25,-.103,-.288,-.0736,-.0181,-.0803,-.0655,-.0919,-.306,-.0821,-.223,-.0283,-.00574,0
2021,1,26,-.103,-.289,-.0737,-.0183,-.0806,-.0649,-.0916,-.306,-.0831,-.224,-.0291,-.00717,0
2021,1,27,-.103,-.29,-.074,-.0186,-.0808,-.0642,-.0914,-.306,-.084,-.224,-.03,-.00859,0
2021,1,28,-.104,-.291,-.0744,-.0188,-.0812,-.0636,-.0915,-.306,-.0851,-.225,-.031,-.00998,0
2021,1,29,-.105,-.293,-.0749,-.0191,-.0815,-.0628,-.0916,-.307,-.0861,-.227,-.0319,-.0114,0
2021,1,30,-.105,-.294,-.0756,-.0195,-.0818,-.062,-.0917,-.308,-.087,-.227,-.0327,-.0128,0
2021,1,31,-.106,-.296,-.0765,-.0199,-.082,-.061,-.0919,-.309,-.0878,-.228,-.0333,-.0141,0
2021,2,1,-.107,-.297,-.0775,-.0203,-.0823,-.0601,-.0922,-.31,-.0885,-.229,-.0339,-.0155,0
2021,2,2,-.108,-.298,-.0785,-.0207,-.0826,-.0591,-.0926,-.311,-.0892,-.229,-.0343,-.0169,0
2021,2,3,-.109,-.299,-.0795,-.0212,-.0828,-.0581,-.0929,-.312,-.0897,-.23,-.0347,-.0182,0
2021,2,4,-.11,-.3,-.0805,-.0216,-.0829,-.0571,-.0932,-.313,-.0902,-.23,-.0349,-.0194,0
2021,2,5,-.11,-.301,-.0813,-.0219,-.0831,-.0562,-.0935,-.314,-.0905,-.23,-.0351,-.0206,0
2021,2,6,-.111,-.302,-.0821,-.0222,-.0832,-.0553,-.0939,-.315,-.0909,-.23,-.0353,-.0217,0
2021,2,7,-.111,-.303,-.0826,-.0223,-.0833,-.0546,-.0942,-.315,-.0912,-.23,-.0354,-.0227,0
2021,2,8,-.112,-.303,-.0829,-.0223,-.0833,-.0539,-.0945,-.315,-.0914,-.231,-.0354,-.0236,0
2021,2,9,-.112,-.303,-.0831,-.0223,-.0831,-.0532,-.0947,-.314,-.0915,-.23,-.0354,-.0245,0
2021,2,10,-.112,-.304,-.083,-.0221,-.083,-.0527,-.0948,-.313,-.0915,-.23,-.0353,-.0252,0
2021,2,11,-.112,-.304,-.0829,-.0217,-.0828,-.0521,-.0948,-.312,-.0914,-.23,-.0351,-.0259,0
2021,2,12,-.111,-.304,-.0826,-.0212,-.0826,-.0516,-.0948,-.31,-.0913,-.23,-.0347,-.0265,0
2021,2,13,-.111,-.304,-.0823,-.0211,.,.,.,.,.,.,.,.,1
2021,2,14,-.111,-.304,-.082,-.0208,.,.,.,.,.,.,.,.,1
2021,2,15,-.11,-.303,-.0813,-.0204,.,.,.,.,.,.,.,.,1
2021,2,16,-.11,-.302,-.0807,-.02,.,.,.,.,.,.,.,.,1
2021,2,17,-.109,-.301,-.0801,-.0194,.,.,.,.,.,.,.,.,1
2021,2,18,-.108,-.301,-.0795,-.0188,.,.,.,.,.,.,.,.,1
2021,2,19,-.108,-.3,-.0789,-.0181,.,.,.,.,.,.,.,.,1
2021,2,20,-.107,-.3,-.0785,-.0174,.,.,.,.,.,.,.,.,1
2021,2,21,-.107,-.299,-.078,-.0166,.,.,.,.,.,.,.,.,1
2021,2,22,-.107,-.299,-.0777,-.0158,.,.,.,.,.,.,.,.,1
2021,2,23,-.106,-.299,-.0774,-.0151,.,.,.,.,.,.,.,.,1
2021,2,24,-.106,-.298,-.0772,-.0143,.,.,.,.,.,.,.,.,1
2021,2,25,-.106,-.298,-.0771,-.0137,.,.,.,.,.,.,.,.,1
2021,2,26,-.106,-.298,-.077,-.0131,.,.,.,.,.,.,.,.,1
2021,2,27,-.106,-.298,-.077,-.0125,.,.,.,.,.,.,.,.,1
2021,2,28,-.106,-.298,-.0769,-.0119,.,.,.,.,.,.,.,.,1
2021,3,1,-.106,-.299,-.0768,-.0112,.,.,.,.,.,.,.,.,1
2021,3,2,-.105,-.299,-.0764,-.0104,.,.,.,.,.,.,.,.,1
2021,3,3,-.105,-.299,-.0757,-.00935,.,.,.,.,.,.,.,.,1
2021,3,4,-.104,-.299,-.0746,-.00814,.,.,.,.,.,.,.,.,1
2021,3,5,-.103,-.299,-.0733,-.00676,.,.,.,.,.,.,.,.,1
2021,3,6,-.101,-.299,-.0717,-.00522,.,.,.,.,.,.,.,.,1
2021,3,7,-.0999,-.298,-.0699,-.00365,.,.,.,.,.,.,.,.,1
2021,3,8,-.0986,-.299,-.0685,-.00234,.,.,.,.,.,.,.,.,1
2021,3,9,-.0976,-.299,-.0672,-.00123,.,.,.,.,.,.,.,.,1
2021,3,10,-.0967,-.299,-.0661,-.000411,.,.,.,.,.,.,.,.,1
2021,3,11,-.096,-.299,-.0652,.000106,.,.,.,.,.,.,.,.,1
2021,3,12,-.0956,-.299,-.0645,.000317,.,.,.,.,.,.,.,.,1
