year,month,day_endofweek,emp,emp_incq1,emp_incq2,emp_incq3,emp_incq4,emp_incmiddle,emp_incbelowmed,emp_incabovemed,emp_subset_unweighted_q1,emp_subset_unweighted_q2,emp_subset_unweighted_q3,emp_subset_unweighted_q4,emp_subset_reweighted_q1,emp_subset_reweighted_q2,emp_subset_reweighted_q3,emp_retail,emp_s72,emp_retail_inclow,emp_retail_incmiddle,emp_retail_inchigh,emp_ss40,emp_ss60,emp_ss65,emp_ss70
2020,1,17,.00102,.00168,-.000104,.00302,-.00054,.00137,.00051,.00153,.00151,-.000201,.00299,-.00061,.000881,-.000915,.00286,.000224,.000354,.00179,.000701,-.00479,.000688,.00171,.000839,.000568
2020,1,24,.000432,-.00146,.00215,.00159,-.0023,.00188,.000909,-.0000411,-.00137,.0021,.00158,-.00226,-.00634,.00182,.00143,-.000726,.00223,-.00363,.00239,-.00988,-.0000132,-.000564,.00123,.00207
2020,1,31,-.000136,-.0038,.00307,-.000409,-.00177,.00143,.000713,-.000978,-.00353,.00308,-.000382,-.00165,-.00984,.00422,-.000621,-.0016,.00147,-.00853,.00151,-.00347,-.000962,-.00142,.0031,.00176
2020,2,7,.000335,-.00709,.00352,.000527,.00114,.00211,-.000118,.000785,-.00671,.00362,.000602,.00133,-.0119,.00536,.000401,-.00254,.00121,-.013,.000824,.000704,-.00118,.000116,.00571,.00219
2020,2,14,.00122,-.00991,.00148,.00429,.00561,.00281,-.00243,.00484,-.00943,.00168,.00435,.00582,-.0144,.00232,.00394,-.00199,.00255,-.0111,.00157,-.00205,-.00123,.00184,.00693,.00384
2020,2,21,.00254,-.0139,-.000927,.0101,.0109,.00427,-.00539,.0104,-.0134,-.000612,.0102,.0111,-.019,-.00238,.00927,.000599,.00438,-.014,.00574,.00317,-.000701,.00244,.0077,.00571
2020,2,28,.00231,-.0187,-.00179,.012,.0123,.00471,-.00757,.0121,-.018,-.00134,.0122,.0126,-.0248,-.00477,.0112,.000264,.00321,-.0241,.00726,.0117,-.002,.00242,.00725,.00494
2020,3,6,-.000647,-.0221,-.0038,.0096,.00747,.00252,-.0101,.00871,-.0213,-.00326,.00977,.00784,-.0288,-.00614,.00968,-.00418,-.00683,-.0319,.00389,.00839,-.00514,.00124,.00371,-.00347
2020,3,13,-.0173,-.0436,-.0185,-.00641,-.00892,-.0128,-.0271,-.00746,-.0429,-.0182,-.00641,-.00864,-.047,-.0181,-.00294,-.0221,-.0643,-.0508,-.0123,-.0156,-.0188,-.00919,-.0126,-.056
2020,3,20,-.0684,-.116,-.0714,-.0521,-.0474,-.0623,-.0867,-.0502,-.116,-.0714,-.0525,-.0473,-.104,-.0618,-.0413,-.0767,-.22,-.12,-.0626,-.0645,-.0614,-.0403,-.0613,-.204
2020,3,27,-.146,-.229,-.161,-.116,-.095,-.14,-.184,-.107,-.228,-.162,-.116,-.0951,-.189,-.138,-.097,-.168,-.424,-.238,-.151,-.122,-.132,-.0868,-.141,-.401
2020,4,3,-.214,-.327,-.244,-.171,-.133,-.21,-.273,-.155,-.326,-.245,-.172,-.133,-.266,-.212,-.148,-.257,-.554,-.348,-.24,-.17,-.202,-.131,-.218,-.529
2020,4,10,-.25,-.379,-.29,-.2,-.151,-.248,-.321,-.179,-.378,-.291,-.201,-.151,-.31,-.257,-.176,-.304,-.598,-.408,-.288,-.195,-.241,-.156,-.265,-.577
2020,4,17,-.256,-.393,-.301,-.204,-.147,-.255,-.333,-.18,-.392,-.302,-.205,-.147,-.321,-.27,-.181,-.313,-.599,-.424,-.296,-.189,-.248,-.16,-.28,-.581
2020,4,24,-.248,-.39,-.296,-.195,-.132,-.248,-.328,-.169,-.389,-.297,-.196,-.132,-.32,-.268,-.174,-.301,-.58,-.417,-.285,-.165,-.241,-.155,-.275,-.565
2020,5,1,-.231,-.374,-.28,-.179,-.111,-.233,-.312,-.151,-.374,-.281,-.181,-.111,-.31,-.256,-.161,-.276,-.547,-.394,-.262,-.127,-.223,-.146,-.255,-.534
2020,5,8,-.208,-.352,-.258,-.157,-.0843,-.21,-.29,-.127,-.352,-.259,-.158,-.0842,-.295,-.237,-.141,-.243,-.505,-.364,-.23,-.0829,-.198,-.13,-.227,-.494
2020,5,15,-.185,-.328,-.234,-.135,-.0627,-.187,-.266,-.105,-.327,-.235,-.136,-.0625,-.278,-.215,-.12,-.212,-.464,-.331,-.199,-.0554,-.175,-.113,-.199,-.455
2020,5,22,-.165,-.3,-.211,-.119,-.0468,-.167,-.241,-.0886,-.3,-.212,-.12,-.0466,-.254,-.193,-.106,-.188,-.427,-.299,-.178,-.0342,-.157,-.0983,-.175,-.419
2020,5,29,-.148,-.276,-.191,-.108,-.0343,-.152,-.22,-.0772,-.276,-.192,-.109,-.0341,-.231,-.174,-.096,-.169,-.395,-.272,-.163,-.0139,-.142,-.0877,-.156,-.388
2020,6,5,-.136,-.259,-.175,-.0979,-.0309,-.138,-.204,-.0699,-.259,-.175,-.0989,-.0306,-.215,-.159,-.0873,-.153,-.366,-.25,-.146,-.00852,-.132,-.0815,-.141,-.36
2020,6,12,-.127,-.24,-.159,-.0898,-.0347,-.126,-.187,-.0667,-.24,-.16,-.0907,-.0343,-.2,-.144,-.0804,-.14,-.337,-.228,-.132,-.0196,-.123,-.0768,-.134,-.332
2020,6,19,-.12,-.226,-.147,-.0885,-.0375,-.119,-.174,-.0672,-.225,-.147,-.0894,-.037,-.187,-.13,-.0795,-.131,-.311,-.213,-.122,-.023,-.117,-.0738,-.131,-.308
2020,6,26,-.117,-.214,-.14,-.0901,-.0396,-.116,-.165,-.0689,-.213,-.14,-.0909,-.0391,-.175,-.123,-.0806,-.126,-.293,-.202,-.119,-.0216,-.115,-.0724,-.131,-.289
2020,7,3,-.115,-.207,-.136,-.0913,-.0417,-.115,-.16,-.0705,-.206,-.136,-.0922,-.0412,-.168,-.121,-.0814,-.123,-.279,-.198,-.115,-.0207,-.115,-.0731,-.131,-.275
2020,7,10,-.114,-.204,-.133,-.0918,-.0441,-.113,-.157,-.0719,-.203,-.133,-.0927,-.0436,-.166,-.119,-.0818,-.119,-.271,-.194,-.11,-.0261,-.114,-.074,-.131,-.267
2020,7,17,-.113,-.201,-.131,-.0899,-.047,-.111,-.155,-.0719,-.2,-.131,-.0908,-.0465,-.163,-.116,-.0806,-.115,-.269,-.187,-.103,-.0391,-.112,-.0741,-.129,-.266
2020,7,24,-.112,-.198,-.126,-.0901,-.0484,-.109,-.151,-.0727,-.197,-.126,-.091,-.048,-.161,-.11,-.0816,-.11,-.266,-.182,-.0983,-.038,-.109,-.0735,-.127,-.263
2020,7,31,-.11,-.197,-.122,-.0903,-.0472,-.107,-.148,-.0723,-.196,-.122,-.0912,-.0467,-.16,-.105,-.0829,-.108,-.261,-.181,-.0977,-.0256,-.107,-.0733,-.124,-.259
2020,8,7,-.107,-.198,-.119,-.0878,-.0437,-.104,-.146,-.0693,-.197,-.119,-.0887,-.0433,-.162,-.102,-.0816,-.107,-.254,-.183,-.0969,-.0186,-.106,-.0724,-.119,-.253
2020,8,14,-.105,-.198,-.116,-.085,-.0422,-.101,-.144,-.0671,-.198,-.116,-.0859,-.0418,-.165,-.1,-.0798,-.106,-.249,-.182,-.0941,-.0254,-.104,-.0716,-.115,-.249
2020,8,21,-.103,-.199,-.113,-.0814,-.0404,-.0982,-.143,-.0642,-.198,-.113,-.0823,-.0401,-.167,-.0987,-.0766,-.104,-.248,-.182,-.0901,-.027,-.102,-.069,-.111,-.248
2020,8,28,-.101,-.198,-.112,-.0791,-.0362,-.0963,-.141,-.0612,-.198,-.112,-.0802,-.036,-.169,-.0978,-.0747,-.103,-.25,-.184,-.0897,-.0186,-.1,-.0642,-.107,-.25
2020,9,4,-.0995,-.199,-.11,-.0785,-.0318,-.0952,-.14,-.059,-.199,-.11,-.0797,-.0317,-.172,-.0968,-.0741,-.103,-.254,-.188,-.0896,-.00971,-.0985,-.0583,-.103,-.254
2020,9,11,-.0974,-.198,-.108,-.0763,-.0286,-.0928,-.139,-.0563,-.199,-.108,-.0774,-.0286,-.175,-.0959,-.0719,-.101,-.255,-.187,-.0871,-.00915,-.0958,-.0541,-.0984,-.254
2020,9,18,-.0937,-.197,-.103,-.0709,-.0266,-.088,-.135,-.0524,-.198,-.104,-.0721,-.0268,-.176,-.0927,-.0669,-.0955,-.251,-.184,-.0794,-.0118,-.0912,-.0505,-.0936,-.25
2020,9,25,-.092,-.195,-.101,-.067,-.0281,-.0852,-.134,-.0508,-.196,-.102,-.0683,-.0282,-.176,-.0906,-.0637,-.0915,-.248,-.18,-.0747,-.0106,-.0891,-.0499,-.0917,-.246
2020,10,2,-.0918,-.195,-.101,-.0669,-.0285,-.0848,-.133,-.0508,-.196,-.102,-.0683,-.0286,-.178,-.09,-.0641,-.0915,-.246,-.183,-.0748,-.00366,-.0899,-.0503,-.0906,-.244
2020,10,9,-.0897,-.195,-.0982,-.0651,-.0252,-.0826,-.131,-.0484,-.196,-.099,-.0665,-.0253,-.18,-.0878,-.0622,-.0909,-.245,-.185,-.0737,-.000721,-.089,-.0472,-.0878,-.243
2020,10,16,-.088,-.195,-.0961,-.0624,-.0238,-.0802,-.13,-.0463,-.196,-.097,-.0638,-.0238,-.181,-.0868,-.0592,-.0881,-.245,-.184,-.0683,-.00668,-.0867,-.0456,-.0859,-.242
2020,10,23,-.0876,-.197,-.0945,-.0617,-.0242,-.079,-.129,-.046,-.198,-.0954,-.0631,-.0243,-.183,-.0857,-.0583,-.0867,-.246,-.187,-.0648,-.00798,-.0856,-.0454,-.0844,-.243
2020,10,30,-.0883,-.198,-.0942,-.063,-.0246,-.0795,-.13,-.0469,-.2,-.0951,-.0644,-.0247,-.186,-.0856,-.0593,-.0881,-.249,-.189,-.0666,-.00552,-.0866,-.0449,-.0834,-.246
2020,11,6,-.0894,-.2,-.0958,-.0651,-.0228,-.0813,-.132,-.0474,-.202,-.0967,-.0665,-.0229,-.189,-.0876,-.0611,-.0896,-.253,-.191,-.0689,-.00285,-.0873,-.0461,-.0823,-.25
2020,11,13,-.0911,-.205,-.099,-.0671,-.0197,-.0839,-.135,-.0473,-.206,-.0999,-.0685,-.0199,-.193,-.0915,-.0633,-.0902,-.26,-.192,-.0694,-.0033,-.0874,-.0479,-.0825,-.258
2020,11,20,-.0946,-.207,-.102,-.0717,-.0232,-.0877,-.138,-.0514,-.209,-.103,-.073,-.0235,-.193,-.0942,-.0677,-.0926,-.274,-.196,-.0706,-.0083,-.0894,-.0489,-.0857,-.27
2020,11,27,-.099,-.209,-.105,-.0773,-.0301,-.0921,-.141,-.0576,-.21,-.106,-.0786,-.0304,-.189,-.0963,-.0723,-.0966,-.291,-.198,-.0739,-.0186,-.0917,-.0484,-.09,-.285
2020,12,4,-.103,-.214,-.107,-.0818,-.0346,-.0953,-.144,-.062,-.215,-.109,-.0833,-.0349,-.191,-.0986,-.0759,-.1,-.307,-.203,-.0755,-.0288,-.0937,-.0479,-.0917,-.301
2020,12,11,-.107,-.223,-.108,-.0915,-.0329,-.1,-.148,-.067,-.224,-.11,-.0933,-.0335,-.195,-.0994,-.0859,-.105,-.323,-.212,-.0804,-.0238,-.0953,-.0488,-.0961,-.316
2020,12,18,-.107,-.223,-.11,-.0924,-.0275,-.101,-.149,-.0652,-.225,-.111,-.0942,-.0281,-.193,-.098,-.0863,-.108,-.333,-.219,-.0861,-.011,-.0944,-.0433,-.0941,-.325
2020,12,25,-.0951,-.21,-.105,-.076,-.0136,-.0911,-.141,-.0499,-.211,-.106,-.0778,-.0142,-.182,-.091,-.0698,-.1,-.332,-.216,-.0783,.00409,-.0849,-.0247,-.0758,-.32
2021,1,1,-.087,-.191,-.103,-.0643,-.00863,-.0849,-.133,-.041,-.193,-.105,-.0659,-.00906,-.171,-.0852,-.0575,-.0942,-.322,-.198,-.0746,.00175,-.0778,-.00627,-.0682,-.31
2021,1,8,-.0887,-.185,-.105,-.0683,-.0128,-.0879,-.133,-.0451,-.187,-.107,-.0701,-.0134,-.169,-.0847,-.0623,-.093,-.326,-.185,-.0769,-.00279,-.0761,-.00323,-.0761,-.313
2021,1,15,-.0899,-.184,-.104,-.0691,-.0201,-.0874,-.131,-.0486,-.187,-.106,-.0713,-.0209,-.168,-.0865,-.0641,-.0915,-.33,-.179,-.074,-.0144,-.0745,-.00679,-.0753,-.318
2021,1,22,-.0877,-.181,-.101,-.0648,-.0233,-.0838,-.128,-.0474,-.183,-.103,-.0671,-.0243,-.165,-.0843,-.0602,-.0885,-.323,-.174,-.0695,-.0225,-.0721,-.0057,-.0733,-.311
2021,1,29,-.0855,-.179,-.0971,-.0633,-.0217,-.0812,-.125,-.0459,-.182,-.0992,-.0655,-.0226,-.163,-.0817,-.0588,-.0873,-.314,-.174,-.0694,-.0146,-.0713,-.00396,-.0716,-.303
2021,2,5,-.0841,-.18,-.0968,-.0602,-.0195,-.0796,-.125,-.0432,-.182,-.0988,-.0625,-.0204,-.164,-.0827,-.0564,-.0894,-.304,-.179,-.0717,-.00941,-.0722,-.00261,-.0707,-.293
2021,2,12,-.0816,-.178,-.0944,-.0582,-.0152,-.0773,-.123,-.0402,-.181,-.0964,-.0605,-.0161,-.164,-.0806,-.0555,-.089,-.293,-.179,-.0702,-.014,-.0712,.000266,-.0693,-.283
2021,2,19,-.0781,-.176,-.0905,-.0565,-.00957,-.0745,-.12,-.0368,-.178,-.0924,-.0589,-.0106,-.159,-.0762,-.0542,-.0844,-.284,-.174,-.0647,-.0139,-.0685,.00432,-.0659,-.275
2021,2,26,-.0759,-.174,-.0901,-.0529,-.00614,-.0726,-.119,-.0334,-.177,-.0918,-.0557,-.00708,-.157,-.0756,-.0511,-.0826,-.278,-.174,-.0641,-.00422,-.0674,.00579,-.0643,-.269
2021,3,5,-.0735,-.173,-.0886,-.0473,-.00542,-.0691,-.117,-.0298,-.176,-.0903,-.0503,-.00633,-.158,-.0746,-.0469,-.0824,-.269,-.178,-.0634,.00282,-.0662,.00644,-.0644,-.259
2021,3,12,-.0717,-.171,-.0854,-.0449,-.00705,-.0663,-.115,-.0291,-.174,-.0871,-.0479,-.00787,-.158,-.0717,-.0448,-.0817,-.261,-.177,-.0615,-.00395,-.0658,.00729,-.0656,-.25
2021,3,19,-.0711,-.168,-.0807,-.0472,-.0105,-.0649,-.111,-.0318,-.171,-.0824,-.0501,-.0113,-.155,-.0655,-.0471,-.0792,-.255,-.172,-.0585,-.00763,-.0652,.0078,-.0691,-.244
2021,3,26,-.0722,-.167,-.0782,-.0522,-.0131,-.0659,-.109,-.0359,-.17,-.08,-.0552,-.0139,-.153,-.0614,-.0526,-.0774,-.249,-.172,-.0577,.000865,-.0659,.00681,-.0743,-.238
2021,4,2,-.0712,-.17,-.0769,-.0516,-.00918,-.065,-.109,-.0339,-.173,-.0787,-.0547,-.00995,-.154,-.0593,-.0528,-.0763,-.242,-.178,-.0571,.0186,-.0663,.00866,-.0745,-.231
2021,4,9,-.0659,-.169,-.0708,-.0452,-.00273,-.0587,-.105,-.0274,-.173,-.0726,-.0483,-.00356,-.153,-.0527,-.0468,-.0726,-.235,-.178,-.0527,.0249,-.0624,.0152,-.0724,-.223
2021,4,16,-.0619,-.165,-.0661,-.0399,-.00221,-.0537,-.0999,-.0242,-.168,-.0678,-.0431,-.00303,-.149,-.0474,-.0422,-.0671,-.225,-.172,-.0453,.0208,-.0579,.0189,-.0717,-.214
2021,4,23,-.0589,-.154,-.0634,-.0378,-.00366,-.0513,-.0945,-.0235,-.158,-.0653,-.0409,-.00443,-.139,-.0429,-.0402,-.0648,-.218,-.162,-.0451,.0183,-.0559,.0217,-.0706,-.207
2021,4,30,-.0567,-.145,-.0627,-.0369,-.00275,-.0505,-.0909,-.0226,-.149,-.0646,-.04,-.00351,-.13,-.0417,-.0393,-.0644,-.212,-.152,-.0493,.0241,-.0552,.0237,-.0693,-.201
2021,5,7,-.0529,-.143,-.0594,-.0335,.00356,-.0472,-.0881,-.018,-.146,-.0614,-.0367,.00275,-.127,-.0395,-.0361,-.0617,-.203,-.149,-.0486,.0353,-.0527,.0272,-.0665,-.192
2021,5,14,-.0488,-.139,-.0538,-.0298,.00646,-.0425,-.0832,-.0146,-.143,-.0559,-.033,.00561,-.123,-.0344,-.0327,-.0579,-.195,-.144,-.0439,.0323,-.049,.0306,-.064,-.183
2021,5,21,-.0453,-.133,-.0449,-.0302,.00403,-.0379,-.075,-.0159,-.136,-.047,-.0334,.00315,-.115,-.0246,-.0333,-.0526,-.185,-.137,-.0377,.0311,-.0454,.0331,-.0641,-.173
2021,5,28,-.0424,-.127,-.035,-.0343,.00332,-.0346,-.0665,-.0185,-.131,-.0371,-.0374,.00247,-.107,-.0133,-.0371,-.0493,-.175,-.132,-.0364,.0395,-.0437,.0363,-.0645,-.162
2021,6,4,-.0397,-.126,-.0277,-.0364,.00716,-.0318,-.0613,-.0182,-.129,-.0298,-.0396,.00632,-.103,-.0058,-.0393,-.0491,-.165,-.134,-.0367,.0457,-.043,.0399,-.0654,-.151
2021,6,11,-.0362,-.123,-.0223,-.0336,.00928,-.0276,-.0568,-.0157,-.127,-.0244,-.0368,.00842,-.0972,-.000357,-.037,-.0485,-.153,-.134,-.0335,.0359,-.0404,.0456,-.0664,-.138
2021,6,18,-.0323,-.118,-.0165,-.0299,.00901,-.0228,-.0512,-.0136,-.121,-.0187,-.0333,.00807,-.0911,.00646,-.0338,-.0432,-.141,-.131,-.0247,.0283,-.035,.0512,-.0676,-.125
2021,6,25,-.0311,-.115,-.0113,-.0329,.00852,-.0215,-.0467,-.0156,-.118,-.0135,-.0363,.00748,-.0865,.0127,-.0364,-.0396,-.132,-.128,-.0204,.0314,-.0324,.0519,-.0723,-.116
2021,7,2,-.0325,-.118,-.0129,-.0361,.0112,-.0238,-.0489,-.0163,-.122,-.0152,-.0396,.01,-.0892,.0106,-.0397,-.0419,-.129,-.135,-.0236,.0415,-.0341,.05,-.0767,-.112
2021,7,9,-.0331,-.123,-.0137,-.037,.015,-.0247,-.0511,-.0153,-.127,-.016,-.0407,.0137,-.0946,.00885,-.0411,-.0443,-.128,-.145,-.0256,.0498,-.0362,.0484,-.0786,-.109
2021,7,16,-.0319,-.126,-.0103,-.0347,.0149,-.0218,-.0499,-.014,-.13,-.0126,-.0385,.0137,-.0985,.0106,-.0397,-.0428,-.122,-.147,-.02,.0395,-.0349,.0486,-.0799,-.105
2021,7,23,-.0309,-.128,-.00831,-.0309,.013,-.0189,-.0494,-.0125,-.132,-.0106,-.0348,.0116,-.101,.011,-.0368,-.0405,-.117,-.147,-.0149,.0323,-.0331,.0501,-.0799,-.0999
2021,7,30,-.0318,-.132,-.00958,-.0297,.0125,-.0191,-.0516,-.012,-.136,-.0119,-.0336,.011,-.107,.00856,-.036,-.0422,-.117,-.152,-.0167,.037,-.034,.0505,-.0803,-.1
2021,8,6,-.0342,-.139,-.0125,-.0303,.0122,-.0209,-.056,-.0125,-.143,-.0149,-.0342,.0107,-.115,.00487,-.0369,-.0473,-.12,-.166,-.0207,.0426,-.037,.0494,-.0812,-.103
2021,8,13,-.0377,-.149,-.0161,-.0311,.00968,-.0232,-.0616,-.0141,-.153,-.0185,-.0351,.00821,-.125,-.000269,-.038,-.0515,-.125,-.174,-.0223,.0339,-.0407,.0458,-.084,-.11
2021,8,20,-.0419,-.159,-.0214,-.0314,.00692,-.0261,-.0687,-.0154,-.164,-.0238,-.0353,.00545,-.138,-.00772,-.0386,-.0543,-.134,-.182,-.0221,.0262,-.0438,.0405,-.0874,-.12
2021,8,27,-.0457,-.171,-.028,-.0305,.00756,-.0292,-.0772,-.0146,-.176,-.0304,-.0344,.00603,-.151,-.0161,-.0377,-.0606,-.144,-.197,-.0272,.0301,-.0482,.0363,-.0882,-.131
2021,9,3,-.0467,-.182,-.0324,-.027,.0135,-.0299,-.0836,-.0101,-.186,-.0348,-.0309,.012,-.161,-.022,-.034,-.0661,-.151,-.214,-.0319,.0425,-.0508,.0351,-.0832,-.138
2021,9,10,-.0449,-.187,-.0317,-.0224,.019,-.0273,-.0851,-.00508,-.192,-.0341,-.026,.0173,-.167,-.0228,-.0293,-.065,-.15,-.22,-.0292,.047,-.0494,.0354,-.078,-.138
2021,9,17,-.0419,-.187,-.0276,-.017,.0191,-.0226,-.0823,-.00189,-.192,-.0301,-.0207,.0175,-.17,-.0199,-.0241,-.0604,-.147,-.213,-.023,.042,-.0454,.0379,-.0749,-.135
2021,9,24,-.0403,-.182,-.0242,-.0145,.014,-.0196,-.0783,-.00258,-.187,-.0267,-.0183,.0125,-.166,-.0159,-.0211,-.0582,-.146,-.203,-.0212,.0318,-.0438,.0396,-.0727,-.135
2021,10,1,-.0398,-.18,-.0196,-.0177,.0117,-.0187,-.0746,-.0054,-.185,-.0222,-.0213,.00998,-.162,-.0102,-.0235,-.0606,-.145,-.205,-.0239,.0303,-.0448,.0408,-.0711,-.134
2021,10,8,-.0372,-.181,-.0166,-.0164,.019,-.0165,-.0731,-.00159,-.186,-.0192,-.02,.0173,-.162,-.00766,-.0229,-.0608,-.144,-.213,-.0234,.0401,-.0437,.0448,-.0672,-.132
2021,10,15,-.0357,-.183,-.0135,-.0147,.0202,-.0141,-.0716,-.000073,-.188,-.0161,-.0183,.0185,-.162,-.00504,-.0212,-.0583,-.144,-.212,-.0187,.0352,-.0414,.0463,-.0649,-.132
2021,10,22,-.0358,-.183,-.0121,-.0123,.0144,-.0122,-.0708,-.00113,-.188,-.0146,-.016,.0127,-.161,-.0033,-.0179,-.0566,-.146,-.208,-.0158,.0275,-.0402,.0458,-.0641,-.134
2021,10,29,-.0375,-.185,-.0134,-.0135,.0116,-.0135,-.0722,-.00304,-.19,-.0159,-.0172,.00986,-.162,-.00399,-.0182,-.0578,-.151,-.211,-.0179,.0331,-.0412,.0443,-.0636,-.139
2021,11,5,-.0388,-.188,-.0157,-.0148,.0133,-.0153,-.0748,-.00304,-.193,-.0182,-.0184,.0115,-.167,-.00695,-.0196,-.0589,-.153,-.215,-.0197,.04,-.0419,.0424,-.0633,-.141
2021,11,12,-.0394,-.191,-.0182,-.0166,.0197,-.0175,-.0776,-.00141,-.196,-.0208,-.0202,.0179,-.171,-.0107,-.0225,-.0587,-.152,-.216,-.0195,.0425,-.0421,.0405,-.0639,-.14
2021,11,19,-.0419,-.194,-.0207,-.0222,.0214,-.0214,-.0802,-.00394,-.199,-.0233,-.0258,.0197,-.172,-.0133,-.0289,-.0615,-.156,-.219,-.0231,.0435,-.0443,.0387,-.0682,-.144
2021,11,26,-.0439,-.194,-.0206,-.0272,.0188,-.0237,-.0801,-.00797,-.199,-.0231,-.0308,.0171,-.17,-.0121,-.034,-.0658,-.163,-.221,-.0282,.0386,-.0463,.0409,-.0722,-.15
2021,12,3,-.0468,-.197,-.0235,-.0296,.0147,-.0264,-.0829,-.0111,-.202,-.0261,-.0333,.0129,-.17,-.0151,-.0365,-.0708,-.17,-.226,-.0324,.0302,-.0489,.0417,-.0778,-.156
2021,12,10,-.0528,-.206,-.0284,-.0374,.0126,-.0326,-.0894,-.0165,-.211,-.0312,-.0411,.0106,-.181,-.0202,-.0451,-.0749,-.176,-.236,-.036,.0341,-.0518,.0362,-.0918,-.161
2021,12,17,-.057,-.216,-.0323,-.0405,.0106,-.0362,-.0951,-.0191,-.221,-.0357,-.0446,.00846,-.188,-.0273,-.0486,-.0743,-.187,-.235,-.0353,.0348,-.0495,.031,-.0989,-.17
2021,12,24,-.0552,-.22,-.0295,-.0369,.0134,-.033,-.0948,-.0159,-.225,-.0338,-.0418,.0111,-.187,-.0305,-.0456,-.0671,-.202,-.223,-.0281,.0326,-.0438,.0309,-.0865,-.182
2021,12,31,-.0494,-.206,-.0272,-.0297,.0165,-.0284,-.0887,-.0103,-.212,-.0313,-.0346,.0144,-.181,-.0257,-.038,-.0654,-.193,-.212,-.0298,.0333,-.0422,.0424,-.0772,-.176
2022,1,7,-.0476,-.192,-.0331,-.0267,.,-.0301,-.0877,.,-.198,-.0363,-.0312,.,-.179,-.0253,-.0337,-.0713,-.184,-.213,-.0401,.,-.0465,.0512,-.0788,-.169
2022,1,14,-.0453,-.186,-.0315,-.0203,.,-.0262,-.0844,.,-.191,-.0346,-.0247,.,-.177,-.0235,-.0261,-.0723,-.181,-.216,-.039,.,-.047,.0542,-.0739,-.166
2022,1,21,-.0417,-.181,-.0241,-.00908,.,-.017,-.0779,.,-.186,-.0274,-.0134,.,-.172,-.0152,-.0132,-.0681,-.178,-.211,-.0295,.,-.0433,.0586,-.0688,-.163
2022,1,28,-.0402,-.18,-.0191,-.00273,.,-.0114,-.0743,.,-.185,-.0225,-.00681,.,-.171,-.00897,-.00541,-.0666,-.178,-.209,-.0261,.,-.042,.0613,-.0664,-.162
2022,2,4,-.0398,-.183,-.0184,.000242,.,-.00959,-.0748,.,-.188,-.0218,-.0039,.,-.175,-.00795,-.00259,-.0675,-.176,-.214,-.0259,.,-.0427,.0624,-.065,-.16
2022,2,11,-.0371,-.181,-.0156,.00377,.,-.00644,-.0723,.,-.186,-.019,-.000447,.,-.173,-.00455,.000505,-.0647,-.17,-.212,-.0217,.,-.0399,.0652,-.0617,-.154
2022,2,18,-.034,-.171,-.0119,.0042,.,-.00431,-.0665,.,-.176,-.0154,-.0000792,.,-.164,.00169,.000797,-.0605,-.165,-.199,-.0192,.,-.0363,.0679,-.0595,-.149
2022,2,25,-.0356,-.164,-.0116,-.00294,.,-.0075,-.0639,.,-.17,-.0151,-.0072,.,-.158,.00415,-.00601,-.0626,-.165,-.193,-.0258,.,-.0386,.0658,-.0627,-.148
2022,3,4,-.0375,-.167,-.0134,-.00429,.,-.00911,-.0661,.,-.172,-.0169,-.0086,.,-.162,.00172,-.00784,-.0661,-.163,-.2,-.03,.,-.0418,.0625,-.0651,-.146
2022,3,11,-.0363,-.167,-.0118,-.000293,.,-.00637,-.0651,.,-.173,-.0153,-.00453,.,-.164,.00182,-.00387,-.065,-.159,-.202,-.026,.,-.041,.0627,-.0651,-.14
2022,3,18,-.0342,-.165,-.00921,.00446,.,-.00276,-.0626,.,-.17,-.0128,.00021,.,-.162,.0044,.00091,-.0606,-.155,-.195,-.0199,.,-.0375,.065,-.0654,-.136
2022,3,25,-.0334,-.161,-.00861,.00478,.,-.0023,-.0609,.,-.167,-.0123,.000434,.,-.158,.00612,.0015,-.059,-.154,-.189,-.0202,.,-.0373,.0672,-.0668,-.136
2022,4,1,-.0337,-.159,-.00903,.00271,.,-.00349,-.0603,.,-.164,-.0128,-.00167,.,-.157,.00568,-.000569,-.0597,-.152,-.187,-.0239,.,-.0391,.0686,-.0691,-.135
2022,4,8,-.0341,-.162,-.00963,.00256,.,-.00388,-.0617,.,-.167,-.0134,-.00187,.,-.16,.00392,-.00134,-.0597,-.15,-.189,-.0253,.,-.0399,.0704,-.0716,-.133
2022,4,15,-.0339,-.159,-.00888,.00221,.,-.00365,-.0603,.,-.165,-.0127,-.00226,.,-.156,.00482,-.00201,-.0588,-.15,-.184,-.0238,.,-.0397,.0721,-.0735,-.132
2022,4,22,-.0302,-.143,-.00333,.00242,.,-.000615,-.0511,.,-.149,-.0071,-.00207,.,-.138,.0134,-.00121,-.0557,-.149,-.17,-.022,.,-.0352,.0755,-.0719,-.13
2022,4,29,-.0273,-.129,.00151,.00105,.,.00129,-.0431,.,-.135,-.0022,-.00345,.,-.123,.0206,-.00174,-.0535,-.145,-.158,-.024,.,-.0333,.0788,-.0695,-.125
2022,5,6,-.025,-.126,.00407,.00328,.,.0037,-.0407,.,-.132,.000454,-.00128,.,-.122,.0222,-.000065,-.053,-.139,-.157,-.0244,.,-.0323,.081,-.0681,-.119
2022,5,13,-.0243,-.122,.00496,.00436,.,.00468,-.0385,.,-.128,.0014,-.000216,.,-.117,.0226,.000955,-.0535,-.136,-.151,-.0253,.,-.0323,.0817,-.0693,-.115
2022,5,20,-.0266,-.107,.0015,-.0000823,.,.000754,-.0359,.,-.113,-.00199,-.0046,.,-.101,.0216,-.00226,-.0544,-.135,-.139,-.0292,.,-.0329,.0783,-.0771,-.114
2022,5,27,-.0272,-.0913,.00346,-.00852,.,-.00219,-.029,.,-.0969,-.0000136,-.013,.,-.0814,.0268,-.00905,-.0546,-.132,-.124,-.0349,.,-.0333,.0778,-.0819,-.111
2022,6,3,-.0226,-.0881,.0135,-.011,.,.00198,-.0213,.,-.0939,.0101,-.0155,.,-.0748,.0373,-.011,-.0513,-.127,-.123,-.0327,.,-.0312,.0846,-.0772,-.103
2022,6,10,-.0184,-.0868,.0194,-.00691,.,.00702,-.017,.,-.0926,.016,-.0117,.,-.0718,.0441,-.00718,-.0485,-.12,-.122,-.0278,.,-.0289,.0898,-.0735,-.0946
2022,6,17,-.0177,-.0849,.0193,-.00232,.,.0091,-.0164,.,-.0906,.0159,-.00723,.,-.0691,.0456,-.0024,-.0475,-.117,-.121,-.0238,.,-.0277,.091,-.0753,-.0905
2022,6,24,-.0212,-.0873,.0158,-.00677,.,.00515,-.0196,.,-.093,.0123,-.0117,.,-.0697,.0422,-.00658,-.0494,-.118,-.121,-.0262,.,-.0301,.088,-.0828,-.0914
2022,7,1,-.0258,-.0928,.0115,-.0148,.,-.000912,-.0243,.,-.0984,.00792,-.0198,.,-.0738,.037,-.015,-.0527,-.122,-.126,-.0313,.,-.0345,.0834,-.0911,-.0936
2022,7,8,-.0282,-.0984,.00971,-.0202,.,-.00437,-.0274,.,-.104,.00606,-.0252,.,-.0779,.0344,-.0207,-.0555,-.125,-.134,-.0342,.,-.0377,.0801,-.0948,-.0958
2022,7,15,-.0291,-.104,.00852,-.0197,.,-.0048,-.03,.,-.11,.00492,-.0248,.,-.0842,.0319,-.021,-.0564,-.125,-.139,-.0327,.,-.0387,.0783,-.0965,-.0964
2022,7,22,-.0287,-.104,.00687,-.0143,.,-.00313,-.031,.,-.109,.00326,-.0194,.,-.0866,.0292,-.0164,-.0551,-.123,-.138,-.0302,.,-.0384,.0789,-.097,-.0941
2022,7,29,-.0289,-.102,.00527,-.0109,.,-.00236,-.0316,.,-.108,.00158,-.016,.,-.0849,.0276,-.0125,-.0572,-.123,-.137,-.0333,.,-.0398,.0794,-.0976,-.0943
2022,8,5,-.0305,-.104,.00201,-.00818,.,-.00279,-.0343,.,-.11,-.00168,-.0134,.,-.0868,.0239,-.00915,-.0617,-.124,-.141,-.0372,.,-.0427,.0775,-.0977,-.0964
2022,8,12,-.034,-.108,-.00406,-.00769,.,-.00577,-.0397,.,-.114,-.00774,-.0129,.,-.0934,.016,-.00887,-.0675,-.13,-.148,-.0414,.,-.0469,.0727,-.0985,-.103
2022,8,19,-.0386,-.114,-.0109,-.00914,.,-.0101,-.0461,.,-.12,-.0145,-.0143,.,-.101,.00738,-.0107,-.0717,-.138,-.152,-.0447,.,-.0509,.0662,-.1,-.113
2022,8,26,-.0424,-.121,-.016,-.0119,.,-.0141,-.0519,.,-.127,-.0195,-.017,.,-.111,.00116,-.0135,-.0755,-.145,-.158,-.0496,.,-.0547,.0602,-.101,-.122
2022,9,2,-.0442,-.129,-.0196,-.0124,.,-.0162,-.0572,.,-.136,-.0232,-.0175,.,-.12,-.00387,-.0141,-.0789,-.15,-.169,-.0534,.,-.0571,.0577,-.0986,-.129
2022,9,9,-.0441,-.136,-.0205,-.0118,.,-.0164,-.06,.,-.142,-.0241,-.0169,.,-.128,-.00604,-.0133,-.0816,-.154,-.176,-.0565,.,-.0573,.0593,-.0959,-.134
2022,9,16,-.0426,-.137,-.0189,-.00831,.,-.0139,-.0595,.,-.144,-.0225,-.0134,.,-.132,-.00467,-.00985,-.0798,-.156,-.173,-.0536,.,-.0547,.0616,-.0928,-.135
2022,9,23,-.0417,-.13,-.0197,-.00453,.,-.0125,-.0577,.,-.137,-.0233,-.00955,.,-.128,-.00432,-.00547,-.0768,-.158,-.162,-.0507,.,-.0531,.0627,-.0904,-.137
2022,9,30,-.0435,-.127,-.0231,-.00726,.,-.0156,-.0587,.,-.133,-.0266,-.0123,.,-.125,-.0074,-.00777,-.0787,-.163,-.158,-.0553,.,-.0546,.06,-.0896,-.141
2022,10,7,-.0445,-.129,-.0266,-.0083,.,-.018,-.0617,.,-.135,-.0301,-.0133,.,-.127,-.0127,-.00951,-.0806,-.167,-.16,-.0583,.,-.055,.058,-.0868,-.146
2022,10,14,-.0442,-.131,-.0279,-.00678,.,-.0179,-.0632,.,-.137,-.0315,-.0119,.,-.127,-.0142,-.00853,-.0815,-.171,-.161,-.0575,.,-.0539,.0603,-.0826,-.149
2022,10,21,-.0451,-.133,-.0304,-.00659,.,-.0192,-.0654,.,-.139,-.034,-.0117,.,-.125,-.016,-.00859,-.0826,-.177,-.164,-.0567,.,-.0535,.0607,-.0811,-.154
2022,10,28,-.0475,-.135,-.0344,-.0098,.,-.0228,-.069,.,-.142,-.0381,-.0149,.,-.129,-.0209,-.0122,-.0848,-.18,-.163,-.0606,.,-.0557,.0577,-.0823,-.158
2022,11,4,-.0503,-.147,-.0335,-.0144,.,-.0245,-.0724,.,-.154,-.0371,-.0194,.,-.141,-.0209,-.0172,-.0867,-.183,-.172,-.0603,.,-.0575,.054,-.0841,-.162
2022,11,11,-.0525,-.156,-.0332,-.0182,.,-.0261,-.0753,.,-.163,-.0369,-.0232,.,-.15,-.0218,-.0215,-.088,-.187,-.18,-.0599,.,-.0587,.0508,-.0852,-.165
2022,11,18,-.055,-.155,-.0384,-.0217,.,-.0305,-.0785,.,-.162,-.0423,-.0266,.,-.149,-.0265,-.0252,-.0894,-.19,-.174,-.065,.,-.0597,.0482,-.089,-.169
2022,11,25,-.0582,-.156,-.0394,-.0265,.,-.0334,-.0794,.,-.163,-.0433,-.0316,.,-.147,-.0255,-.0295,-.0915,-.197,-.175,-.0674,.,-.0612,.0478,-.0958,-.175
2022,12,2,-.059,-.148,-.0427,-.0248,.,-.0343,-.0788,.,-.155,-.0466,-.0299,.,-.138,-.0277,-.0274,-.0938,-.202,-.172,-.0699,.,-.0628,.0515,-.0957,-.18
2022,12,9,-.061,-.139,-.05,-.0274,.,-.0393,-.0805,.,-.145,-.0539,-.0325,.,-.128,-.0344,-.0306,-.0968,-.205,-.17,-.076,.,-.0651,.0511,-.0972,-.183
2022,12,16,-.0632,-.137,-.0532,-.0328,.,-.0436,-.082,.,-.143,-.0573,-.0379,.,-.125,-.0383,-.0364,-.0971,-.21,-.17,-.0786,.,-.0639,.0473,-.0999,-.189
2022,12,23,-.0575,-.141,-.0381,-.0307,.,-.0346,-.0734,.,-.147,-.0427,-.0358,.,-.128,-.0247,-.034,-.0915,-.213,-.175,-.0693,.,-.0583,.0546,-.0894,-.19
2022,12,30,-.0552,-.141,-.0297,-.0326,.,-.0311,-.0678,.,-.146,-.035,-.0379,.,-.133,-.0163,-.0358,-.0897,-.21,-.17,-.0672,.,-.0562,.0574,-.0868,-.186
2023,1,6,-.0545,-.137,-.0345,-.0296,.,-.0322,-.0697,.,-.143,-.0402,-.0351,.,-.137,-.0222,-.0336,-.0908,-.203,-.166,-.0708,.,-.0548,.0579,-.0911,-.181
2023,1,13,-.0497,-.128,-.0328,-.0205,.,-.027,-.0653,.,-.134,-.0383,-.0261,.,-.132,-.0202,-.0247,-.0905,-.196,-.164,-.069,.,-.0535,.0651,-.0851,-.175
2023,1,20,-.0469,-.119,-.0307,-.0143,.,-.023,-.0609,.,-.125,-.0361,-.0199,.,-.126,-.0168,-.0178,-.0898,-.194,-.158,-.0668,.,-.0523,.069,-.0801,-.173
2023,1,27,-.0449,-.111,-.0296,-.0117,.,-.0212,-.0577,.,-.117,-.035,-.0174,.,-.121,-.014,-.0144,-.0877,-.195,-.15,-.0676,.,-.051,.0726,-.0782,-.172
2023,2,3,-.0431,-.112,-.0284,-.00848,.,-.019,-.0569,.,-.118,-.0338,-.0143,.,-.122,-.0129,-.011,-.087,-.194,-.157,-.066,.,-.0511,.0751,-.0746,-.171
2023,2,10,-.0407,-.111,-.0269,-.00627,.,-.0172,-.0556,.,-.116,-.0323,-.0122,.,-.122,-.012,-.00917,-.0859,-.193,-.162,-.0632,.,-.0508,.0774,-.0696,-.169
2023,2,17,-.0389,-.108,-.0265,-.00565,.,-.0167,-.0544,.,-.114,-.0319,-.0116,.,-.118,-.0111,-.00954,-.0829,-.19,-.154,-.0618,.,-.0487,.0788,-.0674,-.166
2023,2,24,-.0405,-.107,-.0292,-.0091,.,-.0197,-.056,.,-.113,-.0347,-.0151,.,-.117,-.0135,-.0137,-.0845,-.191,-.149,-.0669,.,-.0497,.0778,-.0705,-.168
2023,3,3,-.0421,-.109,-.0326,-.00889,.,-.0214,-.0588,.,-.115,-.0381,-.0149,.,-.12,-.0173,-.0141,-.0882,-.193,-.156,-.0707,.,-.052,.0764,-.0733,-.168
2023,3,10,-.0429,-.111,-.0333,-.00756,.,-.0212,-.0599,.,-.117,-.0388,-.0135,.,-.123,-.0186,-.0127,-.0887,-.191,-.159,-.0689,.,-.0532,.0751,-.0757,-.166
2023,3,17,-.0446,-.11,-.0347,-.00732,.,-.0218,-.0606,.,-.116,-.0402,-.0132,.,-.124,-.0198,-.0121,-.0864,-.192,-.152,-.0656,.,-.0521,.0722,-.0804,-.166
2023,3,24,-.0471,-.107,-.0365,-.00911,.,-.0236,-.0607,.,-.113,-.042,-.0149,.,-.121,-.0209,-.0129,-.0865,-.193,-.144,-.0674,.,-.0532,.071,-.0868,-.168
2023,3,31,-.0485,-.104,-.0379,-.0105,.,-.0249,-.0607,.,-.11,-.0433,-.0162,.,-.118,-.0214,-.0138,-.0886,-.189,-.143,-.0716,.,-.0564,.0717,-.0911,-.165
2023,4,7,-.0453,-.104,-.0367,-.007,.,-.0227,-.0598,.,-.11,-.0424,-.0129,.,-.115,-.0195,-.0106,-.0896,-.188,-.147,-.0732,.,-.0563,.0767,-.0864,-.163
2023,4,14,-.0394,-.102,-.0316,-.00221,.,-.0177,-.0557,.,-.108,-.0372,-.00833,.,-.114,-.0144,-.00656,-.0864,-.186,-.147,-.0695,.,-.0512,.0846,-.081,-.16
2023,4,21,-.036,-.0976,-.028,.00246,.,-.0137,-.0519,.,-.104,-.0337,-.00379,.,-.111,-.0113,-.00279,-.0831,-.18,-.147,-.0641,.,-.0481,.0896,-.0797,-.154
2023,4,28,-.0342,-.0936,-.0262,.00433,.,-.0118,-.0493,.,-.0998,-.0318,-.00188,.,-.107,-.00943,-.00112,-.0821,-.176,-.146,-.0637,.,-.0475,.0915,-.0793,-.15
2023,5,5,-.0332,-.0922,-.0252,.0058,.,-.0106,-.0482,.,-.0984,-.0309,-.000378,.,-.105,-.00956,-.0000786,-.0818,-.172,-.144,-.0637,.,-.0479,.0924,-.0792,-.145
2023,5,12,-.0329,-.0886,-.0246,.00795,.,-.00925,-.0466,.,-.0948,-.0303,.0017,.,-.102,-.00936,.00132,-.0812,-.17,-.136,-.0615,.,-.0478,.0924,-.0803,-.143
2023,5,19,-.0349,-.084,-.0262,.0067,.,-.0107,-.046,.,-.0901,-.0318,.000445,.,-.0962,-.00937,.000138,-.0803,-.169,-.128,-.0588,.,-.0478,.0899,-.0878,-.142
2023,5,26,-.0356,-.0814,-.0245,.000691,.,-.0126,-.044,.,-.0875,-.0302,-.00566,.,-.091,-.00616,-.00533,-.079,-.166,-.124,-.0606,.,-.0475,.0875,-.0917,-.137
2023,6,2,-.0325,-.0832,-.017,-.00262,.,-.0102,-.0397,.,-.0893,-.0227,-.00921,.,-.0889,.00171,-.00828,-.0766,-.161,-.127,-.0612,.,-.0458,.0899,-.0883,-.129
2023,6,9,-.0305,-.084,-.0139,-.000372,.,-.00751,-.0379,.,-.0901,-.0195,-.00708,.,-.0881,.00533,-.00628,-.0765,-.158,-.132,-.0593,.,-.0449,.0931,-.0882,-.124
2023,6,16,-.0325,-.0823,-.0188,.00207,.,-.00897,-.0406,.,-.0881,-.0245,-.00465,.,-.0866,.0022,-.00446,-.0761,-.16,-.131,-.055,.,-.0447,.0905,-.094,-.125
2023,6,23,-.0347,-.0811,-.0204,-.00189,.,-.0117,-.0412,.,-.0868,-.0261,-.00869,.,-.0837,.00128,-.00783,-.0749,-.161,-.127,-.0527,.,-.0454,.0882,-.0989,-.124
2023,6,30,-.0372,-.0858,-.0223,-.0107,.,-.0168,-.0441,.,-.0917,-.0279,-.0177,.,-.0879,-.00117,-.0161,-.0788,-.163,-.136,-.0597,.,-.0503,.0874,-.102,-.126
2023,7,7,-.0403,-.0923,-.0252,-.0184,.,-.022,-.0482,.,-.0982,-.0309,-.0254,.,-.0915,-.00526,-.0238,-.0825,-.169,-.146,-.0646,.,-.0541,.0848,-.106,-.131
2023,7,14,-.0408,-.0942,-.0262,-.0177,.,-.0222,-.0495,.,-.1,-.0318,-.0249,.,-.092,-.00638,-.0234,-.0835,-.171,-.147,-.0645,.,-.055,.0833,-.108,-.132
2023,7,21,-.0393,-.0838,-.0278,-.0088,.,-.0188,-.047,.,-.0896,-.0333,-.0162,.,-.085,-.00728,-.0149,-.0822,-.167,-.135,-.0621,.,-.0541,.0843,-.106,-.129
2023,7,28,-.0405,-.0763,-.0305,-.0052,.,-.0185,-.0462,.,-.0821,-.0358,-.0127,.,-.079,-.0101,-.0112,-.0832,-.166,-.126,-.0638,.,-.0555,.0824,-.106,-.129
2023,8,4,-.0457,-.0818,-.0377,-.00816,.,-.0238,-.0528,.,-.0877,-.043,-.0157,.,-.0866,-.0183,-.0145,-.0883,-.169,-.134,-.0685,.,-.0599,.0767,-.113,-.133
2023,8,11,-.0517,-.0897,-.0458,-.0115,.,-.0297,-.0609,.,-.0956,-.0513,-.0191,.,-.0966,-.0279,-.0185,-.0948,-.174,-.144,-.0731,.,-.0648,.0698,-.123,-.14
2023,8,18,-.0536,-.0959,-.0479,-.0107,.,-.0304,-.0644,.,-.102,-.0535,-.0183,.,-.103,-.0318,-.0177,-.0974,-.179,-.148,-.0739,.,-.0661,.067,-.122,-.147
2023,8,25,-.057,-.102,-.052,-.0114,.,-.0329,-.0692,.,-.108,-.0576,-.019,.,-.112,-.0375,-.0187,-.102,-.187,-.152,-.0786,.,-.0698,.0622,-.12,-.157
2023,9,1,-.062,-.11,-.0588,-.0155,.,-.0384,-.0765,.,-.116,-.0643,-.023,.,-.12,-.0454,-.0233,-.108,-.198,-.164,-.0865,.,-.0752,.054,-.119,-.168
2023,9,8,-.0616,-.117,-.0595,-.0148,.,-.0384,-.0792,.,-.123,-.0648,-.0222,.,-.126,-.0476,-.0226,-.112,-.203,-.175,-.0896,.,-.0757,.0536,-.113,-.174
2023,9,15,-.0598,-.118,-.0585,-.011,.,-.0361,-.0791,.,-.125,-.0638,-.0184,.,-.13,-.0471,-.0184,-.11,-.203,-.17,-.0875,.,-.0738,.0567,-.107,-.175
2023,9,22,-.0621,-.118,-.0646,-.0104,.,-.039,-.0827,.,-.124,-.0699,-.0179,.,-.132,-.0521,-.0176,-.11,-.206,-.163,-.0868,.,-.0741,.0577,-.104,-.177
2023,9,29,-.0728,-.127,-.0759,-.0197,.,-.0494,-.0934,.,-.133,-.0813,-.0272,.,-.143,-.0636,-.0274,-.117,-.211,-.171,-.0941,.,-.0832,.0458,-.11,-.183
2023,10,6,-.0891,-.144,-.0912,-.0349,.,-.0647,-.109,.,-.15,-.0966,-.0424,.,-.167,-.0809,-.0439,-.129,-.216,-.181,-.106,.,-.0958,.0253,-.122,-.189
