year,month,day,gps_retail_and_recreation,gps_grocery_and_pharmacy,gps_parks,gps_transit_stations,gps_workplaces,gps_residential,gps_away_from_home
2020,2,24,.03,.00571,.11,.02,.0143,0,.00258
2020,2,25,.0357,.00857,.114,.0214,.0171,-.00143,.00397
2020,2,26,.0429,.0114,.11,.0243,.0186,-.00286,.00557
2020,2,27,.0529,.0157,.121,.03,.0214,-.00429,.00701
2020,2,28,.0614,.0229,.13,.0357,.0243,-.00571,.00839
2020,2,29,.0686,.0286,.127,.0386,.0243,-.00714,.0109
2020,3,1,.0771,.0371,.12,.0414,.0257,-.00714,.0109
2020,3,2,.0843,.0443,.121,.0429,.0257,-.00857,.0126
2020,3,3,.0943,.0571,.137,.0443,.0257,-.01,.014
2020,3,4,.0957,.0629,.154,.0429,.0271,-.01,.014
2020,3,5,.0957,.0686,.167,.04,.0286,-.0114,.0154
2020,3,6,.0914,.0686,.17,.0357,.0286,-.0114,.0154
2020,3,7,.0886,.07,.181,.0357,.03,-.01,.0129
2020,3,8,.0843,.0671,.213,.0329,.0286,-.01,.0129
2020,3,9,.0829,.0671,.243,.0286,.0243,-.00857,.0112
2020,3,10,.0757,.0629,.24,.02,.0186,-.00571,.00844
2020,3,11,.0757,.0686,.253,.0143,.0129,-.00429,.00684
2020,3,12,.0729,.0914,.25,.00286,.00429,-.00143,.00396
2020,3,13,.0686,.124,.239,-.0143,-.00857,.00429,-.00157
2020,3,14,.0457,.139,.201,-.0386,-.0171,.01,-.0116
2020,3,15,.0186,.146,.151,-.0643,-.03,.0157,-.0232
2020,3,16,-.00143,.167,.106,-.0943,-.0586,.0271,-.0368
2020,3,17,-.0357,.177,.0914,-.127,-.0943,.0414,-.0507
2020,3,18,-.0814,.174,.0629,-.167,-.137,.06,-.0715
2020,3,19,-.13,.151,.0386,-.21,-.18,.08,-.0916
2020,3,20,-.179,.121,.03,-.249,-.221,.0986,-.11
2020,3,21,-.227,.0929,.0214,-.286,-.254,.111,-.132
2020,3,22,-.277,.0571,-.00286,-.33,-.289,.123,-.155
2020,3,23,-.32,.0129,-.0343,-.366,-.319,.136,-.171
2020,3,24,-.35,-.0243,-.06,-.394,-.344,.147,-.182
2020,3,25,-.373,-.0571,-.0786,-.419,-.366,.156,-.191
2020,3,26,-.39,-.0871,-.0771,-.436,-.386,.163,-.199
2020,3,27,-.404,-.117,-.0843,-.453,-.4,.17,-.205
2020,3,28,-.416,-.141,-.116,-.471,-.414,.174,-.213
2020,3,29,-.42,-.154,-.126,-.481,-.424,.176,-.216
2020,3,30,-.423,-.166,-.114,-.486,-.434,.179,-.219
2020,3,31,-.424,-.171,-.123,-.49,-.44,.18,-.221
2020,4,1,-.42,-.166,-.123,-.491,-.444,.181,-.222
2020,4,2,-.42,-.161,-.14,-.496,-.449,.183,-.224
2020,4,3,-.42,-.156,-.16,-.499,-.454,.184,-.225
2020,4,4,-.42,-.15,-.159,-.5,-.459,.184,-.225
2020,4,5,-.423,-.147,-.16,-.504,-.461,.186,-.228
2020,4,6,-.426,-.144,-.153,-.507,-.464,.187,-.23
2020,4,7,-.429,-.141,-.133,-.51,-.467,.189,-.231
2020,4,8,-.436,-.147,-.131,-.514,-.47,.19,-.233
2020,4,9,-.44,-.15,-.149,-.519,-.473,.191,-.234
2020,4,10,-.441,-.151,-.149,-.523,-.481,.194,-.237
2020,4,11,-.437,-.14,-.137,-.521,-.483,.193,-.234
2020,4,12,-.457,-.167,-.16,-.524,-.49,.193,-.234
2020,4,13,-.461,-.176,-.19,-.529,-.491,.194,-.236
2020,4,14,-.459,-.179,-.209,-.527,-.49,.193,-.235
2020,4,15,-.45,-.176,-.223,-.524,-.487,.191,-.233
2020,4,16,-.444,-.176,-.213,-.519,-.483,.19,-.232
2020,4,17,-.443,-.181,-.214,-.514,-.471,.187,-.229
2020,4,18,-.443,-.193,-.22,-.511,-.464,.187,-.229
2020,4,19,-.417,-.164,-.183,-.503,-.453,.184,-.223
2020,4,20,-.409,-.156,-.149,-.494,-.449,.181,-.22
2020,4,21,-.406,-.153,-.139,-.493,-.447,.181,-.22
2020,4,22,-.409,-.154,-.129,-.491,-.447,.181,-.22
2020,4,23,-.41,-.156,-.129,-.491,-.447,.181,-.22
2020,4,24,-.407,-.154,-.117,-.49,-.447,.18,-.218
2020,4,25,-.401,-.149,-.0857,-.483,-.446,.177,-.213
2020,4,26,-.397,-.144,-.0871,-.48,-.444,.177,-.213
2020,4,27,-.391,-.14,-.0829,-.479,-.441,.176,-.212
2020,4,28,-.386,-.134,-.0629,-.473,-.44,.164,-.2
2020,4,29,-.38,-.13,-.06,-.47,-.437,.163,-.199
2020,4,30,-.371,-.123,-.05,-.466,-.434,.16,-.196
2020,5,1,-.36,-.11,-.02,-.456,-.43,.156,-.192
2020,5,2,-.35,-.1,.0171,-.446,-.426,.153,-.187
2020,5,3,-.339,-.0886,.0643,-.434,-.419,.149,-.178
2020,5,4,-.33,-.08,.0771,-.429,-.416,.146,-.175
2020,5,5,-.321,-.07,.0757,-.426,-.411,.153,-.182
2020,5,6,-.314,-.0629,.0943,-.421,-.407,.15,-.178
2020,5,7,-.307,-.0543,.134,-.414,-.403,.147,-.176
2020,5,8,-.307,-.0514,.121,-.414,-.4,.147,-.176
2020,5,9,-.301,-.0357,.0943,-.414,-.396,.146,-.173
2020,5,10,-.296,-.0229,.0714,-.41,-.39,.144,-.17
2020,5,11,-.299,-.0286,.06,-.41,-.387,.144,-.17
2020,5,12,-.299,-.0329,.0671,-.407,-.384,.143,-.169
2020,5,13,-.294,-.0314,.0843,-.403,-.381,.141,-.167
2020,5,14,-.293,-.0343,.0786,-.403,-.38,.141,-.167
2020,5,15,-.289,-.0371,.111,-.399,-.379,.139,-.164
2020,5,16,-.289,-.0514,.144,-.397,-.376,.139,-.164
2020,5,17,-.289,-.0643,.16,-.4,-.373,.14,-.167
2020,5,18,-.281,-.06,.167,-.399,-.37,.139,-.166
2020,5,19,-.276,-.0571,.174,-.397,-.367,.137,-.164
2020,5,20,-.27,-.0543,.181,-.394,-.366,.136,-.163
2020,5,21,-.261,-.0486,.201,-.387,-.363,.133,-.16
2020,5,22,-.254,-.0414,.216,-.381,-.361,.131,-.158
2020,5,23,-.25,-.0371,.231,-.376,-.357,.129,-.153
2020,5,24,-.243,-.0286,.289,-.367,-.356,.124,-.145
2020,5,25,-.246,-.0286,.371,-.374,-.401,.131,-.153
2020,5,26,-.24,-.0271,.307,-.363,-.353,.123,-.143
2020,5,27,-.239,-.0286,.32,-.361,-.349,.121,-.142
2020,5,28,-.237,-.03,.313,-.361,-.344,.12,-.14
2020,5,29,-.236,-.0343,.31,-.361,-.339,.119,-.139
2020,5,30,-.231,-.0357,.317,-.356,-.326,.117,-.136
2020,5,31,-.229,-.0386,.303,-.351,-.314,.117,-.136
2020,6,1,-.217,-.03,.34,-.341,-.31,.113,-.131
2020,6,2,-.211,-.0257,.35,-.34,-.307,.111,-.13
2020,6,3,-.204,-.0186,.351,-.337,-.306,.11,-.128
2020,6,4,-.2,-.0143,.371,-.334,-.304,.109,-.127
2020,6,5,-.196,-.01,.379,-.331,-.303,.107,-.125
2020,6,6,-.191,-.00714,.383,-.33,-.304,.106,-.123
2020,6,7,-.186,-.00429,.391,-.327,-.304,.104,-.12
2020,6,8,-.183,-.00429,.407,-.324,-.303,.103,-.118
2020,6,9,-.18,-.00571,.409,-.321,-.301,.101,-.117
2020,6,10,-.177,-.00857,.419,-.319,-.3,.1,-.115
2020,6,11,-.173,-.01,.431,-.316,-.299,.0986,-.114
2020,6,12,-.169,-.00857,.464,-.31,-.297,.0957,-.111
2020,6,13,-.164,-.00714,.497,-.303,-.293,.0943,-.109
2020,6,14,-.16,-.00714,.519,-.296,-.289,.0929,-.106
2020,6,15,-.157,-.00714,.527,-.293,-.287,.0929,-.106
2020,6,16,-.153,-.00429,.557,-.289,-.287,.0914,-.104
2020,6,17,-.15,-.00286,.583,-.286,-.287,.09,-.103
2020,6,18,-.147,-.00143,.597,-.283,-.287,.0886,-.101
2020,6,19,-.144,0,.601,-.28,-.289,.0857,-.0986
2020,6,20,-.143,.00571,.594,-.28,-.29,.0843,-.096
2020,6,21,-.144,.0114,.581,-.28,-.29,.0829,-.0931
2020,6,22,-.147,.00714,.579,-.28,-.294,.0829,-.0931
2020,6,23,-.147,.00571,.574,-.279,-.297,.0829,-.0931
2020,6,24,-.147,.00429,.573,-.277,-.297,.0829,-.0931
2020,6,25,-.147,.00429,.58,-.274,-.297,.0829,-.0931
2020,6,26,-.15,-2.66e-10,.576,-.274,-.297,.0857,-.0959
2020,6,27,-.153,-.01,.566,-.274,-.299,.0871,-.0984
2020,6,28,-.153,-.0186,.56,-.273,-.297,.0886,-.101
2020,6,29,-.149,-.0157,.564,-.271,-.294,.0871,-.0996
2020,6,30,-.144,-.0143,.559,-.271,-.293,.0871,-.0996
2020,7,1,-.137,-.00714,.554,-.267,-.294,.0857,-.098
2020,7,2,-.124,.00714,.573,-.26,-.299,.0843,-.0966
2020,7,3,-.114,.0271,.614,-.263,-.329,.0886,-.101
2020,7,4,-.147,.00571,.6,-.274,-.321,.0857,-.0991
2020,7,5,-.131,-.00143,.57,-.261,-.309,.0843,-.0966
2020,7,6,-.124,.00857,.576,-.259,-.306,.0857,-.0983
2020,7,7,-.129,.00714,.577,-.257,-.309,.0857,-.0983
2020,7,8,-.136,2.66e-10,.574,-.261,-.309,.0871,-.0999
2020,7,9,-.149,-.0143,.549,-.27,-.307,.0886,-.101
2020,7,10,-.15,-.0157,.529,-.274,-.309,.0886,-.101
2020,7,11,-.15,-.0143,.529,-.276,-.309,.0886,-.101
2020,7,12,-.15,-.0129,.541,-.277,-.313,.0886,-.101
2020,7,13,-.15,-.0129,.549,-.279,-.309,.0871,-.0996
2020,7,14,-.149,-.0129,.56,-.281,-.307,.0871,-.0996
2020,7,15,-.149,-.0129,.566,-.283,-.307,.0871,-.0996
2020,7,16,-.149,-.0143,.57,-.284,-.306,.0871,-.0996
2020,7,17,-.147,-.0129,.586,-.281,-.306,.0871,-.0996
2020,7,18,-.147,-.0143,.603,-.281,-.307,.0871,-.0996
2020,7,19,-.147,-.0157,.597,-.283,-.309,.0871,-.0996
2020,7,20,-.149,-.0186,.594,-.284,-.309,.0871,-.0996
2020,7,21,-.15,-.0214,.587,-.286,-.309,.0871,-.0996
2020,7,22,-.151,-.0243,.574,-.287,-.309,.0871,-.0996
2020,7,23,-.153,-.0271,.564,-.287,-.309,.0871,-.0996
2020,7,24,-.153,-.0286,.566,-.289,-.309,.0871,-.0996
2020,7,25,-.153,-.03,.57,-.289,-.309,.0871,-.0996
2020,7,26,-.153,-.0314,.577,-.289,-.309,.0871,-.0996
2020,7,27,-.153,-.0314,.573,-.289,-.309,.0871,-.0996
2020,7,28,-.154,-.0329,.571,-.289,-.309,.0871,-.0996
2020,7,29,-.154,-.0329,.584,-.287,-.31,.0857,-.098
2020,7,30,-.153,-.0329,.586,-.287,-.311,.0857,-.098
2020,7,31,-.149,-.03,.587,-.284,-.311,.0843,-.0966
2020,8,1,-.146,-.0271,.576,-.283,-.313,.0843,-.0966
2020,8,2,-.144,-.0257,.557,-.283,-.314,.0843,-.0966
2020,8,3,-.141,-.0214,.556,-.281,-.314,.0843,-.0966
2020,8,4,-.14,-.0214,.549,-.283,-.316,.0843,-.0966
2020,8,5,-.137,-.02,.556,-.281,-.314,.0843,-.0966
2020,8,6,-.137,-.02,.564,-.28,-.313,.0829,-.0952
2020,8,7,-.139,-.0243,.566,-.281,-.313,.0829,-.0952
2020,8,8,-.139,-.0257,.58,-.281,-.311,.0814,-.0927
2020,8,9,-.137,-.0257,.6,-.279,-.31,.08,-.0898
2020,8,10,-.14,-.0314,.6,-.28,-.31,.0786,-.0881
2020,8,11,-.14,-.0314,.613,-.277,-.309,.0771,-.0867
2020,8,12,-.143,-.0343,.599,-.28,-.309,.0771,-.0867
2020,8,13,-.144,-.0357,.586,-.281,-.309,.0771,-.0867
2020,8,14,-.146,-.0357,.58,-.281,-.309,.0771,-.0867
2020,8,15,-.147,-.0371,.563,-.283,-.31,.0771,-.0867
2020,8,16,-.149,-.0386,.537,-.286,-.311,.0786,-.0896
2020,8,17,-.15,-.04,.53,-.286,-.311,.0786,-.0896
2020,8,18,-.151,-.0414,.52,-.287,-.309,.0786,-.0896
2020,8,19,-.153,-.0429,.51,-.287,-.307,.0786,-.0896
2020,8,20,-.153,-.0443,.51,-.287,-.306,.0786,-.0896
2020,8,21,-.153,-.0457,.503,-.287,-.304,.0771,-.0882
2020,8,22,-.151,-.0457,.501,-.287,-.301,.0771,-.0882
2020,8,23,-.151,-.0457,.504,-.286,-.299,.0771,-.0882
2020,8,24,-.153,-.0471,.49,-.287,-.296,.0786,-.0899
2020,8,25,-.154,-.0471,.471,-.289,-.297,.0786,-.0899
2020,8,26,-.154,-.0471,.469,-.289,-.296,.0786,-.0899
2020,8,27,-.157,-.05,.451,-.29,-.296,.0786,-.0899
2020,8,28,-.159,-.0529,.436,-.291,-.294,.0786,-.0899
2020,8,29,-.159,-.0557,.411,-.294,-.296,.08,-.0924
2020,8,30,-.157,-.0571,.424,-.293,-.296,.0786,-.0895
2020,8,31,-.156,-.0571,.421,-.291,-.294,.0771,-.0878
2020,9,1,-.151,-.0543,.42,-.289,-.293,.0757,-.0864
2020,9,2,-.15,-.0543,.41,-.289,-.293,.0743,-.0848
2020,9,3,-.143,-.0471,.416,-.283,-.291,.0714,-.082
2020,9,4,-.137,-.0386,.441,-.276,-.293,.07,-.0806
2020,9,5,-.134,-.0329,.487,-.269,-.299,.0671,-.0756
2020,9,6,-.131,-.0286,.519,-.271,-.303,.0657,-.0727
2020,9,7,-.133,-.0286,.583,-.283,-.354,.0757,-.0845
2020,9,8,-.137,-.0329,.501,-.271,-.304,.0657,-.0727
2020,9,9,-.141,-.0357,.486,-.271,-.304,.0657,-.0727
2020,9,10,-.149,-.0429,.46,-.277,-.304,.0671,-.0741
2020,9,11,-.154,-.0514,.431,-.284,-.3,.0671,-.0741
2020,9,12,-.156,-.0571,.387,-.29,-.293,.0686,-.0766
2020,9,13,-.16,-.0614,.326,-.291,-.289,.0714,-.0824
2020,9,14,-.161,-.0614,.326,-.293,-.284,.07,-.0807
2020,9,15,-.159,-.0614,.343,-.294,-.279,.07,-.0807
2020,9,16,-.157,-.0629,.36,-.294,-.276,.07,-.0807
2020,9,17,-.157,-.0643,.37,-.294,-.273,.07,-.0807
2020,9,18,-.154,-.0629,.37,-.294,-.271,.07,-.0807
2020,9,19,-.15,-.06,.387,-.293,-.27,.0686,-.0782
2020,9,20,-.147,-.06,.399,-.291,-.269,.0671,-.0753
2020,9,21,-.147,-.0614,.391,-.291,-.27,.0686,-.077
2020,9,22,-.149,-.0629,.38,-.294,-.27,.0686,-.077
2020,9,23,-.149,-.0614,.367,-.296,-.269,.0686,-.077
2020,9,24,-.149,-.0614,.354,-.297,-.267,.0686,-.077
2020,9,25,-.15,-.0629,.34,-.299,-.266,.0686,-.077
2020,9,26,-.153,-.0643,.326,-.301,-.264,.0686,-.077
2020,9,27,-.154,-.0657,.31,-.303,-.263,.0686,-.077
2020,9,28,-.156,-.0657,.291,-.306,-.261,.0686,-.077
2020,9,29,-.157,-.0671,.267,-.307,-.26,.0686,-.077
2020,9,30,-.156,-.0643,.253,-.307,-.26,.0671,-.0754
2020,10,1,-.151,-.0571,.247,-.304,-.257,.0657,-.074
2020,10,2,-.149,-.0529,.237,-.301,-.256,.0657,-.074
2020,10,3,-.146,-.05,.223,-.297,-.257,.0657,-.074
2020,10,4,-.144,-.0471,.209,-.296,-.259,.0657,-.074
2020,10,5,-.141,-.0429,.213,-.291,-.259,.0643,-.0723
2020,10,6,-.14,-.0386,.233,-.287,-.259,.0629,-.0709
2020,10,7,-.141,-.04,.243,-.287,-.257,.0629,-.0709
2020,10,8,-.144,-.0443,.254,-.287,-.259,.0643,-.0723
2020,10,9,-.147,-.0471,.271,-.287,-.26,.0643,-.0723
2020,10,10,-.151,-.0514,.277,-.29,-.26,.0657,-.0748
2020,10,11,-.154,-.0543,.277,-.291,-.26,.0671,-.0777
2020,10,12,-.157,-.06,.269,-.297,-.267,.07,-.0811
2020,10,13,-.157,-.0571,.267,-.293,-.26,.0686,-.0791
2020,10,14,-.156,-.0571,.269,-.29,-.259,.07,-.0807
2020,10,15,-.156,-.0571,.26,-.289,-.259,.07,-.0807
2020,10,16,-.157,-.0586,.229,-.29,-.259,.0714,-.0821
2020,10,17,-.154,-.0571,.221,-.287,-.259,.0714,-.0821
2020,10,18,-.154,-.0571,.211,-.284,-.259,.0714,-.0821
2020,10,19,-.159,-.0629,.196,-.286,-.257,.0729,-.0838
2020,10,20,-.159,-.0643,.184,-.284,-.256,.0729,-.0838
2020,10,21,-.161,-.0657,.167,-.286,-.256,.0729,-.0838
2020,10,22,-.163,-.0671,.163,-.287,-.254,.0729,-.0838
2020,10,23,-.163,-.0671,.166,-.287,-.253,.0729,-.0838
2020,10,24,-.166,-.0686,.147,-.291,-.251,.0729,-.0838
2020,10,25,-.169,-.07,.123,-.297,-.253,.0743,-.0867
2020,10,26,-.17,-.07,.104,-.299,-.253,.0757,-.0884
2020,10,27,-.17,-.07,.0914,-.3,-.253,.0771,-.0898
2020,10,28,-.17,-.07,.07,-.303,-.253,.0786,-.0914
2020,10,29,-.171,-.0714,.0329,-.309,-.254,.08,-.0928
2020,10,30,-.167,-.0657,.02,-.311,-.254,.0786,-.0914
2020,10,31,-.167,-.0571,.0186,-.311,-.254,.0786,-.0914
2020,11,1,-.167,-.0586,.01,-.314,-.254,.0786,-.0914
2020,11,2,-.164,-.0557,.0143,-.316,-.254,.0771,-.0898
2020,11,3,-.156,-.0486,.0329,-.317,-.257,.0757,-.0884
2020,11,4,-.159,-.0529,.0414,-.32,-.257,.0757,-.0884
2020,11,5,-.16,-.0543,.06,-.319,-.256,.0757,-.0884
2020,11,6,-.166,-.0629,.0671,-.32,-.254,.0771,-.0897
2020,11,7,-.166,-.0743,.0614,-.326,-.254,.0786,-.0922
2020,11,8,-.164,-.0743,.0871,-.326,-.253,.0786,-.0922
2020,11,9,-.167,-.0771,.0914,-.327,-.253,.08,-.0939
2020,11,10,-.177,-.0843,.0686,-.329,-.25,.0814,-.0953
2020,11,11,-.173,-.0814,.0486,-.333,-.261,.0843,-.0985
2020,11,12,-.18,-.0857,.0414,-.333,-.253,.0829,-.0968
2020,11,13,-.181,-.0843,.0171,-.336,-.254,.0857,-.0995
2020,11,14,-.184,-.0843,-.0129,-.339,-.254,.0871,-.102
2020,11,15,-.187,-.0843,-.0429,-.343,-.256,.0886,-.105
2020,11,16,-.189,-.0829,-.0529,-.344,-.256,.0886,-.105
2020,11,17,-.191,-.0829,-.0671,-.347,-.257,.09,-.106
2020,11,18,-.193,-.0786,-.0914,-.349,-.26,.0914,-.108
2020,11,19,-.191,-.0743,-.0829,-.347,-.259,.0914,-.108
2020,11,20,-.193,-.0729,-.0743,-.344,-.259,.0914,-.108
2020,11,21,-.196,-.07,-.0714,-.34,-.259,.0914,-.108
2020,11,22,-.197,-.0671,-.0786,-.34,-.257,.0914,-.108
2020,11,23,-.191,-.0586,-.0814,-.34,-.263,.0929,-.11
2020,11,24,-.18,-.04,-.0771,-.334,-.269,.0929,-.11
2020,11,25,-.157,.00286,-.0686,-.324,-.28,.0914,-.108
2020,11,26,-.253,-.0743,-.0871,-.369,-.34,.11,-.127
2020,11,27,-.189,-.0571,-.0671,-.354,-.311,.104,-.121
2020,11,28,-.189,-.0557,-.0843,-.343,-.28,.0957,-.115
2020,11,29,-.193,-.0671,-.0829,-.337,-.283,.0971,-.118
2020,11,30,-.196,-.07,-.106,-.346,-.279,.0971,-.116
2020,12,1,-.204,-.0857,-.119,-.35,-.274,.0971,-.116
2020,12,2,-.204,-.0871,-.123,-.351,-.274,.0971,-.116
2020,12,3,-.203,-.0857,-.133,-.353,-.276,.0971,-.116
2020,12,4,-.203,-.0871,-.15,-.36,-.276,.0986,-.118
2020,12,5,-.194,-.0743,-.161,-.361,-.263,.0971,-.115
2020,12,6,-.194,-.0771,-.163,-.366,-.263,.0971,-.115
2020,12,7,-.194,-.0729,-.156,-.367,-.261,.0957,-.114
2020,12,8,-.197,-.0771,-.156,-.373,-.26,.0957,-.114
2020,12,9,-.197,-.0771,-.15,-.374,-.26,.0957,-.114
2020,12,10,-.199,-.0786,-.144,-.376,-.26,.0957,-.114
2020,12,11,-.2,-.0786,-.143,-.376,-.261,.0957,-.114
2020,12,12,-.2,-.0771,-.146,-.374,-.263,.0957,-.114
2020,12,13,-.201,-.0757,-.149,-.374,-.264,.0971,-.116
2020,12,14,-.2,-.0743,-.157,-.376,-.264,.0971,-.116
2020,12,15,-.196,-.0657,-.161,-.373,-.266,.0971,-.116
2020,12,16,-.197,-.0629,-.183,-.376,-.269,.1,-.12
2020,12,17,-.201,-.0671,-.204,-.383,-.276,.104,-.124
2020,12,18,-.199,-.0643,-.213,-.38,-.277,.104,-.124
2020,12,19,-.196,-.06,-.22,-.37,-.277,.104,-.124
2020,12,20,-.19,-.0543,-.224,-.361,-.274,.103,-.121
2020,12,21,-.173,-.0386,-.197,-.353,-.28,.101,-.119
2020,12,22,-.156,-.0214,-.176,-.346,-.287,.1,-.118
2020,12,23,-.124,.0214,-.149,-.33,-.296,.0957,-.113
2020,12,24,-.147,.03,-.171,-.346,-.321,.103,-.121
2020,12,25,-.246,-.0986,-.199,-.39,-.36,.121,-.139
2020,12,26,-.174,-.0443,-.183,-.363,-.31,.104,-.125
2020,12,27,-.189,-.0643,-.173,-.366,-.317,.107,-.131
2020,12,28,-.201,-.0814,-.177,-.373,-.327,.113,-.138
2020,12,29,-.219,-.104,-.18,-.381,-.337,.119,-.144
2020,12,30,-.209,-.0957,-.157,-.376,-.351,.12,-.145
2020,12,31,-.2,-.0643,-.163,-.38,-.359,.12,-.145
2021,1,1,-.259,-.147,-.179,-.419,-.399,.14,-.164
2021,1,2,-.251,-.14,-.169,-.413,-.391,.14,-.164
2021,1,3,-.251,-.137,-.186,-.416,-.39,.14,-.164
2021,1,4,-.254,-.136,-.201,-.414,-.376,.137,-.161
2021,1,5,-.259,-.136,-.219,-.414,-.36,.134,-.158
2021,1,6,-.261,-.143,-.211,-.414,-.359,.134,-.158
2021,1,7,-.264,-.144,-.209,-.411,-.353,.133,-.157
2021,1,8,-.234,-.111,-.22,-.383,-.291,.113,-.137
2021,1,9,-.23,-.106,-.229,-.386,-.279,.111,-.135
2021,1,10,-.229,-.101,-.226,-.393,-.279,.111,-.135
2021,1,11,-.237,-.107,-.233,-.397,-.277,.111,-.135
2021,1,12,-.241,-.113,-.236,-.4,-.276,.111,-.135
2021,1,13,-.243,-.114,-.23,-.4,-.276,.11,-.133
2021,1,14,-.244,-.119,-.223,-.4,-.276,.109,-.132
2021,1,15,-.246,-.121,-.217,-.399,-.277,.109,-.132
2021,1,16,-.249,-.126,-.209,-.4,-.28,.107,-.129
2021,1,17,-.247,-.129,-.193,-.4,-.281,.106,-.126
2021,1,18,-.243,-.131,-.164,-.403,-.3,.109,-.13
2021,1,19,-.247,-.134,-.166,-.404,-.301,.109,-.13
2021,1,20,-.251,-.14,-.171,-.407,-.301,.109,-.13
2021,1,21,-.253,-.14,-.174,-.409,-.3,.109,-.13
2021,1,22,-.251,-.137,-.174,-.409,-.297,.107,-.128
2021,1,23,-.251,-.137,-.181,-.411,-.296,.107,-.128
2021,1,24,-.256,-.139,-.206,-.414,-.294,.109,-.131
2021,1,25,-.264,-.141,-.239,-.414,-.276,.106,-.128
2021,1,26,-.267,-.149,-.244,-.417,-.277,.107,-.129
2021,1,27,-.266,-.147,-.251,-.416,-.277,.107,-.129
2021,1,28,-.266,-.149,-.263,-.416,-.277,.107,-.129
2021,1,29,-.264,-.15,-.269,-.417,-.277,.107,-.129
2021,1,30,-.26,-.144,-.263,-.414,-.276,.106,-.127
2021,1,31,-.259,-.144,-.254,-.413,-.277,.106,-.127
2021,2,1,-.26,-.149,-.257,-.42,-.283,.109,-.13
2021,2,2,-.257,-.146,-.254,-.421,-.284,.109,-.13
2021,2,3,-.25,-.137,-.244,-.419,-.281,.107,-.129
2021,2,4,-.246,-.133,-.236,-.416,-.281,.106,-.127
2021,2,5,-.244,-.13,-.229,-.411,-.28,.104,-.126
2021,2,6,-.243,-.127,-.23,-.409,-.279,.104,-.126
2021,2,7,-.249,-.124,-.241,-.413,-.277,.103,-.123
2021,2,8,-.244,-.119,-.231,-.401,-.271,.0986,-.118
2021,2,9,-.243,-.114,-.23,-.396,-.267,.0971,-.116
2021,2,10,-.246,-.116,-.233,-.396,-.269,.0971,-.116
2021,2,11,-.25,-.117,-.247,-.397,-.271,.1,-.119
2021,2,12,-.25,-.113,-.259,-.397,-.276,.103,-.122
2021,2,13,-.253,-.11,-.28,-.4,-.281,.106,-.127
2021,2,14,-.243,-.104,-.281,-.396,-.286,.107,-.13
2021,2,15,-.254,-.113,-.29,-.407,-.313,.117,-.142
2021,2,16,-.266,-.12,-.299,-.413,-.33,.123,-.147
2021,2,17,-.273,-.121,-.306,-.416,-.34,.126,-.151
2021,2,18,-.283,-.131,-.307,-.423,-.351,.131,-.156
2021,2,19,-.286,-.139,-.307,-.427,-.354,.133,-.158
2021,2,20,-.28,-.144,-.277,-.42,-.347,.13,-.153
2021,2,21,-.273,-.146,-.25,-.41,-.337,.127,-.147
2021,2,22,-.256,-.134,-.236,-.396,-.307,.117,-.135
2021,2,23,-.234,-.121,-.204,-.383,-.287,.109,-.127
2021,2,24,-.217,-.117,-.171,-.373,-.274,.104,-.122
2021,2,25,-.194,-.103,-.14,-.357,-.257,.0943,-.112
2021,2,26,-.183,-.0971,-.117,-.346,-.249,.0886,-.106
2021,2,27,-.177,-.0943,-.104,-.341,-.249,.0871,-.104
2021,2,28,-.173,-.0929,-.1,-.337,-.249,.0857,-.101
2021,3,1,-.166,-.0871,-.0943,-.333,-.247,.0829,-.0975
2021,3,2,-.163,-.0857,-.1,-.333,-.246,.0829,-.0975
2021,3,3,-.159,-.08,-.0957,-.331,-.246,.0814,-.0959
2021,3,4,-.156,-.0757,-.0871,-.33,-.246,.08,-.0945
2021,3,5,-.153,-.0714,-.0786,-.329,-.246,.0786,-.0931
2021,3,6,-.15,-.0686,-.0671,-.326,-.247,.0771,-.0906
2021,3,7,-.144,-.0629,-.0414,-.321,-.247,.0757,-.0877
2021,3,8,-.143,-.06,-.0171,-.32,-.249,.0757,-.0877
2021,3,9,-.14,-.0571,.0129,-.317,-.25,.0743,-.0863
2021,3,10,-.141,-.06,.0171,-.317,-.25,.0743,-.0863
2021,3,11,-.14,-.0586,.0329,-.314,-.25,.0743,-.0863
2021,3,12,-.137,-.0571,.05,-.31,-.251,.0743,-.0863
2021,3,13,-.133,-.0543,.0629,-.303,-.251,.0729,-.0838
2021,3,14,-.131,-.0557,.0514,-.3,-.254,.0743,-.0867
2021,3,15,-.129,-.0557,.0371,-.299,-.257,.0757,-.0884
2021,3,16,-.124,-.0529,.0214,-.296,-.259,.0757,-.0884
2021,3,17,-.111,-.0471,.0186,-.29,-.26,.0743,-.0868
2021,3,18,-.106,-.0471,-.00429,-.289,-.263,.0757,-.0882
2021,3,19,-.1,-.0457,-.00714,-.286,-.264,.0743,-.0869
2021,3,20,-.0943,-.0457,.00571,-.279,-.263,.0729,-.0843
2021,3,21,-.0843,-.04,.0443,-.267,-.259,.07,-.0785
2021,3,22,-.0771,-.0371,.0757,-.261,-.254,.0671,-.0752
2021,3,23,-.0743,-.0386,.0914,-.26,-.251,.0657,-.0738
2021,3,24,-.0814,-.0429,.0929,-.261,-.25,.0671,-.0754
2021,3,25,-.0814,-.0414,.111,-.26,-.247,.0657,-.0739
2021,3,26,-.0814,-.0414,.124,-.259,-.246,.0657,-.0739
2021,3,27,-.0843,-.0414,.139,-.259,-.246,.0657,-.0739
2021,3,28,-.09,-.0443,.103,-.266,-.249,.0671,-.0768
2021,3,29,-.0886,-.0414,.107,-.266,-.25,.0671,-.0768
2021,3,30,-.0857,-.0371,.127,-.263,-.251,.0671,-.0768
2021,3,31,-.0814,-.0329,.131,-.26,-.253,.0657,-.0752
2021,4,1,-.0729,-.0229,.139,-.256,-.254,.0643,-.0738
2021,4,2,-.0671,-.01,.141,-.256,-.269,.0671,-.0766
2021,4,3,-.0643,.00857,.136,-.259,-.274,.0671,-.0766
2021,4,4,-.0929,0,.179,-.259,-.287,.0643,-.0707
2021,4,5,-.09,.00286,.196,-.254,-.291,.0643,-.0707
2021,4,6,-.0886,.00429,.21,-.251,-.291,.0629,-.0693
2021,4,7,-.0857,.00714,.243,-.249,-.291,.0614,-.0677
2021,4,8,-.0886,.00143,.267,-.247,-.29,.0614,-.0677
2021,4,9,-.0943,-.01,.274,-.246,-.276,.0571,-.0636
2021,4,10,-.0957,-.0286,.276,-.244,-.273,.0571,-.0636
2021,4,11,-.0643,-.0186,.254,-.241,-.26,.0586,-.0665
2021,4,12,-.0686,-.0214,.23,-.244,-.253,.0571,-.0648
2021,4,13,-.0714,-.0229,.211,-.247,-.25,.0571,-.0648
2021,4,14,-.0757,-.0271,.191,-.25,-.249,.0586,-.0664
2021,4,15,-.0814,-.03,.167,-.254,-.247,.0586,-.0664
2021,4,16,-.0829,-.0314,.156,-.256,-.246,.06,-.0678
2021,4,17,-.0843,-.0314,.16,-.256,-.246,.06,-.0678
2021,4,18,-.0829,-.0286,.189,-.251,-.244,.06,-.0678
2021,4,19,-.0843,-.0286,.196,-.25,-.244,.0614,-.0695
2021,4,20,-.0843,-.0286,.197,-.249,-.244,.0629,-.0709
2021,4,21,-.0871,-.0286,.187,-.249,-.243,.0629,-.0709
2021,4,22,-.0857,-.0271,.197,-.247,-.241,.0629,-.0709
2021,4,23,-.0857,-.0257,.209,-.244,-.24,.0614,-.0695
2021,4,24,-.0871,-.0257,.207,-.246,-.24,.0614,-.0695
2021,4,25,-.0886,-.0271,.186,-.249,-.24,.0614,-.0695
2021,4,26,-.0871,-.0257,.199,-.249,-.24,.06,-.0678
2021,4,27,-.0871,-.0243,.216,-.247,-.24,.0586,-.0664
2021,4,28,-.0843,-.0214,.244,-.244,-.24,.0571,-.0648
2021,4,29,-.0829,-.02,.249,-.243,-.241,.0571,-.0648
2021,4,30,-.0786,-.0143,.256,-.24,-.241,.0557,-.0634
2021,5,1,-.0743,-.00857,.289,-.233,-.241,.0543,-.0609
2021,5,2,-.0714,-.00286,.32,-.226,-.241,.0529,-.058
2021,5,3,-.07,.00143,.299,-.224,-.241,.0529,-.058
2021,5,4,-.0686,.00571,.277,-.224,-.241,.0529,-.058
2021,5,5,-.0643,.0114,.266,-.224,-.241,.0529,-.058
2021,5,6,-.0614,.0171,.283,-.22,-.24,.05,-.0551
2021,5,7,-.06,.02,.286,-.22,-.239,.05,-.0551
2021,5,8,-.0557,.0329,.266,-.221,-.239,.0486,-.0526
2021,5,9,-.0529,.0414,.23,-.224,-.24,.0471,-.0497
2021,5,10,-.0543,.04,.241,-.224,-.24,.0471,-.0497
2021,5,11,-.0557,.0414,.251,-.223,-.24,.0471,-.0497
2021,5,12,-.0586,.0414,.264,-.219,-.24,.0471,-.0497
2021,5,13,-.0571,.0414,.281,-.217,-.241,.0471,-.0497
2021,5,14,-.0571,.04,.304,-.213,-.243,.0471,-.0497
2021,5,15,-.0614,.0286,.336,-.207,-.244,.0471,-.0497
2021,5,16,-.0643,.0186,.364,-.201,-.241,.0486,-.0526
2021,5,17,-.0614,.02,.38,-.197,-.241,.0486,-.0526
2021,5,18,-.0586,.0186,.393,-.194,-.24,.0486,-.0526
2021,5,19,-.0557,.0171,.407,-.196,-.239,.0486,-.0526
2021,5,20,-.0543,.0186,.406,-.197,-.237,.0486,-.0526
2021,5,21,-.0543,.0186,.404,-.2,-.236,.0471,-.0513
2021,5,22,-.0557,.0186,.403,-.206,-.233,.0471,-.0513
2021,5,23,-.0557,.02,.413,-.209,-.233,.0471,-.0513
2021,5,24,-.0543,.02,.413,-.211,-.233,.0457,-.0496
2021,5,25,-.0514,.0214,.419,-.213,-.233,.0443,-.0482
2021,5,26,-.0486,.0229,.419,-.211,-.234,.0429,-.0466
2021,5,27,-.0457,.0257,.417,-.207,-.236,.0429,-.0466
2021,5,28,-.0429,.03,.404,-.203,-.241,.0443,-.048
2021,5,29,-.0429,.0329,.386,-.201,-.247,.0457,-.0505
2021,5,30,-.0414,.0357,.401,-.206,-.251,.0443,-.0475
2021,5,31,-.0443,.0343,.48,-.216,-.313,.0571,-.0628
2021,6,1,-.0429,.04,.489,-.21,-.317,.0571,-.0628
2021,6,2,-.0429,.0429,.493,-.209,-.319,.0586,-.0644
2021,6,3,-.0443,.0429,.487,-.211,-.319,.06,-.0658
2021,6,4,-.0443,.0414,.509,-.213,-.314,.06,-.0658
2021,6,5,-.0429,.0414,.541,-.207,-.304,.0586,-.0633
2021,6,6,-.0414,.0414,.544,-.197,-.297,.0586,-.0633
2021,6,7,-.0357,.0457,.476,-.184,-.239,.0471,-.0498
2021,6,8,-.0357,.0414,.467,-.189,-.237,.0486,-.0512
2021,6,9,-.0343,.0414,.471,-.187,-.237,.0471,-.0496
2021,6,10,-.0329,.0414,.491,-.184,-.239,.0457,-.0481
2021,6,11,-.0343,.04,.487,-.184,-.243,.0457,-.0481
2021,6,12,-.0343,.0386,.483,-.184,-.246,.0457,-.0481
2021,6,13,-.0357,.0386,.483,-.181,-.246,.0457,-.0481
2021,6,14,-.0343,.04,.49,-.179,-.247,.0443,-.0464
2021,6,15,-.0329,.0414,.507,-.174,-.249,.0429,-.045
2021,6,16,-.0314,.0429,.524,-.171,-.25,.0429,-.045
2021,6,17,-.03,.0429,.539,-.169,-.253,.0429,-.045
2021,6,18,-.0286,.0457,.556,-.166,-.256,.0429,-.045
2021,6,19,-.0286,.05,.553,-.164,-.257,.0429,-.045
2021,6,20,-.0271,.0514,.541,-.166,-.261,.0414,-.0421
2021,6,21,-.03,.0457,.541,-.166,-.264,.0429,-.0438
2021,6,22,-.0329,.04,.529,-.167,-.266,.0443,-.0452
2021,6,23,-.0357,.0357,.53,-.167,-.267,.0443,-.0452
2021,6,24,-.0386,.0314,.523,-.169,-.267,.0443,-.0452
2021,6,25,-.04,.0257,.513,-.169,-.266,.0443,-.0452
2021,6,26,-.0414,.0171,.501,-.169,-.263,.0443,-.0452
2021,6,27,-.0429,.0129,.509,-.166,-.259,.0457,-.0481
2021,6,28,-.0414,.0143,.507,-.167,-.259,.0414,-.0431
2021,6,29,-.0443,.01,.499,-.171,-.261,.04,-.0417
2021,6,30,-.0429,.0114,.476,-.173,-.261,.04,-.0417
2021,7,1,-.0386,.0186,.459,-.17,-.263,.04,-.0417
2021,7,2,-.0343,.0314,.464,-.166,-.267,.04,-.0417
2021,7,3,-.0343,.0457,.486,-.166,-.277,.04,-.0417
2021,7,4,-.0486,.0514,.564,-.173,-.293,.0371,-.0358
2021,7,5,-.0471,.0514,.619,-.18,-.341,.0514,-.0528
2021,7,6,-.0443,.0614,.63,-.174,-.343,.0529,-.0542
2021,7,7,-.0471,.0614,.634,-.174,-.346,.0543,-.0558
2021,7,8,-.0529,.0557,.63,-.179,-.347,.0557,-.0572
2021,7,9,-.0586,.0443,.62,-.184,-.344,.0571,-.0586
2021,7,10,-.0586,.0329,.603,-.183,-.334,.0571,-.0586
2021,7,11,-.0457,.0271,.504,-.179,-.319,.0614,-.0673
2021,7,12,-.0486,.0286,.444,-.17,-.269,.0514,-.0555
2021,7,13,-.0471,.0257,.446,-.17,-.266,.0514,-.0555
2021,7,14,-.0443,.0257,.451,-.169,-.263,.05,-.0539
2021,7,15,-.0386,.03,.474,-.164,-.26,.0486,-.0524
2021,7,16,-.0357,.0314,.48,-.161,-.259,.0471,-.051
2021,7,17,-.0343,.0314,.483,-.161,-.26,.0471,-.051
2021,7,18,-.03,.0343,.506,-.157,-.261,.0457,-.0481
2021,7,19,-.0271,.0371,.517,-.154,-.261,.0443,-.0464
2021,7,20,-.0257,.0386,.526,-.153,-.261,.0429,-.045
2021,7,21,-.0257,.04,.53,-.153,-.261,.0429,-.045
2021,7,22,-.0271,.0386,.534,-.153,-.261,.0429,-.045
2021,7,23,-.0286,.0386,.543,-.153,-.261,.0429,-.045
2021,7,24,-.03,.0386,.55,-.151,-.261,.0429,-.045
2021,7,25,-.0329,.0371,.541,-.153,-.26,.0429,-.045
2021,7,26,-.0343,.0371,.541,-.154,-.26,.0429,-.045
2021,7,27,-.0357,.0371,.536,-.156,-.259,.0443,-.0464
2021,7,28,-.0371,.0357,.531,-.156,-.259,.0443,-.0464
2021,7,29,-.04,.0329,.506,-.159,-.259,.0457,-.0479
2021,7,30,-.0371,.0357,.5,-.159,-.259,.0457,-.0479
2021,7,31,-.0343,.0386,.491,-.159,-.259,.0457,-.0479
2021,8,1,-.0329,.04,.48,-.159,-.259,.0457,-.0479
2021,8,2,-.03,.0414,.481,-.157,-.259,.0457,-.0479
2021,8,3,-.0271,.0457,.483,-.156,-.259,.0443,-.0465
2021,8,4,-.0257,.0486,.48,-.156,-.259,.0443,-.0465
2021,8,5,-.0243,.0529,.491,-.156,-.259,.0429,-.045
2021,8,6,-.0271,.0514,.49,-.157,-.259,.0429,-.045
2021,8,7,-.03,.05,.48,-.16,-.259,.0443,-.0475
2021,8,8,-.0314,.05,.48,-.161,-.259,.0443,-.0475
2021,8,9,-.0343,.05,.464,-.164,-.259,.0457,-.0492
2021,8,10,-.0371,.0471,.449,-.167,-.259,.0471,-.0506
2021,8,11,-.04,.0457,.434,-.17,-.259,.0471,-.0506
2021,8,12,-.0429,.0443,.423,-.171,-.259,.0471,-.0506
2021,8,13,-.0429,.0443,.411,-.173,-.259,.0471,-.0506
2021,8,14,-.0414,.0443,.411,-.174,-.26,.0471,-.0506
2021,8,15,-.04,.0457,.417,-.174,-.261,.0471,-.0506
2021,8,16,-.04,.0443,.413,-.174,-.261,.0457,-.0489
2021,8,17,-.04,.0443,.406,-.176,-.263,.0443,-.0475
2021,8,18,-.04,.0429,.399,-.176,-.26,.0443,-.0475
2021,8,19,-.04,.0414,.389,-.177,-.259,.0443,-.0475
2021,8,20,-.0414,.04,.381,-.179,-.256,.0429,-.0462
2021,8,21,-.0429,.04,.374,-.183,-.254,.0429,-.0462
2021,8,22,-.05,.0343,.344,-.197,-.256,.0457,-.052
2021,8,23,-.0529,.0329,.336,-.201,-.254,.0457,-.052
2021,8,24,-.0571,.03,.334,-.203,-.251,.0457,-.052
2021,8,25,-.06,.03,.337,-.204,-.251,.0457,-.052
2021,8,26,-.0614,.0286,.334,-.204,-.25,.0457,-.052
2021,8,27,-.0629,.0271,.323,-.207,-.249,.0471,-.0534
2021,8,28,-.0643,.0243,.314,-.21,-.249,.0486,-.0559
2021,8,29,-.0629,.0243,.321,-.204,-.249,.0486,-.0559
2021,8,30,-.0657,.0214,.317,-.204,-.247,.0486,-.0559
2021,8,31,-.0657,.0214,.31,-.203,-.246,.0486,-.0559
2021,9,1,-.0657,.02,.29,-.204,-.246,.0486,-.0559
2021,9,2,-.0629,.0214,.293,-.203,-.246,.0486,-.0559
2021,9,3,-.0571,.0286,.307,-.194,-.247,.0471,-.0545
2021,9,4,-.0557,.0329,.327,-.19,-.254,.0457,-.052
2021,9,5,-.05,.0371,.369,-.193,-.259,.0429,-.0462
2021,9,6,-.0486,.0357,.437,-.204,-.317,.0571,-.0631
2021,9,7,-.05,.0371,.441,-.203,-.317,.0571,-.0631
2021,9,8,-.0514,.0386,.454,-.201,-.314,.0571,-.0631
2021,9,9,-.0571,.0357,.443,-.204,-.31,.0571,-.0631
2021,9,10,-.0629,.0286,.439,-.21,-.303,.0557,-.0617
2021,9,11,-.0629,.0243,.444,-.213,-.294,.0557,-.0617
2021,9,12,-.0686,.0214,.411,-.209,-.289,.0586,-.0675
2021,9,13,-.07,.0243,.347,-.194,-.226,.0443,-.0506
2021,9,14,-.07,.0214,.35,-.196,-.223,.0443,-.0506
2021,9,15,-.0657,.0214,.35,-.194,-.221,.0429,-.049
2021,9,16,-.0629,.0214,.357,-.193,-.223,.0429,-.049
2021,9,17,-.0614,.02,.35,-.191,-.226,.0429,-.049
2021,9,18,-.0586,.0186,.341,-.191,-.229,.0429,-.049
2021,9,19,-.0571,.0171,.341,-.19,-.231,.0414,-.0461
2021,9,20,-.0571,.0157,.336,-.189,-.23,.04,-.0444
2021,9,21,-.0571,.0143,.327,-.19,-.227,.04,-.0444
2021,9,22,-.0629,.01,.316,-.193,-.223,.0414,-.046
2021,9,23,-.0657,.00857,.311,-.193,-.217,.04,-.0446
2021,9,24,-.0657,.00857,.317,-.193,-.213,.04,-.0446
2021,9,25,-.0671,.00857,.324,-.191,-.21,.0386,-.0421
2021,9,26,-.0671,.00857,.326,-.191,-.207,.0386,-.0421
2021,9,27,-.0671,.00857,.333,-.191,-.204,.0386,-.0421
2021,9,28,-.0686,.00714,.331,-.191,-.201,.0371,-.0407
2021,9,29,-.0671,.00857,.343,-.19,-.2,.0357,-.0391
2021,9,30,-.0643,.01,.343,-.187,-.199,.0357,-.0391
2021,10,1,-.06,.0157,.339,-.184,-.197,.0357,-.0391
2021,10,2,-.0571,.02,.326,-.184,-.199,.0371,-.0416
2021,10,3,-.0557,.0229,.307,-.186,-.2,.0371,-.0416
2021,10,4,-.0543,.0271,.293,-.187,-.2,.0371,-.0416
2021,10,5,-.0514,.0314,.29,-.186,-.2,.0371,-.0416
2021,10,6,-.0514,.0314,.284,-.184,-.2,.0371,-.0416
2021,10,7,-.0529,.0314,.283,-.183,-.2,.0371,-.0416
2021,10,8,-.0557,.0257,.279,-.184,-.201,.0386,-.0429
2021,10,9,-.0571,.0229,.279,-.183,-.201,.0386,-.0429
2021,10,10,-.0586,.02,.284,-.183,-.201,.0386,-.0429
2021,10,11,-.0571,.0157,.294,-.184,-.211,.0414,-.0463
2021,10,12,-.0586,.0129,.294,-.181,-.211,.0414,-.0463
2021,10,13,-.0586,.0114,.29,-.18,-.211,.0414,-.0463
2021,10,14,-.0571,.0114,.289,-.18,-.211,.0414,-.0463
2021,10,15,-.0557,.0129,.284,-.18,-.211,.04,-.045
2021,10,16,-.0543,.0129,.274,-.181,-.211,.0386,-.0424
2021,10,17,-.0514,.0129,.273,-.179,-.211,.0386,-.0424
2021,10,18,-.0529,.0129,.266,-.174,-.2,.0357,-.0391
2021,10,19,-.0514,.0129,.269,-.176,-.199,.0357,-.0391
2021,10,20,-.05,.0129,.271,-.176,-.199,.0357,-.0391
2021,10,21,-.05,.0114,.264,-.177,-.199,.0357,-.0391
2021,10,22,-.0514,.01,.257,-.177,-.197,.0357,-.0391
2021,10,23,-.0529,.00857,.243,-.179,-.197,.0371,-.0416
2021,10,24,-.0571,.00571,.211,-.184,-.199,.0386,-.0445
2021,10,25,-.06,.00429,.187,-.187,-.199,.04,-.0462
2021,10,26,-.0614,.00429,.16,-.191,-.199,.0414,-.0476
2021,10,27,-.0614,.00571,.141,-.193,-.197,.0414,-.0476
2021,10,28,-.0614,.00714,.121,-.194,-.196,.0414,-.0476
2021,10,29,-.0629,.00857,.1,-.199,-.194,.0429,-.0489
2021,10,30,-.0629,.0143,.0814,-.203,-.194,.0429,-.0489
2021,10,31,-.0614,.0229,.111,-.2,-.194,.0414,-.046
2021,11,1,-.0586,.0257,.116,-.197,-.194,.0414,-.046
2021,11,2,-.0571,.0257,.117,-.196,-.196,.0414,-.046
2021,11,3,-.0586,.0271,.109,-.197,-.196,.0414,-.046
2021,11,4,-.06,.0257,.103,-.199,-.196,.0429,-.0475
2021,11,5,-.06,.0229,.1,-.199,-.196,.0429,-.0475
2021,11,6,-.0614,.0157,.0929,-.199,-.196,.0443,-.05
2021,11,7,-.06,.01,.07,-.203,-.193,.0457,-.0529
2021,11,8,-.0614,.00857,.0757,-.204,-.19,.0443,-.0512
2021,11,9,-.0629,.00857,.0786,-.201,-.187,.0429,-.0498
2021,11,10,-.0614,.00714,.0857,-.199,-.186,.0429,-.0498
2021,11,11,-.0557,.00714,.0914,-.203,-.201,.0457,-.0527
2021,11,12,-.0571,.00571,.0857,-.204,-.204,.0471,-.0541
2021,11,13,-.0557,.00571,.0729,-.204,-.204,.0471,-.0541
2021,11,14,-.0571,.00286,.0514,-.204,-.206,.0471,-.0541
2021,11,15,-.0557,.00286,.0343,-.204,-.207,.0486,-.0557
2021,11,16,-.0543,.00429,.0257,-.204,-.207,.0486,-.0557
2021,11,17,-.0543,.00429,.0171,-.204,-.207,.0486,-.0557
2021,11,18,-.0586,.00429,.00429,-.197,-.191,.0443,-.0514
2021,11,19,-.0571,.00714,-.00143,-.193,-.187,.0429,-.0501
2021,11,20,-.0571,.01,-.00857,-.184,-.184,.0429,-.0501
2021,11,21,-.0571,.0129,-.00857,-.18,-.18,.0429,-.0501
2021,11,22,-.05,.0229,-.00714,-.179,-.187,.0429,-.0501
2021,11,23,-.0371,.0429,-.00714,-.171,-.197,.0443,-.0514
2021,11,24,-.0114,.0914,-.00429,-.159,-.22,.0457,-.053
2021,11,25,-.0957,.0514,-.00857,-.196,-.309,.0657,-.0732
2021,11,26,-.103,.0371,.00143,-.223,-.367,.08,-.087
2021,11,27,-.116,.0214,-.01,-.23,-.383,.0829,-.092
2021,11,28,-.123,.0114,-.0229,-.223,-.387,.0843,-.0949
2021,11,29,-.131,3.19e-09,-.03,-.223,-.38,.0843,-.0949
2021,11,30,-.146,-.0214,-.0414,-.229,-.37,.0843,-.0949
2021,12,1,-.17,-.0671,-.0514,-.241,-.349,.0829,-.0933
2021,12,2,-.0871,-.0257,-.0429,-.207,-.26,.0643,-.0746
2021,12,3,-.0786,-.01,-.0443,-.184,-.201,.05,-.0608
2021,12,4,-.0657,.00429,-.0286,-.186,-.183,.0471,-.0558
2021,12,5,-.06,.0129,-.0229,-.2,-.179,.0471,-.0558
2021,12,6,-.0614,.0143,-.0329,-.206,-.179,.0471,-.0558
2021,12,7,-.0614,.0143,-.04,-.211,-.177,.0471,-.0558
2021,12,8,-.0643,.01,-.05,-.216,-.174,.0486,-.0574
2021,12,9,-.0643,.00857,-.0671,-.219,-.171,.0486,-.0574
2021,12,10,-.0686,.00571,-.08,-.22,-.17,.05,-.0588
2021,12,11,-.0714,.00429,-.101,-.223,-.169,.05,-.0588
2021,12,12,-.0686,.00571,-.104,-.223,-.166,.0486,-.0559
2021,12,13,-.0643,.00857,-.0986,-.221,-.163,.0486,-.0559
2021,12,14,-.06,.0129,-.0957,-.22,-.163,.0486,-.0559
2021,12,15,-.0529,.0214,-.0929,-.217,-.164,.0471,-.0543
2021,12,16,-.0443,.0286,-.0843,-.213,-.166,.0457,-.0528
2021,12,17,-.0371,.0343,-.08,-.209,-.167,.0443,-.0514
2021,12,18,-.0343,.0386,-.0886,-.201,-.17,.0443,-.0514
2021,12,19,-.03,.0414,-.0971,-.197,-.17,.0443,-.0514
2021,12,20,-.0171,.0514,-.0929,-.196,-.183,.0457,-.0531
2021,12,21,-.00429,.0643,-.0914,-.193,-.197,.0471,-.0545
2021,12,22,.01,.0829,-.0871,-.191,-.214,.05,-.0577
2021,12,23,.03,.123,-.0857,-.193,-.246,.0557,-.0635
2021,12,24,.00714,.149,-.0957,-.22,-.313,.0714,-.0787
2021,12,25,-.0957,.0614,-.12,-.263,-.397,.0829,-.0987
2021,12,26,-.113,.0443,-.11,-.27,-.416,.0857,-.105
2021,12,27,-.126,.0286,-.104,-.279,-.441,.0943,-.115
2021,12,28,-.143,.01,-.0957,-.287,-.46,.101,-.122
2021,12,29,-.163,-.0157,-.1,-.297,-.476,.109,-.13
2021,12,30,-.186,-.05,-.1,-.306,-.48,.114,-.135
2021,12,31,-.179,-.0629,-.0886,-.307,-.471,.116,-.137
2022,1,1,-.13,-.0271,-.0843,-.304,-.44,.119,-.142
2022,1,2,-.14,-.03,-.11,-.309,-.436,.123,-.151
2022,1,3,-.151,-.03,-.136,-.313,-.421,.123,-.151
2022,1,4,-.161,-.03,-.159,-.316,-.401,.121,-.149
2022,1,5,-.177,-.0329,-.174,-.321,-.379,.119,-.146
2022,1,6,-.201,-.0514,-.197,-.329,-.356,.116,-.143
2022,1,7,-.214,-.0843,-.23,-.324,-.311,.11,-.138
2022,1,8,-.18,-.0457,-.221,-.309,-.266,.103,-.125
2022,1,9,-.181,-.0443,-.221,-.321,-.261,.103,-.125
2022,1,10,-.186,-.0486,-.219,-.324,-.246,.0986,-.12
2022,1,11,-.191,-.0557,-.219,-.331,-.241,.0971,-.119
2022,1,12,-.191,-.06,-.209,-.331,-.239,.0957,-.117
2022,1,13,-.187,-.0586,-.194,-.329,-.234,.0929,-.114
2022,1,14,-.177,-.0471,-.174,-.32,-.229,.0886,-.11
2022,1,15,-.179,-.0471,-.174,-.321,-.23,.0886,-.11
2022,1,16,-.184,-.0543,-.17,-.327,-.236,.0886,-.11
2022,1,17,-.189,-.0657,-.161,-.337,-.269,.0957,-.118
2022,1,18,-.189,-.0671,-.153,-.331,-.27,.0943,-.117
2022,1,19,-.189,-.0686,-.153,-.33,-.27,.0943,-.117
2022,1,20,-.193,-.0771,-.166,-.333,-.27,.0957,-.118
2022,1,21,-.197,-.0871,-.176,-.336,-.267,.0957,-.118
2022,1,22,-.196,-.0929,-.17,-.336,-.264,.0943,-.116
2022,1,23,-.187,-.0871,-.16,-.327,-.256,.0914,-.11
2022,1,24,-.186,-.0814,-.16,-.314,-.22,.0829,-.0999
2022,1,25,-.184,-.0829,-.163,-.316,-.216,.0814,-.0986
2022,1,26,-.184,-.0857,-.167,-.317,-.213,.08,-.097
2022,1,27,-.179,-.0814,-.156,-.313,-.207,.0771,-.0941
2022,1,28,-.173,-.0729,-.147,-.309,-.203,.0743,-.0913
2022,1,29,-.177,-.08,-.146,-.316,-.207,.0757,-.0938
2022,1,30,-.176,-.0786,-.144,-.314,-.206,.0743,-.0909
2022,1,31,-.17,-.0729,-.14,-.311,-.203,.0714,-.0875
2022,2,1,-.16,-.0586,-.13,-.306,-.2,.0686,-.0847
2022,2,2,-.161,-.0557,-.13,-.304,-.203,.07,-.0863
2022,2,3,-.176,-.0671,-.143,-.313,-.217,.0771,-.0935
2022,2,4,-.186,-.0814,-.153,-.32,-.23,.0843,-.1
2022,2,5,-.173,-.0686,-.144,-.306,-.221,.08,-.0929
2022,2,6,-.164,-.0629,-.133,-.301,-.219,.0786,-.09
2022,2,7,-.163,-.0643,-.13,-.299,-.217,.0786,-.09
2022,2,8,-.166,-.0743,-.126,-.297,-.216,.0786,-.09
2022,2,9,-.156,-.0714,-.104,-.29,-.209,.0743,-.0852
2022,2,10,-.136,-.0557,-.0714,-.274,-.191,.0643,-.0752
2022,2,11,-.119,-.0386,-.0357,-.259,-.176,.0543,-.0655
2022,2,12,-.111,-.0271,-.00571,-.25,-.174,.0514,-.0605
2022,2,13,-.117,-.0114,-.0171,-.25,-.176,.05,-.0576
2022,2,14,-.104,.00429,-.0114,-.249,-.177,.0486,-.0559
2022,2,15,-.107,.00143,-.01,-.247,-.176,.0486,-.0559
2022,2,16,-.109,-.00143,-.01,-.246,-.174,.0486,-.0559
2022,2,17,-.114,-.01,-.0186,-.247,-.176,.05,-.0573
2022,2,18,-.117,-.0186,-.0286,-.247,-.18,.0514,-.0587
2022,2,19,-.119,-.03,-.0371,-.246,-.181,.0529,-.0612
2022,2,20,-.104,-.0443,0,-.237,-.181,.0529,-.0612
2022,2,21,-.107,-.0586,.03,-.24,-.203,.0571,-.0663
2022,2,22,-.107,-.0614,.0214,-.243,-.207,.0586,-.0677
2022,2,23,-.11,-.0643,.0157,-.246,-.211,.06,-.0693
2022,2,24,-.11,-.0643,.00571,-.249,-.216,.0614,-.0707
2022,2,25,-.113,-.0686,-.00429,-.256,-.216,.0629,-.0721
2022,2,26,-.113,-.0686,-.0114,-.257,-.214,.0614,-.0696
2022,2,27,-.116,-.0686,-.0314,-.257,-.213,.0614,-.0696
2022,2,28,-.12,-.0686,-.0543,-.251,-.189,.0557,-.0628
2022,3,1,-.11,-.06,-.0286,-.246,-.184,.0529,-.06
2022,3,2,-.103,-.0557,-.00714,-.241,-.18,.0486,-.0552
2022,3,3,-.0929,-.0486,.0157,-.237,-.173,.0429,-.0495
2022,3,4,-.0857,-.0414,.0314,-.231,-.167,.0386,-.0453
2022,3,5,-.0829,-.0386,.0571,-.231,-.167,.0371,-.0428
2022,3,6,-.0814,-.0371,.0757,-.233,-.167,.0371,-.0428
2022,3,7,-.0871,-.04,.0714,-.236,-.167,.0386,-.0445
2022,3,8,-.0943,-.0457,.0571,-.24,-.166,.0386,-.0445
2022,3,9,-.101,-.0514,.0329,-.246,-.166,.0414,-.0477
2022,3,10,-.107,-.0557,.0243,-.249,-.166,.0429,-.0491
2022,3,11,-.113,-.0571,.0186,-.251,-.169,.0443,-.0505
2022,3,12,-.126,-.07,-.0271,-.26,-.173,.0486,-.058
2022,3,13,-.13,-.0743,-.0414,-.26,-.173,.0486,-.058
2022,3,14,-.127,-.0729,-.0171,-.259,-.177,.0486,-.058
2022,3,15,-.124,-.0714,.0129,-.256,-.181,.0486,-.058
2022,3,16,-.116,-.0671,.0571,-.25,-.184,.0471,-.0564
2022,3,17,-.111,-.0671,.0843,-.247,-.189,.0471,-.0564
2022,3,18,-.107,-.0686,.111,-.243,-.193,.0457,-.0551
2022,3,19,-.0971,-.0586,.157,-.233,-.19,.0414,-.0475
2022,3,20,-.0914,-.0543,.191,-.226,-.19,.04,-.0446
2022,3,21,-.0914,-.0557,.197,-.226,-.187,.0386,-.0429
2022,3,22,-.0943,-.0586,.187,-.227,-.184,.0386,-.0429
2022,3,23,-.1,-.0629,.157,-.23,-.183,.0386,-.0429
2022,3,24,-.103,-.0643,.141,-.231,-.18,.0386,-.0429
2022,3,25,-.103,-.0629,.137,-.233,-.174,.0371,-.0416
2022,3,26,-.103,-.0629,.141,-.234,-.173,.0371,-.0416
2022,3,27,-.106,-.0643,.121,-.239,-.173,.0371,-.0416
2022,3,28,-.109,-.0671,.0971,-.241,-.171,.0386,-.0433
2022,3,29,-.109,-.0671,.09,-.243,-.17,.0386,-.0433
2022,3,30,-.109,-.0671,.0957,-.244,-.169,.0386,-.0433
2022,3,31,-.107,-.0671,.0943,-.244,-.167,.0386,-.0433
2022,4,1,-.103,-.0629,.0929,-.243,-.166,.0386,-.0433
2022,4,2,-.1,-.06,.103,-.241,-.166,.0386,-.0433
2022,4,3,-.0971,-.0571,.11,-.241,-.164,.0386,-.0433
2022,4,4,-.0929,-.0514,.129,-.239,-.164,.0357,-.0399
2022,4,5,-.0914,-.0486,.137,-.236,-.166,.0357,-.0399
2022,4,6,-.09,-.0457,.141,-.233,-.166,.0357,-.0399
2022,4,7,-.09,-.0443,.147,-.231,-.166,.0357,-.0399
2022,4,8,-.0914,-.0443,.15,-.23,-.167,.0357,-.0399
2022,4,9,-.09,-.0414,.149,-.227,-.167,.0357,-.0399
2022,4,10,-.0871,-.0386,.161,-.223,-.167,.0343,-.037
2022,4,11,-.0857,-.0357,.167,-.221,-.167,.0357,-.0387
2022,4,12,-.0829,-.0329,.183,-.22,-.167,.0343,-.0373
2022,4,13,-.08,-.03,.193,-.22,-.169,.0329,-.0357
2022,4,14,-.0729,-.0214,.21,-.217,-.171,.0314,-.0342
2022,4,15,-.0686,-.0143,.23,-.221,-.193,.0357,-.0384
2022,4,16,-.0714,-.00143,.23,-.229,-.201,.0357,-.0384
2022,4,17,-.11,-.0229,.226,-.239,-.223,.0357,-.0384
2022,4,18,-.113,-.03,.21,-.241,-.231,.0371,-.0401
2022,4,19,-.116,-.0343,.197,-.244,-.231,.0386,-.0415
2022,4,20,-.116,-.0357,.203,-.243,-.23,.0386,-.0415
2022,4,21,-.12,-.0414,.21,-.244,-.229,.0386,-.0415
2022,4,22,-.123,-.05,.21,-.24,-.209,.0343,-.0373
2022,4,23,-.119,-.0629,.254,-.231,-.2,.0329,-.0348
2022,4,24,-.08,-.0414,.28,-.22,-.18,.0329,-.0348
2022,4,25,-.0771,-.0357,.296,-.216,-.17,.03,-.0314
2022,4,26,-.0743,-.0314,.299,-.213,-.167,.0286,-.03
2022,4,27,-.0729,-.0286,.299,-.211,-.164,.0271,-.0284
2022,4,28,-.0714,-.0257,.294,-.209,-.161,.0257,-.027
2022,4,29,-.07,-.0214,.293,-.206,-.159,.0243,-.0256
2022,4,30,-.07,-.02,.276,-.206,-.159,.0243,-.0256
2022,5,1,-.0686,-.0171,.269,-.206,-.157,.0243,-.0256
2022,5,2,-.0657,-.0129,.271,-.207,-.157,.0243,-.0256
2022,5,3,-.0614,-.00714,.277,-.206,-.157,.0243,-.0256
2022,5,4,-.06,-.00286,.277,-.206,-.159,.0243,-.0256
2022,5,5,-.0557,.00143,.281,-.206,-.159,.0243,-.0256
2022,5,6,-.0557,.00286,.263,-.209,-.16,.0257,-.027
2022,5,7,-.0514,.0143,.247,-.211,-.163,.0257,-.027
2022,5,8,-.0443,.0229,.234,-.213,-.166,.0243,-.0241
2022,5,9,-.0443,.0214,.25,-.21,-.167,.0243,-.0241
2022,5,10,-.0429,.02,.273,-.209,-.169,.0229,-.0227
2022,5,11,-.0429,.0186,.291,-.207,-.169,.0229,-.0227
2022,5,12,-.0457,.0157,.306,-.206,-.17,.0229,-.0227
2022,5,13,-.0471,.0143,.337,-.203,-.17,.0214,-.0213
2022,5,14,-.0529,.00286,.367,-.199,-.17,.0214,-.0213
2022,5,15,-.0614,-.00571,.396,-.194,-.169,.0229,-.0242
2022,5,16,-.0629,-.00571,.394,-.194,-.169,.0229,-.0242
2022,5,17,-.0657,-.00714,.399,-.193,-.169,.0229,-.0242
2022,5,18,-.0657,-.00857,.393,-.191,-.17,.0229,-.0242
2022,5,19,-.0657,-.00857,.389,-.191,-.171,.0229,-.0242
2022,5,20,-.0657,-.01,.381,-.191,-.173,.0229,-.0242
2022,5,21,-.0686,-.01,.376,-.19,-.173,.0229,-.0242
2022,5,22,-.07,-.0114,.369,-.19,-.174,.0229,-.0242
2022,5,23,-.0686,-.0114,.367,-.189,-.176,.0229,-.0242
2022,5,24,-.0686,-.0129,.353,-.19,-.179,.0243,-.0256
2022,5,25,-.0671,-.0114,.349,-.19,-.181,.0257,-.0272
2022,5,26,-.0643,-.01,.346,-.187,-.184,.0271,-.0286
2022,5,27,-.0629,-.00571,.354,-.184,-.193,.0286,-.03
2022,5,28,-.0643,-.00286,.364,-.184,-.201,.0286,-.03
2022,5,29,-.0629,0,.42,-.186,-.207,.0257,-.0242
2022,5,30,-.0671,-.00429,.499,-.203,-.279,.04,-.0411
2022,5,31,-.0671,0,.51,-.2,-.284,.04,-.0411
2022,6,1,-.0671,.00286,.517,-.199,-.287,.04,-.0411
2022,6,2,-.07,.00286,.524,-.201,-.29,.04,-.0411
2022,6,3,-.07,.00286,.531,-.203,-.287,.04,-.0411
2022,6,4,-.0686,.00143,.537,-.2,-.279,.04,-.0411
2022,6,5,-.07,0,.5,-.196,-.273,.0429,-.047
2022,6,6,-.0657,.00571,.431,-.177,-.209,.03,-.0317
2022,6,7,-.0657,.00286,.431,-.179,-.209,.0314,-.0331
2022,6,8,-.0671,-.00143,.437,-.179,-.211,.0329,-.0347
2022,6,9,-.0671,-.00286,.449,-.177,-.214,.0343,-.0362
2022,6,10,-.0686,-.00571,.453,-.176,-.219,.0343,-.0362
2022,6,11,-.07,-.00714,.45,-.174,-.22,.0343,-.0362
2022,6,12,-.0714,-.00857,.436,-.174,-.22,.0343,-.0362
2022,6,13,-.0714,-.01,.436,-.174,-.221,.0343,-.0362
2022,6,14,-.0714,-.01,.441,-.173,-.223,.0343,-.0362
2022,6,15,-.07,-.00714,.45,-.171,-.224,.0343,-.0362
2022,6,16,-.07,-.00571,.446,-.17,-.226,.0343,-.0362
2022,6,17,-.07,-.00286,.451,-.169,-.229,.0357,-.0375
2022,6,18,-.0671,.00429,.461,-.166,-.23,.0343,-.035
2022,6,19,-.0629,.01,.484,-.164,-.233,.0314,-.0292
2022,6,20,-.0614,.01,.506,-.167,-.246,.0343,-.0326
2022,6,21,-.0614,.01,.511,-.167,-.247,.0343,-.0326
2022,6,22,-.0643,.00714,.507,-.169,-.249,.0343,-.0326
2022,6,23,-.0657,.00571,.517,-.169,-.25,.0343,-.0326
2022,6,24,-.0671,.00286,.523,-.169,-.25,.0343,-.0326
2022,6,25,-.0714,-.00429,.524,-.17,-.249,.0357,-.0351
2022,6,26,-.0771,-.0114,.521,-.166,-.244,.0386,-.0409
2022,6,27,-.08,-.0129,.504,-.163,-.234,.0357,-.0375
