year,month,day_endofweek,bg_posts,bg_posts_ss30,bg_posts_ss55,bg_posts_ss60,bg_posts_ss65,bg_posts_ss70,bg_posts_jz1,bg_posts_jzgrp12,bg_posts_jz2,bg_posts_jz3,bg_posts_jzgrp345,bg_posts_jz4,bg_posts_jz5
2020,1,10,-0.0456,-0.0633,-0.0607,-0.0961,-0.0911,0.0104,0.0577,0.00719,0.0013,-0.0551,-0.0738,-0.08,-0.0899
2020,1,17,0.117,0.125,0.0876,0.154,0.144,0.115,0.0732,0.102,0.106,0.102,0.123,0.116,0.225
2020,1,24,-0.0915,-0.0913,-0.071,-0.144,-0.086,-0.0148,-0.0561,-0.0573,-0.0575,-0.0927,-0.108,-0.105,-0.17
2020,1,31,0.0201,0.0294,0.044,0.0862,0.0334,-0.111,-0.0748,-0.0522,-0.0496,0.0459,0.0588,0.069,0.0348
2020,2,7,-0.0937,-0.104,-0.0116,-0.134,-0.0949,-0.116,-0.0403,-0.0854,-0.0906,-0.103,-0.101,-0.0943,-0.133
2020,2,14,0.191,0.256,0.18,0.15,0.169,0.0699,0.145,0.143,0.143,0.213,0.214,0.213,0.227
2020,2,21,0.0251,0.0441,-0.0302,-0.00871,0.0296,-0.181,-0.0758,-0.0029,0.00561,0.0471,0.0378,0.0314,0.0494
2020,2,28,0.0363,0.0422,0.0754,0.0651,0.0417,-0.0814,-0.053,-0.0389,-0.0372,0.0124,0.0697,0.0628,0.273
2020,3,6,-0.00575,0.00117,-0.063,-0.0687,-0.0196,0.0647,0.0948,0.0233,0.015,-0.0216,-0.0208,-0.0254,0.00952
2020,3,13,-0.028,-0.0176,0.000789,-0.0506,-0.047,-0.0206,0.0154,-0.0351,-0.0409,-0.0359,-0.0285,-0.0208,-0.0533
2020,3,20,0.0452,-0.0702,-0.0255,0.065,-0.0273,-0.0834,0.0311,0.0589,0.0622,0.0258,0.0334,0.0402,0.0146
2020,3,27,-0.073,-0.223,-0.141,-0.0627,-0.154,-0.411,-0.189,-0.0917,-0.0803,-0.128,-0.0707,-0.0401,-0.0932
2020,4,3,-0.198,-0.328,-0.281,-0.167,-0.254,-0.568,-0.35,-0.252,-0.24,-0.25,-0.178,-0.149,-0.15
2020,4,10,-0.28,-0.389,-0.294,-0.219,-0.353,-0.581,-0.412,-0.349,-0.342,-0.323,-0.25,-0.225,-0.195
2020,4,17,-0.33,-0.393,-0.324,-0.294,-0.384,-0.543,-0.374,-0.35,-0.347,-0.368,-0.327,-0.313,-0.291
2020,4,24,-0.363,-0.457,-0.423,-0.24,-0.446,-0.535,-0.479,-0.428,-0.422,-0.429,-0.339,-0.307,-0.277
2020,5,1,-0.339,-0.443,-0.43,-0.305,-0.381,-0.47,-0.33,-0.32,-0.318,-0.367,-0.361,-0.366,-0.318
2020,5,8,-0.334,-0.418,-0.393,-0.338,-0.362,-0.53,-0.294,-0.274,-0.272,-0.375,-0.374,-0.393,-0.255
2020,5,15,-0.334,-0.46,-0.432,-0.294,-0.406,-0.53,-0.38,-0.299,-0.289,-0.384,-0.362,-0.371,-0.25
2020,5,22,-0.264,-0.378,-0.398,-0.276,-0.282,-0.428,-0.184,-0.205,-0.207,-0.282,-0.309,-0.336,-0.218
2020,5,29,-0.294,-0.369,-0.309,-0.402,-0.339,-0.374,-0.15,-0.192,-0.197,-0.311,-0.352,-0.363,-0.401
2020,6,5,-0.128,-0.21,-0.135,-0.177,-0.142,-0.21,0.0682,-0.0243,-0.0351,-0.159,-0.19,-0.217,-0.118
2020,6,12,-0.171,-0.258,-0.162,-0.233,-0.211,-0.266,-0.0455,-0.0496,-0.0501,-0.183,-0.238,-0.259,-0.272
2020,6,19,-0.136,-0.236,-0.153,-0.275,-0.235,-0.123,0.0435,0.0265,0.0246,-0.134,-0.225,-0.257,-0.286
2020,6,26,0.07,-0.0219,-0.077,-0.0801,-0.0212,0.336,0.465,0.286,0.265,0.0754,-0.0474,-0.101,-0.0751
2020,7,3,-0.155,-0.268,-0.227,-0.177,-0.203,-0.381,-0.203,-0.0983,-0.086,-0.169,-0.194,-0.232,-0.0373
2020,7,10,-0.226,-0.355,-0.34,-0.343,-0.237,-0.261,-0.0354,-0.0207,-0.019,-0.253,-0.34,-0.395,-0.258
2020,7,17,-0.155,-0.208,-0.221,-0.221,-0.146,-0.221,-0.0529,-0.0252,-0.022,-0.162,-0.229,-0.27,-0.178
2020,7,24,-0.167,-0.144,-0.204,-0.239,-0.076,-0.343,-0.111,-0.059,-0.0529,-0.137,-0.233,-0.278,-0.233
2020,7,31,-0.14,-0.219,-0.277,-0.249,-0.0492,-0.284,-0.0396,0.0078,0.0133,-0.104,-0.225,-0.28,-0.232
2020,8,7,-0.016,-0.0939,-0.0547,-0.153,-0.0399,-0.217,0.0842,0.255,0.275,-0.0179,-0.168,-0.231,-0.214
2020,8,14,-0.243,-0.327,-0.313,-0.271,-0.222,-0.422,-0.241,-0.122,-0.108,-0.241,-0.314,-0.348,-0.316
2020,8,21,-0.143,-0.111,-0.144,-0.264,-0.0894,-0.351,-0.0736,0.0257,0.0372,-0.104,-0.243,-0.302,-0.285
2020,8,28,-0.123,-0.0236,-0.151,-0.223,-0.0976,-0.303,-0.122,0.0466,0.0662,-0.103,-0.218,-0.27,-0.232
2020,9,4,-0.135,-0.175,-0.196,-0.273,0.0691,-0.277,-0.13,-0.0347,-0.0236,-0.0862,-0.195,-0.255,-0.146
2020,9,11,-0.214,-0.209,-0.194,-0.326,-0.23,-0.33,-0.125,-0.044,-0.0345,-0.223,-0.307,-0.334,-0.381
2020,9,18,-0.0311,-0.0352,-0.052,-0.136,-0.0833,-0.179,-0.0215,0.112,0.127,-0.0181,-0.11,-0.155,-0.101
2020,9,25,-0.204,-0.206,-0.231,-0.287,-0.187,-0.275,-0.186,-0.0644,-0.0502,-0.242,-0.284,-0.318,-0.201
2020,10,2,-0.0909,-0.0799,-0.104,-0.196,-0.0653,-0.164,0.0328,0.0917,0.0986,-0.0979,-0.193,-0.234,-0.222
2020,10,9,-0.113,-0.12,-0.149,-0.155,-0.0695,-0.261,-0.109,0.0163,0.0308,-0.118,-0.186,-0.22,-0.175
2020,10,16,-0.0713,0.0309,0.00794,-0.193,-0.0435,-0.232,-0.0356,0.0918,0.107,-0.0641,-0.159,-0.204,-0.161
2020,10,23,-0.0757,-0.0806,-0.0819,-0.125,-0.12,-0.155,-0.0799,0.136,0.161,-0.0992,-0.188,-0.219,-0.258
2020,10,30,-0.142,-0.0898,-0.189,-0.271,-0.0662,-0.271,-0.0978,-0.0194,-0.0103,-0.0868,-0.211,-0.265,-0.235
2020,11,6,-0.139,-0.126,-0.173,-0.257,-0.0325,-0.286,-0.139,-0.000482,0.0156,-0.099,-0.218,-0.273,-0.222
2020,11,13,-0.187,-0.186,-0.187,-0.243,-0.14,-0.36,-0.193,-0.0803,-0.0671,-0.139,-0.244,-0.286,-0.289
2020,11,20,-0.192,-0.124,-0.281,-0.296,-0.191,-0.377,-0.222,-0.0648,-0.0465,-0.139,-0.261,-0.326,-0.218
2020,11,27,-0.296,-0.313,-0.249,-0.341,-0.193,-0.381,-0.256,-0.235,-0.233,-0.258,-0.332,-0.375,-0.286
2020,12,4,-0.347,-0.43,-0.458,-0.328,-0.342,-0.458,-0.362,-0.272,-0.261,-0.356,-0.388,-0.423,-0.268
2020,12,11,-0.143,-0.116,-0.172,-0.202,-0.112,-0.32,-0.201,-0.0508,-0.0332,-0.0852,-0.195,-0.252,-0.166
2020,12,18,-0.17,-0.167,-0.237,-0.169,-0.0814,-0.387,-0.307,-0.158,-0.141,-0.128,-0.181,-0.226,-0.0548
2020,12,25,-0.149,-0.0914,-0.11,-0.14,-0.124,-0.403,-0.301,-0.138,-0.118,-0.143,-0.158,-0.17,-0.129
2021,1,1,-0.442,-0.55,-0.492,-0.495,-0.457,-0.426,-0.345,-0.347,-0.347,-0.412,-0.491,-0.529,-0.489
2021,1,8,-0.17,-0.192,-0.313,-0.285,-0.141,-0.107,-0.0224,-0.0269,-0.0274,-0.111,-0.245,-0.309,-0.238
2021,1,15,-0.0423,-0.0428,-0.107,-0.117,0.0382,-0.106,-0.0367,0.0592,0.0704,0.0403,-0.0958,-0.154,-0.134
2021,1,22,-0.113,-0.0301,-0.192,-0.195,-0.0601,-0.264,-0.0733,-0.0302,-0.0252,-0.0104,-0.163,-0.237,-0.147
2021,1,29,0.0136,0.188,0.106,-0.081,0.0422,-0.231,0.00228,0.0583,0.0648,0.0826,-0.0145,-0.0605,-0.0138
2021,2,5,-0.161,-0.0489,-0.199,-0.228,-0.122,-0.315,-0.125,-0.118,-0.117,-0.102,-0.186,-0.219,-0.221
2021,2,12,-0.00702,0.107,-0.048,-0.0472,-0.0445,-0.206,-0.0798,0.0404,0.0544,0.0136,-0.0345,-0.0416,-0.128
2021,2,19,-0.00798,0.166,-0.0448,-0.133,-0.00257,-0.218,0.00466,0.0854,0.0948,0.0366,-0.0609,-0.11,-0.0424
2021,2,26,0.0753,0.153,-0.0263,0.00126,0.08,-0.0312,0.196,0.1,0.0888,0.0946,0.0603,0.0293,0.149
2021,3,5,0.062,0.0577,-0.0477,0.00753,0.0623,-0.0867,0.223,0.12,0.108,0.0784,0.0278,-0.0226,0.186
2021,3,12,0.148,0.198,0.0306,0.000486,0.177,0.113,0.453,0.283,0.263,0.19,0.0755,0.0225,0.0689
2021,3,19,-0.0177,0.0457,-0.0814,-0.161,-0.0191,0.0657,0.341,0.135,0.111,0.00775,-0.1,-0.147,-0.128
2021,3,26,0.22,0.248,0.204,-0.00429,0.151,0.274,0.742,0.467,0.435,0.214,0.0854,0.0379,0.00546
2021,4,2,0.0893,0.104,0.116,-0.135,0.0812,0.201,0.546,0.315,0.289,0.0847,-0.0328,-0.0826,-0.0673
2021,4,9,0.0564,-0.0325,0.0164,-0.156,-0.0518,0.0971,0.423,0.283,0.267,0.041,-0.065,-0.118,-0.0506
2021,4,16,0.208,0.202,0.162,-0.0138,0.0667,0.272,0.723,0.505,0.479,0.205,0.0493,-0.00232,-0.083
2021,4,23,0.202,0.251,0.15,-0.0854,0.191,0.253,0.656,0.474,0.453,0.208,0.0491,-0.0365,0.112
2021,4,30,0.207,0.145,0.186,-0.00233,0.279,0.164,0.48,0.377,0.365,0.187,0.111,0.0643,0.171
2021,5,7,0.222,0.366,0.295,0.0188,0.359,0.212,0.327,0.311,0.309,0.248,0.173,0.14,0.161
2021,5,14,0.342,0.411,0.184,0.0431,0.369,0.378,0.815,0.622,0.6,0.388,0.188,0.09,0.21
2021,5,21,0.0519,0.0712,-0.0259,-0.162,0.0541,0.201,0.455,0.261,0.238,0.0493,-0.0615,-0.12,-0.023
2021,5,28,0.177,0.234,0.17,0.00211,0.275,0.227,0.533,0.34,0.318,0.221,0.0909,0.0385,0.0376
2021,6,4,0.173,0.231,0.185,-0.0908,0.237,0.293,0.66,0.395,0.364,0.2,0.0438,-0.0261,0.0203
2021,6,11,0.256,0.397,0.338,-0.0456,0.275,0.299,0.665,0.459,0.435,0.287,0.141,0.085,0.065
2021,6,18,0.0933,0.0804,0.116,-0.184,0.132,0.162,0.43,0.303,0.288,0.145,-0.0209,-0.0871,-0.093
2021,6,25,0.063,0.0865,0.14,-0.0896,0.0716,0.0699,0.338,0.207,0.191,0.0697,-0.0164,-0.0474,-0.0745
2021,7,2,0.0664,0.219,0.0785,-0.198,0.213,0.114,0.334,0.202,0.187,0.0779,-0.00947,-0.0486,-0.0223
2021,7,9,-0.0549,0.0219,-0.077,-0.25,0.017,0.00152,0.2,0.069,0.0538,-0.0462,-0.119,-0.147,-0.157
2021,7,16,0.186,0.309,0.261,-0.131,0.207,0.488,0.684,0.388,0.353,0.225,0.0798,0.0245,-0.000806
2021,7,23,0.0607,0.0821,0.118,-0.126,0.0382,0.119,0.382,0.209,0.189,0.108,-0.0204,-0.0606,-0.142
2021,7,30,0.0674,0.192,0.0954,-0.13,0.111,0.133,0.368,0.167,0.144,0.167,0.0138,-0.0358,-0.124
2021,8,6,0.13,0.167,0.101,-0.0988,0.136,0.245,0.607,0.32,0.287,0.167,0.0261,-0.0254,-0.0638
2021,8,13,0.0211,0.19,0.0886,-0.192,0.0154,0.118,0.313,0.172,0.155,0.0626,-0.0582,-0.0935,-0.189
2021,8,20,0.0654,0.112,0.0759,-0.122,0.103,0.262,0.449,0.229,0.203,0.0912,-0.0233,-0.0656,-0.0941
2021,8,27,0.121,0.187,0.183,-0.148,0.125,0.0858,0.419,0.304,0.29,0.19,0.021,-0.0438,-0.0695
2021,9,3,0.00528,0.0632,0.0119,-0.253,0.0216,0.129,0.309,0.172,0.156,0.0469,-0.0877,-0.131,-0.209
2021,9,10,0.0608,0.0857,-0.0246,-0.254,0.091,0.126,0.45,0.338,0.324,0.0362,-0.0889,-0.148,-0.0915
2021,9,17,0.0342,0.103,0.0589,-0.209,0.0377,0.00558,0.251,0.204,0.198,0.0582,-0.0671,-0.105,-0.196
2021,9,24,0.000256,0.0266,0.00479,-0.243,0.0212,-0.0635,0.265,0.186,0.177,0.0235,-0.106,-0.139,-0.273
2021,10,1,-0.0135,0.0606,0.0328,-0.25,0.0434,-0.113,0.099,0.101,0.101,-0.0184,-0.0803,-0.105,-0.105
2021,10,8,0.131,0.286,0.229,-0.194,0.21,0.131,0.298,0.305,0.306,0.115,0.038,0.0226,-0.0863
2021,10,15,0.135,0.27,0.197,-0.209,0.217,0.0843,0.29,0.295,0.295,0.186,0.0443,0.00336,-0.11
2021,10,22,0.125,0.191,0.135,-0.11,0.229,-0.00586,0.204,0.27,0.277,0.148,0.0436,0.012,-0.0625
2021,10,29,0.0265,0.0386,0.051,-0.188,0.139,0.0612,0.135,0.158,0.161,0.0454,-0.0474,-0.0716,-0.166
2021,11,5,0.212,0.349,0.292,-0.0665,0.285,0.217,0.429,0.351,0.342,0.225,0.133,0.113,-0.00546
2021,11,12,0.0667,0.139,0.119,-0.22,0.209,0.126,0.262,0.193,0.185,0.108,-0.00632,-0.0549,-0.0395
2021,11,19,0.255,0.373,0.29,0.0402,0.38,0.343,0.416,0.372,0.367,0.3,0.189,0.142,0.159
2021,11,26,0.164,0.37,0.172,-0.0268,0.339,0.131,0.181,0.191,0.192,0.181,0.144,0.115,0.213
2021,12,3,0.145,0.21,0.119,-0.0689,0.254,0.278,0.397,0.264,0.249,0.126,0.069,0.0155,0.228
2021,12,10,0.146,0.18,0.185,0.0325,0.215,0.071,0.261,0.241,0.238,0.201,0.0908,0.0534,0.00277
2021,12,17,0.252,0.202,0.135,0.168,0.245,0.14,0.34,0.329,0.328,0.32,0.201,0.168,0.0594
2021,12,24,0.0598,0.125,0.0447,-0.119,0.109,0.0945,0.174,0.122,0.117,0.0962,0.0202,-0.008,-0.026
2021,12,31,-0.192,-0.287,-0.237,-0.327,-0.135,-0.092,-0.0477,-0.101,-0.107,-0.132,-0.24,-0.283,-0.284
2022,1,7,-0.0412,-0.087,-0.172,-0.284,-0.0234,0.136,0.356,0.115,0.0872,0.0398,-0.128,-0.195,-0.204
2022,1,14,0.163,0.464,0.247,-0.0152,0.188,0.0428,0.237,0.171,0.163,0.233,0.148,0.14,-0.0448
2022,1,21,0.0798,0.226,0.0629,-0.112,0.0734,0.0581,0.187,0.133,0.127,0.164,0.0427,-0.00305,-0.0272
2022,1,28,0.287,0.469,0.442,0.104,0.314,0.135,0.268,0.264,0.263,0.379,0.286,0.271,0.115
2022,2,4,0.392,0.549,0.348,0.0667,0.413,0.686,0.684,0.499,0.477,0.386,0.323,0.272,0.446
2022,2,11,0.381,0.587,0.47,0.144,0.379,0.441,0.49,0.44,0.434,0.408,0.341,0.33,0.214
2022,2,18,0.155,0.4,0.151,-0.0967,0.245,0.198,0.358,0.221,0.206,0.143,0.106,0.0914,0.0861
2022,2,25,0.367,0.612,0.433,0.14,0.353,0.444,0.591,0.417,0.397,0.39,0.329,0.319,0.217
2022,3,4,0.321,0.412,0.302,0.0633,0.345,0.478,0.749,0.432,0.394,0.303,0.248,0.235,0.176
2022,3,11,0.483,0.661,0.379,0.184,0.465,0.401,0.809,0.537,0.505,0.536,0.439,0.398,0.407
2022,3,18,0.317,0.464,0.267,0.0842,0.291,0.389,0.597,0.395,0.371,0.353,0.262,0.227,0.219
2022,3,25,0.328,0.544,0.407,0.0519,0.367,0.392,0.651,0.389,0.358,0.351,0.282,0.257,0.24
2022,4,1,0.294,0.595,0.345,0.0104,0.306,0.406,0.611,0.338,0.306,0.283,0.255,0.229,0.335
2022,4,8,0.334,0.376,0.266,0.0561,0.385,0.437,0.66,0.394,0.363,0.326,0.287,0.26,0.342
2022,4,15,0.185,0.284,0.193,-0.103,0.282,0.175,0.404,0.217,0.195,0.249,0.156,0.117,0.127
2022,4,22,0.296,0.465,0.388,0.052,0.276,0.409,0.544,0.319,0.292,0.338,0.27,0.245,0.227
2022,4,29,0.493,0.726,0.433,0.249,0.47,0.619,0.925,0.549,0.505,0.549,0.452,0.425,0.338
2022,5,6,0.381,0.57,0.414,0.0413,0.458,0.458,0.793,0.444,0.403,0.428,0.331,0.285,0.333
2022,5,13,0.417,0.605,0.363,0.0299,0.515,0.52,0.706,0.491,0.466,0.404,0.36,0.331,0.411
2022,5,20,0.251,0.496,0.232,-0.0802,0.39,0.338,0.491,0.305,0.284,0.258,0.207,0.187,0.181
2022,5,27,0.254,0.492,0.282,-0.0957,0.365,0.291,0.572,0.311,0.281,0.255,0.208,0.184,0.215
2022,6,3,0.0187,0.221,-0.0427,-0.234,0.122,0.093,0.244,0.0752,0.0556,0.0331,-0.0214,-0.0562,0.033
2022,6,10,0.326,0.672,0.256,-0.0432,0.472,0.287,0.509,0.337,0.317,0.407,0.302,0.243,0.357
2022,6,17,0.314,0.546,0.353,0.0416,0.418,0.277,0.462,0.304,0.286,0.384,0.3,0.249,0.364
2022,6,24,0.231,0.539,0.277,-0.031,0.335,0.165,0.342,0.193,0.176,0.299,0.232,0.197,0.252
2022,7,1,0.253,0.405,0.245,-0.0507,0.313,0.156,0.359,0.261,0.25,0.333,0.239,0.189,0.267
2022,7,8,0.166,0.415,0.0446,-0.16,0.236,0.409,0.446,0.205,0.177,0.222,0.135,0.0832,0.195
2022,7,15,0.202,0.457,0.166,-0.125,0.313,0.152,0.292,0.201,0.19,0.316,0.19,0.136,0.155
2022,7,22,0.197,0.491,0.103,-0.12,0.336,0.228,0.304,0.167,0.151,0.312,0.2,0.148,0.19
2022,7,29,0.185,0.466,0.138,-0.133,0.242,0.288,0.414,0.227,0.205,0.272,0.15,0.0948,0.131
2022,8,5,0.328,0.496,0.197,0.0478,0.448,0.327,0.485,0.342,0.325,0.418,0.306,0.236,0.41
2022,8,12,0.231,0.373,0.217,-0.0965,0.33,0.213,0.373,0.258,0.245,0.329,0.2,0.137,0.21
2022,8,19,0.201,0.353,0.157,-0.0916,0.364,0.188,0.514,0.284,0.257,0.274,0.145,0.074,0.209
2022,8,26,0.19,0.533,0.138,-0.0387,0.272,0.0862,0.429,0.202,0.175,0.243,0.171,0.141,0.146
2022,9,2,0.234,0.441,0.148,-0.0187,0.26,0.243,0.49,0.281,0.257,0.315,0.194,0.122,0.276
2022,9,9,0.0274,0.197,-0.104,-0.232,0.104,0.0947,0.243,0.0699,0.0497,0.113,-0.0093,-0.0771,0.0502
2022,9,16,0.158,0.362,0.132,-0.0718,0.185,0.142,0.248,0.183,0.175,0.24,0.13,0.0524,0.287
2022,9,23,0.234,0.572,0.0918,-0.0705,0.274,0.161,0.382,0.281,0.27,0.349,0.191,0.106,0.254
2022,9,30,0.188,0.582,0.136,-0.0947,0.228,0.202,0.369,0.218,0.2,0.281,0.16,0.109,0.129
2022,10,7,0.238,0.392,0.129,-0.0482,0.297,0.358,0.473,0.351,0.337,0.288,0.16,0.0832,0.254
2022,10,14,0.165,0.417,0.0269,-0.125,0.25,0.24,0.386,0.261,0.247,0.219,0.0985,0.0268,0.188
2022,10,21,0.143,0.386,0.113,-0.126,0.235,-0.00564,0.164,0.118,0.113,0.203,0.139,0.0944,0.222
2022,10,28,0.0396,0.247,-0.0585,-0.175,0.118,-0.00588,0.147,0.0252,0.0109,0.0714,0.03,-0.0106,0.156
2022,11,4,0.19,0.398,0.0579,-0.0436,0.295,0.229,0.283,0.185,0.173,0.246,0.17,0.0943,0.403
2022,11,11,0.149,0.391,0.135,-0.109,0.362,0.309,0.264,0.11,0.0916,0.187,0.15,0.0998,0.342
2022,11,18,0.141,0.377,0.128,-0.0959,0.26,0.166,0.145,0.109,0.105,0.251,0.141,0.0812,0.184
2022,11,25,-0.0719,0.151,-0.142,-0.315,0.143,-0.162,-0.0604,-0.0902,-0.0937,0.0148,-0.076,-0.147,0.0909
2022,12,2,-0.0355,0.0642,-0.144,-0.256,0.11,0.126,0.193,-0.000598,-0.0232,0.046,-0.0648,-0.13,0.0142
2022,12,9,0.0354,0.21,-0.0517,-0.204,0.212,0.102,0.117,0.0322,0.0223,0.148,0.0193,-0.0649,0.159
2022,12,16,-0.0384,0.0668,-0.172,-0.263,0.127,0.0441,-0.0348,-0.0652,-0.0688,0.0723,-0.0394,-0.119,0.123
2022,12,23,-0.0798,-0.0159,-0.204,-0.29,0.122,-0.0498,-0.0852,-0.131,-0.136,0.0701,-0.0685,-0.167,0.128
2022,12,30,-0.244,-0.247,-0.342,-0.373,-0.11,-0.139,-0.136,-0.241,-0.253,-0.13,-0.249,-0.329,-0.108
2023,1,6,0.0157,0.00948,-0.106,-0.189,0.112,0.247,0.319,0.0753,0.0469,0.106,-0.0283,-0.11,0.0797
2023,1,13,0.246,0.458,0.0599,-0.00273,0.422,0.277,0.279,0.202,0.193,0.376,0.244,0.154,0.409
2023,1,20,0.135,0.304,-0.0294,-0.0277,0.251,0.186,0.187,0.087,0.0754,0.256,0.138,0.0553,0.299
2023,1,27,0.127,0.299,0.0297,-0.134,0.445,0.23,0.18,0.0832,0.0719,0.207,0.12,0.036,0.376
2023,2,3,0.107,0.256,-0.0248,-0.107,0.339,0.192,0.221,0.0607,0.0419,0.189,0.112,0.0288,0.396
2023,2,10,0.258,0.441,0.148,-0.0508,0.475,0.449,0.431,0.236,0.213,0.371,0.252,0.171,0.407
2023,2,17,0.172,0.25,0.033,-0.0336,0.39,0.205,0.203,0.0958,0.0833,0.296,0.197,0.114,0.414
2023,2,24,-0.0457,0.0943,-0.138,-0.291,0.195,0.0841,0.0856,-0.0752,-0.0939,0.0306,-0.0442,-0.11,0.136
2023,3,3,-0.0111,0.112,-0.096,-0.193,0.218,0.0193,0.0403,-0.0679,-0.0805,0.0583,-0.000782,-0.0953,0.398
2023,3,10,-0.00138,0.0726,-0.133,-0.173,0.196,-0.016,0.0491,-0.045,-0.056,0.0763,0.00385,-0.0785,0.291
2023,3,17,0.291,0.367,0.135,-0.00825,0.549,0.406,0.439,0.294,0.277,0.397,0.267,0.164,0.514
2023,3,24,0.127,0.282,0.0132,-0.0969,0.324,0.191,0.187,0.0881,0.0766,0.227,0.128,0.0391,0.383
2023,3,31,-0.012,0.112,-0.147,-0.267,0.235,0.0733,0.0707,-0.0504,-0.0646,0.0351,-0.0108,-0.0721,0.226
2023,4,7,0.169,0.365,-0.00431,-0.104,0.417,0.308,0.278,0.168,0.155,0.221,0.154,0.0905,0.345
2023,4,14,0.075,0.177,0.0179,-0.181,0.337,0.135,0.194,0.0453,0.028,0.18,0.07,-0.0193,0.292
2023,4,21,0.0655,0.189,0.0568,-0.186,0.325,0.0257,0.0544,-0.00924,-0.0167,0.134,0.0891,0.0289,0.322
2023,4,28,0.0945,0.258,0.079,-0.171,0.37,0.16,0.202,0.0611,0.0447,0.177,0.0915,0.00474,0.367
2023,5,5,0.11,0.211,0.0348,-0.215,0.249,0.184,0.405,0.185,0.16,0.165,0.0568,-0.0395,0.326
2023,5,12,0.0964,0.28,0.0131,-0.2,0.408,0.127,0.156,0.0374,0.0236,0.248,0.105,-0.013,0.406
2023,5,19,0.0635,0.244,-0.0434,-0.164,0.297,0.018,0.0687,0.0225,0.0171,0.186,0.0668,-0.0454,0.4
2023,5,26,0.135,0.288,0.016,-0.119,0.417,0.295,0.26,0.146,0.133,0.231,0.109,0.00299,0.401
2023,6,2,-0.0287,0.0914,-0.171,-0.271,0.171,0.134,0.128,0.00642,-0.00775,0.0362,-0.0614,-0.155,0.222
2023,6,9,0.155,0.371,0.0607,-0.135,0.436,0.0895,0.224,0.142,0.133,0.27,0.145,0.05,0.362
2023,6,16,-0.00833,0.121,-0.103,-0.225,0.226,0.0236,-0.015,-0.0732,-0.0799,0.135,0.00876,-0.0988,0.294
2023,6,23,-0.0498,0.0932,-0.215,-0.285,0.204,-0.0277,-0.0175,-0.0609,-0.066,0.0311,-0.0574,-0.154,0.268
2023,6,30,0.0916,0.333,-0.0154,-0.166,0.357,0.128,0.0973,0.0875,0.0863,0.179,0.0769,-0.0265,0.408
2023,7,7,-0.0425,0.0418,-0.223,-0.342,0.155,0.179,0.22,0.0523,0.0328,0.0324,-0.103,-0.214,0.184
2023,7,14,0.0569,0.205,-0.114,-0.255,0.355,0.127,0.195,0.0947,0.0829,0.183,0.0189,-0.112,0.338
2023,7,21,0.0185,0.139,-0.145,-0.306,0.352,0.0544,0.15,0.0243,0.00956,0.164,-0.000909,-0.138,0.353
2023,7,28,0.146,0.2,-0.0789,-0.176,0.376,0.113,0.378,0.212,0.193,0.306,0.0894,-0.0674,0.415
2023,8,4,0.115,0.258,-0.0907,-0.129,0.342,0.217,0.327,0.127,0.104,0.257,0.0874,-0.0414,0.379
2023,8,11,0.0106,0.102,-0.2,-0.224,0.162,0.234,0.23,0.0948,0.079,0.0923,-0.0531,-0.182,0.309
2023,8,18,-0.116,0.0193,-0.289,-0.265,0.0185,-0.0129,0.00284,-0.1,-0.112,-0.0423,-0.14,-0.235,0.15
2023,8,25,-0.000125,0.153,-0.141,-0.253,0.2,0.0378,0.0553,0.0341,0.0317,0.103,-0.0391,-0.161,0.287
2023,9,1,0.0264,0.162,-0.151,-0.24,0.205,0.179,0.266,0.0939,0.0738,0.109,-0.0276,-0.132,0.209
2023,9,8,-0.102,0.0274,-0.275,-0.401,0.107,-0.09,0.034,-0.00272,-0.007,-0.0215,-0.167,-0.264,-0.00128
2023,9,15,0.016,0.15,-0.0936,-0.251,0.189,0.0742,0.119,0.0586,0.0516,0.133,-0.0282,-0.138,0.172
2023,9,22,-0.0899,0.0971,-0.238,-0.351,0.125,-0.0711,0.0177,-0.0468,-0.0543,-0.00229,-0.132,-0.227,0.0661
2023,9,29,-0.0707,0.0478,-0.259,-0.358,0.0997,-0.0227,0.149,0.0339,0.0204,-0.0112,-0.143,-0.242,0.0752
2023,10,6,-0.0722,0.0808,-0.257,-0.325,0.163,0.0756,0.101,-0.0123,-0.0255,0.00115,-0.123,-0.221,0.115
2023,10,13,-0.0382,0.14,-0.237,-0.32,0.12,0.147,0.215,0.0648,0.0473,0.0359,-0.113,-0.21,0.0476
2023,10,20,-0.163,-0.0765,-0.334,-0.379,-0.0186,-0.108,-0.0445,-0.122,-0.131,-0.096,-0.203,-0.294,0.0364
2023,10,27,-0.125,-0.0167,-0.335,-0.376,0.0484,-0.116,-0.0666,-0.0849,-0.0871,-0.00493,-0.166,-0.267,-0.0118
2023,11,3,-0.00412,0.119,-0.235,-0.215,0.167,0.137,0.256,0.0555,0.0322,0.0855,-0.0521,-0.145,0.112
2023,11,10,-0.0664,0.0632,-0.254,-0.293,0.122,-0.0625,-0.0167,-0.0254,-0.0265,0.00414,-0.106,-0.189,0.0804
2023,11,17,-0.169,-0.0399,-0.274,-0.434,0.0367,-0.137,-0.0882,-0.139,-0.145,-0.0906,-0.206,-0.293,-0.0109
2023,11,24,-0.29,-0.214,-0.383,-0.465,-0.131,-0.204,-0.256,-0.304,-0.31,-0.207,-0.296,-0.37,-0.106
2023,12,1,-0.133,-0.0895,-0.309,-0.316,0.0672,-0.0453,-0.0251,-0.141,-0.154,-0.0229,-0.143,-0.241,0.109
2023,12,8,-0.322,-0.249,-0.504,-0.518,-0.112,-0.261,-0.289,-0.333,-0.338,-0.241,-0.336,-0.415,-0.132
2023,12,15,0.0358,0.197,-0.169,-0.185,0.266,-0.0121,0.0287,0.0415,0.0429,0.18,0.0153,-0.0941,0.205
2023,12,22,-0.179,-0.191,-0.386,-0.373,0.0319,-0.205,-0.0854,-0.229,-0.245,-0.0556,-0.168,-0.252,0.0192
2023,12,29,-0.251,-0.328,-0.486,-0.391,-0.0438,-0.32,-0.305,-0.28,-0.278,-0.133,-0.244,-0.336,-0.00548
2024,1,5,-0.138,-0.114,-0.358,-0.366,0.0235,0.115,0.141,-0.0834,-0.11,-0.00526,-0.18,-0.292,-0.00665
2024,1,12,-0.0033,0.034,-0.267,-0.209,0.154,0.104,0.221,0.0563,0.0371,0.1,-0.0558,-0.173,0.206
2024,1,19,0.065,0.217,-0.105,-0.164,0.368,-0.0278,0.0269,-0.0114,-0.0158,0.229,0.0799,-0.038,0.363
2024,1,26,-0.0226,0.0491,-0.234,-0.221,0.235,-0.0475,0.0219,-0.0666,-0.077,0.144,-0.0198,-0.138,0.225
2024,2,2,-0.0355,0.061,-0.192,-0.213,0.211,0.0516,0.000278,-0.0858,-0.0958,0.0922,-0.0303,-0.148,0.326
2024,2,9,-0.0282,0.0532,-0.232,-0.234,0.196,-0.0543,0.0664,-0.0513,-0.065,0.0824,-0.0382,-0.151,0.298
2024,2,16,-0.0348,0.0887,-0.203,-0.258,0.154,-0.0684,0.0946,-0.0241,-0.038,0.0636,-0.064,-0.166,0.186
2024,2,23,-0.0942,-0.0131,-0.281,-0.3,0.125,-0.0734,0.0942,-0.0828,-0.103,0.0229,-0.118,-0.22,0.0913
2024,3,1,0.0722,0.213,-0.0915,-0.159,0.229,0.162,0.195,0.041,0.0231,0.187,0.0624,-0.028,0.252
2024,3,8,-0.018,-0.0302,-0.266,-0.209,0.197,0.0767,0.151,-0.0208,-0.0408,0.109,-0.0386,-0.157,0.254
2024,3,15,0.0151,0.0578,-0.194,-0.243,0.206,0.0649,0.127,0.0468,0.0375,0.172,-0.0229,-0.159,0.237
2024,3,22,-0.118,-0.0433,-0.268,-0.301,0.0982,-0.161,-0.0583,-0.138,-0.147,-0.0021,-0.127,-0.233,0.158
2024,3,29,-0.0902,-0.00668,-0.251,-0.294,0.0865,-0.0413,0.0286,-0.0807,-0.0935,0.0123,-0.111,-0.215,0.157
2024,4,5,-0.133,-0.0307,-0.296,-0.349,0.074,-0.0709,0.034,-0.12,-0.138,-0.0357,-0.157,-0.263,0.134
2024,4,12,-0.026,0.0185,-0.217,-0.277,0.146,-0.0205,0.216,0.0221,-0.000463,0.098,-0.07,-0.198,0.224
2024,4,19,-0.0544,0.0649,-0.084,-0.287,0.138,-0.104,0.062,-0.0568,-0.0706,0.049,-0.0717,-0.157,0.0951
2024,4,26,-0.156,-0.0873,-0.307,-0.394,0.0281,-0.193,0.013,-0.121,-0.136,-0.0618,-0.192,-0.287,0.00532
2024,5,3,0.0402,0.186,-0.0586,-0.22,0.235,0.156,0.143,0.0482,0.0372,0.166,0.0151,-0.0912,0.225
2024,5,10,-0.0273,0.0656,-0.19,-0.322,0.241,-0.000381,0.094,0.0179,0.00904,0.0632,-0.0696,-0.166,0.133
2024,5,17,-0.129,-0.0393,-0.247,-0.367,0.15,-0.271,-0.164,-0.171,-0.171,-0.019,-0.123,-0.214,0.121
2024,5,24,-0.0551,0.124,-0.157,-0.286,0.144,-0.0292,0.0189,-0.0933,-0.106,0.0597,-0.0562,-0.13,0.0593
2024,5,31,-0.131,-0.027,-0.241,-0.323,0.0313,-0.145,-0.0529,-0.148,-0.159,-0.0454,-0.139,-0.221,0.0912
2024,6,7,-0.0363,0.00355,-0.192,-0.282,0.176,-0.0696,0.1,-0.035,-0.0507,0.0889,-0.0573,-0.187,0.308
2024,6,14,0.176,0.344,0.00287,-0.105,0.544,-0.0118,0.0874,0.0739,0.0723,0.315,0.202,0.0718,0.665
2024,6,21,-0.0452,0.0478,-0.182,-0.228,0.176,-0.202,-0.0611,-0.0636,-0.0638,0.0576,-0.0538,-0.186,0.421
2024,6,28,-0.0629,0.0732,-0.108,-0.322,0.203,-0.113,-0.0218,-0.098,-0.107,0.0684,-0.0603,-0.146,0.0886
2024,7,5,-0.176,-0.16,-0.311,-0.396,0.0636,0.0445,-0.0271,-0.14,-0.153,-0.0887,-0.208,-0.307,0.049
2024,7,12,-0.0766,0.0000851,-0.182,-0.318,0.2,-0.0539,-0.0203,-0.105,-0.115,0.044,-0.079,-0.179,0.173
2024,7,19,-0.0313,0.0543,-0.141,-0.302,0.257,-0.163,-0.0581,-0.0583,-0.0583,0.123,-0.0472,-0.182,0.278
2024,7,26,-0.0379,-0.0222,-0.134,-0.268,0.227,-0.101,0.0642,-0.0451,-0.0578,0.075,-0.0569,-0.178,0.293
2024,8,2,-0.0831,-0.0000551,-0.209,-0.35,0.186,-0.0706,0.0577,-0.0809,-0.097,0.0605,-0.105,-0.22,0.122
2024,8,9,-0.0248,0.0323,-0.138,-0.148,0.238,-0.222,-0.108,-0.119,-0.12,0.156,0.00594,-0.128,0.381
2024,8,16,0.0204,0.0715,-0.106,-0.0926,0.24,-0.179,-0.0362,-0.0633,-0.0665,0.195,0.0434,-0.0795,0.35
2024,8,23,0.126,0.246,0.0175,-0.0527,0.338,-0.0831,0.0285,0.0483,0.0506,0.305,0.147,0.0374,0.358
2024,8,30,-0.0689,0.0585,-0.113,-0.247,0.131,-0.233,-0.179,-0.153,-0.15,0.0584,-0.0463,-0.145,0.248
2024,9,6,-0.0574,0.0261,-0.196,-0.289,0.109,-0.0477,0.0364,-0.0618,-0.0732,0.0637,-0.0726,-0.167,0.106
2024,9,13,-0.0264,0.0558,-0.175,-0.262,0.162,-0.151,-0.00414,-0.0513,-0.0568,0.108,-0.0337,-0.142,0.214
2024,9,20,-0.034,0.0766,-0.095,-0.268,0.12,-0.136,-0.00243,-0.0514,-0.0571,0.093,-0.0471,-0.159,0.223
2024,9,27,0.0127,0.107,-0.079,-0.188,0.124,-0.161,0.121,-0.0153,-0.0312,0.154,0.00854,-0.0955,0.219
2024,10,4,-0.00554,0.0724,-0.155,-0.236,0.193,-0.079,0.0263,-0.0205,-0.026,0.0907,-0.0155,-0.0992,0.185
2024,10,11,-0.0536,0.114,-0.164,-0.218,0.0809,-0.269,-0.163,-0.104,-0.0975,0.0576,-0.0414,-0.123,0.167
2024,10,18,-0.0212,0.0797,-0.161,-0.211,0.173,-0.167,-0.0324,-0.073,-0.0777,0.113,-0.0104,-0.156,0.512
2024,10,25,-0.0244,0.0336,-0.154,-0.161,0.129,-0.159,-0.027,-0.066,-0.0705,0.0963,-0.0209,-0.132,0.313
2024,11,1,-0.044,0.0521,-0.0855,-0.248,0.0715,-0.000501,0.0613,-0.0363,-0.0477,0.0297,-0.0645,-0.16,0.243
2024,11,8,0.0165,0.0377,-0.123,-0.179,0.294,-0.124,0.0102,-0.0349,-0.0402,0.183,0.0288,-0.123,0.498
2024,11,15,-0.0717,-0.000896,-0.185,-0.26,0.128,-0.0647,-0.0682,-0.0831,-0.0849,0.0453,-0.0808,-0.187,0.197
2024,11,22,-0.119,0.00573,-0.161,-0.303,0.0833,-0.278,-0.152,-0.174,-0.176,-0.00531,-0.107,-0.203,0.18
2024,11,29,-0.292,-0.28,-0.36,-0.424,-0.187,-0.413,-0.29,-0.307,-0.309,-0.224,-0.295,-0.377,-0.0113
2024,12,6,-0.036,-0.0508,-0.191,-0.291,0.162,-0.0337,0.121,-0.02,-0.0364,0.0829,-0.0594,-0.169,0.191
2024,12,13,-0.0739,0.00551,-0.209,-0.253,0.177,-0.284,-0.128,-0.131,-0.131,0.0641,-0.06,-0.179,0.301
2024,12,20,-0.0785,-0.00184,-0.139,-0.27,0.186,-0.298,-0.161,-0.163,-0.163,0.083,-0.0523,-0.175,0.299
2024,12,27,-0.474,-0.515,-0.553,-0.596,-0.311,-0.515,-0.403,-0.482,-0.491,-0.381,-0.477,-0.565,-0.218
2025,1,3,-0.211,-0.315,-0.43,-0.392,-0.0415,-0.0129,0.0189,-0.141,-0.159,-0.121,-0.256,-0.406,0.265
2025,1,10,0.131,0.205,-0.00107,-0.115,0.447,0.018,0.125,0.0502,0.0415,0.283,0.155,0.0236,0.576
2025,1,17,-0.0267,0.0725,-0.15,-0.212,0.211,-0.0879,-0.0768,-0.118,-0.123,0.124,0.00413,-0.116,0.383
2025,1,24,-0.0293,0.118,-0.209,-0.227,0.164,-0.051,0.0383,-0.086,-0.1,0.104,-0.0138,-0.135,0.377
2025,1,31,-0.00874,0.111,-0.13,-0.253,0.158,-0.136,0.0209,-0.0277,-0.0333,0.103,-0.0155,-0.115,0.244
2025,2,7,0.145,0.142,-0.0398,-0.0689,0.38,0.123,0.224,0.0876,0.0717,0.263,0.153,-0.0264,0.916
2025,2,14,0.0196,0.106,-0.0987,-0.135,0.263,-0.219,-0.0287,-0.0772,-0.0829,0.143,0.0507,-0.071,0.518
2025,2,21,0.0251,0.0464,-0.148,-0.136,0.168,-0.162,0.000204,0.0276,0.0308,0.0967,0.0093,-0.109,0.471
2025,2,28,0.0269,0.0761,-0.14,-0.053,0.153,-0.148,0.0583,-0.0434,-0.0552,0.138,0.0477,-0.0931,0.634
2025,3,7,0.0954,0.127,-0.0668,-0.0681,0.247,0.16,0.224,0.0792,0.0623,0.178,0.082,-0.0593,0.655
2025,3,14,0.0271,0.121,-0.0808,-0.206,0.208,-0.0427,0.198,0.0265,0.00656,0.114,0.0114,-0.0928,0.343
2025,3,21,0.00597,0.0951,-0.126,-0.147,0.18,-0.104,0.115,-0.0357,-0.0533,0.11,0.0106,-0.101,0.401
2025,3,28,-0.0432,0.0278,-0.0714,-0.252,0.0553,-0.0643,0.189,-0.021,-0.0455,0.0269,-0.069,-0.153,0.162
2025,4,4,0.00939,-0.00852,-0.159,-0.222,0.185,0.0132,0.19,0.0446,0.0276,0.0856,-0.0235,-0.145,0.396
2025,4,11,0.0178,0.102,-0.115,-0.211,0.194,-0.0789,0.107,0.011,-0.000238,0.0961,0.00357,-0.0993,0.357
2025,4,18,-0.014,0.0535,-0.11,-0.15,0.209,-0.205,0.0369,-0.081,-0.0947,0.0792,0.00424,-0.0779,0.283
2025,4,25,0.0389,0.0687,-0.0837,-0.0998,0.195,-0.11,0.117,-0.00718,-0.0217,0.0883,0.0471,-0.0476,0.497
2025,5,2,0.0135,0.0497,-0.131,-0.156,0.164,0.0853,0.197,0.00416,-0.0183,0.0794,0.00481,-0.0943,0.387
2025,5,9,0.0103,0.165,-0.082,-0.202,0.179,-0.0768,0.123,-0.0127,-0.0285,0.112,0.00365,-0.0967,0.297
2025,5,16,-0.0638,0.0673,-0.152,-0.275,0.139,-0.186,0.0329,-0.0904,-0.105,0.06,-0.0664,-0.178,0.242
2025,5,23,-0.0567,-0.000656,-0.139,-0.232,0.122,-0.253,0.0225,-0.0843,-0.0968,0.0366,-0.0608,-0.177,0.357
2025,5,30,-0.0869,-0.0707,-0.213,-0.206,0.0814,-0.165,0.158,-0.1,-0.13,0.034,-0.094,-0.229,0.349
2025,6,6,0.234,0.267,0.0132,0.0704,0.526,0.141,0.384,0.165,0.139,0.421,0.254,0.0641,0.912
2025,6,13,0.0965,0.125,-0.0561,-0.0771,0.312,0.107,0.367,0.104,0.0734,0.236,0.0734,-0.0852,0.561
2025,6,20,0.0896,0.176,-0.125,-0.109,0.364,-0.0221,0.265,0.048,0.0226,0.223,0.0903,-0.0569,0.594
2025,6,27,0.238,0.185,0.00281,0.0906,0.593,0.0812,0.244,0.131,0.117,0.503,0.279,0.0887,0.782
2025,7,4,0.295,0.0265,-0.0729,0.0254,0.477,0.236,0.361,0.435,0.444,0.401,0.215,0.0337,0.77
2025,7,11,0.198,0.0748,-0.0632,-0.0235,0.516,0.243,0.472,0.204,0.173,0.393,0.18,0.0203,0.536
2025,7,18,0.142,0.118,-0.0206,-0.103,0.49,-0.0138,0.223,0.0721,0.0545,0.366,0.157,0.0034,0.485
2025,7,25,0.126,0.1,-0.0316,0.00873,0.476,-0.171,0.122,0.000691,-0.0134,0.309,0.17,0.0444,0.53
2025,8,1,0.161,0.117,-0.0539,0.0399,0.429,-0.0414,0.387,0.0982,0.0645,0.324,0.174,0.0267,0.627
2025,8,8,0.11,0.117,-0.00791,-0.0883,0.429,-0.179,0.208,0.0432,0.024,0.27,0.125,0.00216,0.446
2025,8,15,0.0644,0.0566,-0.085,-0.134,0.38,-0.0781,0.205,0.0168,-0.00509,0.225,0.0726,-0.0509,0.38
2025,8,22,0.000683,0.0349,-0.167,-0.148,0.19,-0.15,0.0982,-0.0198,-0.0336,0.155,-0.00624,-0.122,0.232
2025,8,29,-0.0302,0.0499,-0.125,-0.238,0.0995,-0.0247,0.108,-0.0253,-0.0409,0.0953,-0.0483,-0.137,0.0773
2025,9,5,-0.0358,-0.0201,-0.184,-0.173,0.113,-0.116,-0.00714,-0.0959,-0.106,0.0671,-0.0182,-0.122,0.364
2025,9,12,0.0365,0.168,-0.126,-0.0531,0.267,-0.215,-0.0952,-0.0914,-0.091,0.193,0.0825,-0.0538,0.586
2025,9,19,0.181,0.243,0.0205,0.0596,0.361,0.0349,0.241,0.0892,0.0715,0.313,0.207,0.0583,0.801
2025,9,26,0.136,0.159,-0.0734,-0.0684,0.232,0.269,0.452,0.179,0.147,0.242,0.0889,-0.0605,0.549
2025,10,3,0.17,0.155,-0.044,-0.0937,0.289,0.288,0.565,0.23,0.191,0.305,0.12,-0.0295,0.494
2025,10,10,0.129,0.0688,-0.102,-0.0693,0.23,0.29,0.381,0.166,0.141,0.23,0.0909,-0.0594,0.597
2025,10,17,0.0754,0.0327,-0.148,-0.108,0.25,-0.0274,0.217,0.0481,0.0284,0.226,0.0718,-0.0792,0.539
2025,10,24,0.104,0.0625,-0.0695,-0.00174,0.244,-0.158,0.0658,0.0214,0.0162,0.237,0.132,0.0128,0.545
2025,10,31,-0.0324,-0.00246,-0.121,-0.185,0.0776,-0.125,0.0271,-0.0402,-0.0481,0.0606,-0.0469,-0.158,0.312
2025,11,7,0.171,0.142,-0.0786,0.0201,0.418,-0.11,0.106,0.111,0.112,0.313,0.185,0.0384,0.696
2025,11,14,0.0509,0.151,-0.126,-0.136,0.269,-0.205,-0.0426,-0.028,-0.0263,0.174,0.0765,-0.0306,0.442
2025,11,21,0.0383,0.0961,-0.106,-0.0763,0.147,0.00116,0.0164,-0.038,-0.0443,0.179,0.0638,-0.051,0.423
2025,11,28,-0.274,-0.288,-0.438,-0.297,-0.251,-0.391,-0.267,-0.353,-0.363,-0.161,-0.238,-0.316,0.0105
2025,12,5,-0.0106,-0.0367,-0.219,-0.198,0.137,-0.162,0.13,-0.0388,-0.0585,0.11,-0.013,-0.155,0.489
2025,12,12,0.00777,0.0141,-0.203,-0.122,0.132,-0.131,0.0203,-0.0599,-0.0693,0.115,0.024,-0.118,0.616
2025,12,19,-0.00444,-0.0268,-0.165,-0.159,0.149,-0.0745,0.0584,-0.0881,-0.105,0.102,0.0201,-0.133,0.701
2025,12,26,-0.36,-0.425,-0.444,-0.459,-0.29,-0.297,-0.276,-0.398,-0.413,-0.313,-0.346,-0.438,0.104
2026,1,2,-0.296,-0.491,-0.471,-0.462,-0.181,-0.232,-0.00121,-0.213,-0.238,-0.209,-0.348,-0.486,0.0843
2026,1,9,0.14,0.254,-0.0111,-0.151,0.315,0.0633,0.296,0.14,0.122,0.284,0.11,-0.0504,0.576
2026,1,16,0.121,0.267,0.0104,-0.097,0.273,-0.0862,0.105,0.0362,0.0281,0.289,0.142,-0.00797,0.626
2026,1,23,0.0298,0.179,-0.0929,-0.184,0.15,-0.156,-0.00395,-0.00439,-0.00445,0.138,0.0261,-0.121,0.592
2026,1,30,0.0343,0.239,-0.0564,-0.12,0.125,-0.109,-0.00124,-0.0651,-0.0725,0.125,0.0652,-0.052,0.596
2026,2,6,0.192,0.285,-0.00133,-0.0424,0.41,-0.0466,0.267,0.104,0.0847,0.298,0.222,0.0964,0.756
2026,2,13,0.103,0.227,-0.0834,-0.062,0.228,-0.122,0.0744,-0.025,-0.0366,0.195,0.15,0.0438,0.655
2026,2,20,0.098,0.158,-0.114,-0.1,0.215,-0.109,0.199,0.0262,0.00601,0.185,0.114,-0.00952,0.65
2026,2,27,0.111,0.186,-0.0973,-0.0121,0.231,-0.0806,0.117,0.0084,-0.00425,0.228,0.14,-0.0658,1.12
2026,3,6,0.231,0.254,-0.0814,-0.0431,0.413,0.0604,0.401,0.188,0.163,0.3,0.225,0.065,0.973
2026,3,13,0.218,0.283,-0.0215,-0.0536,0.36,0.373,0.597,0.206,0.161,0.247,0.203,0.0793,0.815
2026,3,20,0.106,0.172,-0.0239,-0.114,0.184,0.0745,0.343,0.0664,0.0342,0.18,0.103,-0.0128,0.576
2026,3,27,0.0816,0.218,-0.037,-0.123,0.137,-0.0294,0.24,0.0335,0.00942,0.135,0.0827,-0.0326,0.625
2026,4,3,0.22,0.268,-0.00117,-0.0267,0.265,0.0242,0.374,0.233,0.217,0.249,0.194,0.0716,0.767
2026,4,10,0.131,0.262,-0.0212,-0.0605,0.244,-0.149,0.148,0.0513,0.04,0.231,0.15,0.0254,0.671
2026,4,17,0.08,0.239,-0.0462,-0.133,0.153,-0.106,0.19,0.0232,0.00368,0.169,0.0877,-0.0234,0.522
2026,4,24,-0.0379,0.0944,-0.108,-0.192,0.0422,-0.322,-0.133,-0.141,-0.142,0.0173,-0.00569,-0.0951,0.464
2026,5,1,0.106,0.224,-0.0512,-0.0607,0.201,-0.14,-0.0895,0.017,0.0294,0.183,0.132,-0.0136,0.859
2026,5,8,0.167,0.226,0.0183,-0.0282,0.218,-0.0562,0.11,0.0876,0.085,0.291,0.188,0.0483,0.732
2026,5,15,0.18,0.344,0.013,-0.041,0.199,-0.00291,0.267,0.118,0.1,0.338,0.192,0.0584,0.579
2026,5,22,0.14,0.241,-0.0297,-0.0421,0.169,-0.0851,0.263,0.0719,0.0497,0.234,0.152,-0.0137,0.909
2026,5,29,-0.0373,0.172,-0.187,-0.181,-0.0217,-0.214,-0.0173,-0.104,-0.114,0.0458,-0.0203,-0.143,0.524
2026,6,5,0.209,0.295,-0.00419,0.0343,0.284,-0.0632,0.112,0.0991,0.0977,0.354,0.244,0.0884,0.86
2026,6,12,0.127,0.278,-0.0403,-0.0995,0.148,-0.111,0.182,0.0885,0.0776,0.266,0.127,-0.00589,0.528
2026,6,19,0.0977,0.202,-0.0565,-0.112,0.174,-0.143,0.191,0.0489,0.0323,0.172,0.102,-0.0186,0.631
2026,6,26,0.0872,0.231,-0.054,-0.122,0.126,-0.105,0.149,0.0393,0.0265,0.177,0.0843,-0.0404,0.569
2026,7,3,0.0738,0.139,-0.075,-0.151,0.094,-0.164,0.095,0.0382,0.0316,0.144,0.0745,-0.0364,0.542
2026,7,10,0.065,0.223,-0.108,-0.179,0.114,-0.135,0.0906,0.043,0.0375,0.143,0.0542,-0.0563,0.462
2026,7,17,0.14,0.28,0.0133,-0.108,0.266,-0.187,0.091,0.0629,0.0596,0.273,0.157,0.0172,0.66
2026,7,24,0.0281,0.173,-0.0917,-0.189,0.121,-0.251,0.0315,-0.042,-0.0506,0.122,0.0411,-0.0908,0.603
2026,7,31,-0.00379,0.195,0.0624,-0.216,-0.00446,-0.222,0.0701,-0.019,-0.0294,0.0586,-0.0196,-0.139,0.473
2026,8,7,-0.0143,0.0932,-0.0964,-0.207,-0.0208,-0.263,-0.069,-0.0332,-0.0291,0.0804,-0.0226,-0.136,0.366
2026,8,14,0.0318,0.155,-0.106,-0.154,0.0516,-0.196,0.0269,-0.00557,-0.00935,0.143,0.0311,-0.0809,0.386
2026,8,21,0.174,0.399,-0.0972,-0.0882,0.355,-0.227,0.0606,0.0963,0.1,0.335,0.187,0.0294,0.706
2026,8,28,0.0801,0.221,-0.131,-0.0909,0.119,-0.229,-0.0343,0.00961,0.0147,0.204,0.0966,-0.00442,0.398
2026,9,4,0.299,0.576,0.0417,0.011,0.327,0.000943,0.226,0.287,0.294,0.479,0.281,0.125,0.663
2026,9,11,0.0751,0.251,-0.138,-0.189,0.0401,-0.00648,0.18,0.0709,0.0581,0.218,0.0596,-0.0663,0.366
2026,9,18,0.297,0.452,0.0489,-0.0254,0.251,0.191,0.383,0.275,0.262,0.451,0.279,0.12,0.746
2026,9,25,0.26,0.314,-0.0803,0.0247,0.155,-0.0714,0.328,0.297,0.293,0.375,0.209,0.0623,0.62
