year,month,day_endofweek,statefips,initial_claims,initial_claims_rate,total_claims,total_claims_rate
2020,1,4,1,4578,.204,23101,1.03
2020,1,4,2,981,.282,11158,3.21
2020,1,4,4,3132,.0882,21123,.595
2020,1,4,5,2576,.189,17899,1.31
2020,1,4,6,36720,.189,396326,2.04
2020,1,4,8,2431,.0772,23822,.757
2020,1,4,9,7852,.41,54414,2.84
2020,1,4,10,875,.18,7756,1.59
2020,1,4,11,481,.117,7679,1.87
2020,1,4,12,4618,.0447,40807,.395
2020,1,4,13,17060,.334,55764,1.09
2020,1,4,15,1825,.274,8638,1.3
2020,1,4,16,2957,.335,11811,1.34
2020,1,4,17,11779,.183,137127,2.13
2020,1,4,18,4434,.131,24496,.723
2020,1,4,19,4586,.264,39135,2.25
2020,1,4,20,2019,.136,13194,.888
2020,1,4,21,5175,.25,27690,1.34
2020,1,4,22,1658,.0791,18211,.869
2020,1,4,23,1663,.24,9491,1.37
2020,1,4,24,3997,.123,34568,1.06
2020,1,4,25,9464,.248,85992,2.25
2020,1,4,26,13207,.267,85310,1.73
2020,1,4,27,7293,.235,75519,2.43
2020,1,4,28,1178,.0923,10859,.851
2020,1,4,29,7474,.242,37259,1.21
2020,1,4,30,1555,.291,12611,2.36
2020,1,4,31,1099,.106,6264,.605
2020,1,4,32,2264,.147,23065,1.5
2020,1,4,33,690,.0892,5158,.667
2020,1,4,34,15325,.341,126660,2.82
2020,1,4,35,799,.0837,10939,1.15
2020,1,4,36,44846,.471,226514,2.38
2020,1,4,37,3508,.069,24356,.479
2020,1,4,38,836,.207,6621,1.64
2020,1,4,39,10759,.185,84046,1.45
2020,1,4,40,2943,.16,21023,1.14
2020,1,4,41,6714,.319,42165,2
2020,1,4,42,27298,.421,162709,2.51
2020,1,4,44,1972,.355,14081,2.53
2020,1,4,45,7471,.314,26393,1.11
2020,1,4,46,398,.0858,3196,.689
2020,1,4,47,3084,.0922,25247,.755
2020,1,4,48,12367,.0881,153840,1.1
2020,1,4,49,1518,.0944,12846,.799
2020,1,4,50,680,.199,6097,1.78
2020,1,4,51,3188,.0723,25359,.575
2020,1,4,53,10024,.256,80387,2.05
2020,1,4,54,1564,.196,17451,2.19
2020,1,4,55,12854,.414,62459,2.01
2020,1,4,56,662,.227,3881,1.33
2020,1,11,1,3629,.162,24772,1.11
2020,1,11,2,1371,.394,10681,3.07
2020,1,11,4,4654,.131,22913,.645
2020,1,11,5,2493,.183,18029,1.32
2020,1,11,6,51993,.268,408369,2.1
2020,1,11,8,3001,.0953,24493,.778
2020,1,11,9,5986,.313,53526,2.8
2020,1,11,10,1107,.227,8190,1.68
2020,1,11,11,706,.172,7808,1.9
2020,1,11,12,6862,.0664,41886,.405
2020,1,11,13,17962,.351,65444,1.28
2020,1,11,15,1826,.275,9675,1.45
2020,1,11,16,2131,.242,13614,1.54
2020,1,11,17,12703,.197,149226,2.31
2020,1,11,18,4890,.144,26414,.78
2020,1,11,19,4836,.278,39376,2.26
2020,1,11,20,2140,.144,13571,.913
2020,1,11,21,3968,.191,29092,1.4
2020,1,11,22,2521,.12,18478,.882
2020,1,11,23,1561,.225,9393,1.36
2020,1,11,24,4627,.142,35919,1.1
2020,1,11,25,8784,.23,88305,2.31
2020,1,11,26,14245,.289,104005,2.11
2020,1,11,27,5933,.191,72310,2.33
2020,1,11,28,1515,.119,11051,.866
2020,1,11,29,10913,.354,41053,1.33
2020,1,11,30,1755,.329,13511,2.53
2020,1,11,31,1171,.113,6865,.663
2020,1,11,32,2792,.181,22615,1.47
2020,1,11,33,722,.0933,5297,.685
2020,1,11,34,13469,.3,133930,2.98
2020,1,11,35,1194,.125,11504,1.21
2020,1,11,36,23314,.245,207597,2.18
2020,1,11,37,4628,.0911,25867,.509
2020,1,11,38,1530,.379,7701,1.91
2020,1,11,39,9957,.172,88348,1.52
2020,1,11,40,2034,.11,21421,1.16
2020,1,11,41,6215,.295,42254,2.01
2020,1,11,42,26356,.406,190238,2.93
2020,1,11,44,1817,.327,14116,2.54
2020,1,11,45,4629,.195,26216,1.1
2020,1,11,46,468,.101,3438,.741
2020,1,11,47,3711,.111,26109,.781
2020,1,11,48,21902,.156,162670,1.16
2020,1,11,49,1834,.114,13621,.847
2020,1,11,50,649,.19,6258,1.83
2020,1,11,51,3643,.0826,27220,.617
2020,1,11,53,9069,.232,79283,2.03
2020,1,11,54,2638,.331,20664,2.59
2020,1,11,55,8255,.266,61560,1.98
2020,1,11,56,829,.284,4131,1.41
2020,1,18,1,2483,.111,19885,.887
2020,1,18,2,1181,.34,11165,3.21
2020,1,18,4,4152,.117,22573,.636
2020,1,18,5,1729,.127,14958,1.1
2020,1,18,6,64858,.334,441805,2.28
2020,1,18,8,2522,.0801,23626,.75
2020,1,18,9,3776,.197,46259,2.42
2020,1,18,10,830,.17,6797,1.39
2020,1,18,11,594,.145,7865,1.92
2020,1,18,12,6088,.0589,40806,.395
2020,1,18,13,8161,.16,40240,.787
2020,1,18,15,1234,.186,7857,1.18
2020,1,18,16,2172,.246,14103,1.6
2020,1,18,17,14807,.23,148774,2.31
2020,1,18,18,3741,.11,25367,.749
2020,1,18,19,3615,.208,33240,1.91
2020,1,18,20,2402,.162,13040,.877
2020,1,18,21,3084,.149,27150,1.31
2020,1,18,22,2008,.0958,18084,.863
2020,1,18,23,959,.138,9620,1.39
2020,1,18,24,3739,.115,32942,1.01
2020,1,18,25,6940,.182,82016,2.15
2020,1,18,26,10304,.209,94440,1.91
2020,1,18,27,4463,.144,67091,2.16
2020,1,18,28,1135,.0889,9939,.779
2020,1,18,29,4938,.16,34883,1.13
2020,1,18,30,1236,.232,12490,2.34
2020,1,18,31,988,.0954,5928,.573
2020,1,18,32,2451,.159,21779,1.41
2020,1,18,33,613,.0792,4828,.624
2020,1,18,34,10728,.239,119153,2.65
2020,1,18,35,947,.0992,10867,1.14
2020,1,18,36,17823,.187,182411,1.92
2020,1,18,37,4217,.083,26464,.521
2020,1,18,38,785,.194,7594,1.88
2020,1,18,39,7865,.136,80720,1.39
2020,1,18,40,1981,.108,19448,1.06
2020,1,18,41,4051,.193,35655,1.69
2020,1,18,42,16218,.25,158544,2.44
2020,1,18,44,1194,.215,12181,2.19
2020,1,18,45,3126,.132,21906,.922
2020,1,18,46,338,.0728,3333,.718
2020,1,18,47,3093,.0925,23534,.704
2020,1,18,48,15783,.112,160909,1.15
2020,1,18,49,1458,.0907,13519,.841
2020,1,18,50,755,.221,5716,1.67
2020,1,18,51,2831,.0642,25049,.568
2020,1,18,53,9079,.232,74982,1.92
2020,1,18,54,1895,.238,19576,2.46
2020,1,18,55,6388,.206,51164,1.65
2020,1,18,56,636,.218,3937,1.35
2020,1,25,1,2129,.095,20519,.915
2020,1,25,2,1003,.288,10499,3.02
2020,1,25,4,3475,.0979,21876,.616
2020,1,25,5,1683,.124,14014,1.03
2020,1,25,6,45596,.235,381865,1.97
2020,1,25,8,2164,.0687,24902,.791
2020,1,25,9,2949,.154,44709,2.34
2020,1,25,10,674,.138,6377,1.31
2020,1,25,11,534,.13,7683,1.87
2020,1,25,12,5206,.0504,38553,.373
2020,1,25,13,5257,.103,34255,.67
2020,1,25,15,1014,.152,7421,1.12
2020,1,25,16,1821,.206,13654,1.55
2020,1,25,17,9762,.151,141231,2.19
2020,1,25,18,2956,.0873,24322,.718
2020,1,25,19,3115,.179,33484,1.93
2020,1,25,20,2557,.172,13739,.924
2020,1,25,21,2569,.124,25443,1.23
2020,1,25,22,1878,.0896,17378,.829
2020,1,25,23,944,.136,9401,1.36
2020,1,25,24,3283,.101,32514,.997
2020,1,25,25,6022,.158,81551,2.14
2020,1,25,26,7678,.156,98984,2
2020,1,25,27,3931,.126,65635,2.11
2020,1,25,28,993,.0778,9555,.749
2020,1,25,29,5474,.178,34644,1.12
2020,1,25,30,922,.173,12752,2.39
2020,1,25,31,960,.0927,6067,.586
2020,1,25,32,2101,.136,21126,1.37
2020,1,25,33,577,.0746,4779,.618
2020,1,25,34,9325,.208,116407,2.59
2020,1,25,35,764,.08,10901,1.14
2020,1,25,36,15022,.158,179066,1.88
2020,1,25,37,3344,.0658,25759,.507
2020,1,25,38,543,.135,7722,1.91
2020,1,25,39,8086,.139,80088,1.38
2020,1,25,40,1830,.0994,19121,1.04
2020,1,25,41,4457,.212,36763,1.75
2020,1,25,42,13359,.206,153386,2.36
2020,1,25,44,1048,.189,11798,2.12
2020,1,25,45,2248,.0946,19361,.815
2020,1,25,46,291,.0627,3362,.725
2020,1,25,47,2484,.0743,23270,.696
2020,1,25,48,13070,.0931,145726,1.04
2020,1,25,49,1271,.0791,13332,.829
2020,1,25,50,518,.151,5504,1.61
2020,1,25,51,3059,.0693,24720,.56
2020,1,25,53,8072,.206,75777,1.94
2020,1,25,54,1290,.162,18035,2.26
2020,1,25,55,6134,.198,50211,1.62
2020,1,25,56,531,.182,3885,1.33
2020,2,1,1,2170,.0968,19454,.868
2020,2,1,2,1122,.323,10701,3.08
2020,2,1,4,3807,.107,22661,.638
2020,2,1,5,1837,.135,15047,1.1
2020,2,1,6,43458,.224,431799,2.22
2020,2,1,8,2049,.0651,23609,.75
2020,2,1,9,2994,.156,44719,2.34
2020,2,1,10,622,.128,7452,1.53
2020,2,1,11,539,.131,7678,1.87
2020,2,1,12,5457,.0528,41328,.4
2020,2,1,13,5199,.102,33531,.656
2020,2,1,15,1135,.171,7205,1.08
2020,2,1,16,1446,.164,12783,1.45
2020,2,1,17,9343,.145,152582,2.37
2020,2,1,18,3016,.089,25033,.739
2020,2,1,19,3066,.176,33956,1.95
2020,2,1,20,2000,.135,14301,.962
2020,2,1,21,2625,.127,25844,1.25
2020,2,1,22,2058,.0982,18247,.871
2020,2,1,23,881,.127,9797,1.41
2020,2,1,24,3203,.0982,32991,1.01
2020,2,1,25,5523,.145,82450,2.16
2020,2,1,26,6869,.139,89644,1.82
2020,2,1,27,3700,.119,65889,2.12
2020,2,1,28,963,.0755,9637,.755
2020,2,1,29,4801,.156,34655,1.12
2020,2,1,30,902,.169,12429,2.33
2020,2,1,31,833,.0805,6717,.649
2020,2,1,32,2286,.148,21463,1.39
2020,2,1,33,456,.0589,4489,.58
2020,2,1,34,8304,.185,118326,2.63
2020,2,1,35,784,.0821,10850,1.14
2020,2,1,36,16545,.174,182260,1.92
2020,2,1,37,3611,.0711,25953,.511
2020,2,1,38,447,.111,7229,1.79
2020,2,1,39,7329,.126,79951,1.38
2020,2,1,40,1779,.0966,19230,1.04
2020,2,1,41,4853,.231,36729,1.75
2020,2,1,42,15893,.245,151844,2.34
2020,2,1,44,971,.175,12013,2.16
2020,2,1,45,2099,.0883,19160,.806
2020,2,1,46,217,.0468,3372,.727
2020,2,1,47,2362,.0706,23726,.709
2020,2,1,48,13818,.0984,154644,1.1
2020,2,1,49,1290,.0802,13162,.819
2020,2,1,50,481,.141,5487,1.6
2020,2,1,51,2575,.0584,24838,.563
2020,2,1,53,6619,.169,71879,1.84
2020,2,1,54,1364,.171,18269,2.29
2020,2,1,55,6280,.202,50705,1.63
2020,2,1,56,529,.181,4004,1.37
2020,2,8,1,2176,.0971,18921,.844
2020,2,8,2,980,.282,10141,2.92
2020,2,8,4,3636,.102,22097,.622
2020,2,8,5,1724,.127,14688,1.08
2020,2,8,6,40392,.208,399548,2.06
2020,2,8,8,2482,.0788,25363,.805
2020,2,8,9,2944,.154,44577,2.33
2020,2,8,10,608,.125,6496,1.33
2020,2,8,11,508,.124,7664,1.87
2020,2,8,12,5605,.0542,38781,.375
2020,2,8,13,5577,.109,32561,.637
2020,2,8,15,1137,.171,7342,1.1
2020,2,8,16,1443,.164,12832,1.46
2020,2,8,17,9794,.152,140694,2.18
2020,2,8,18,2725,.0804,24937,.736
2020,2,8,19,2379,.137,33168,1.91
2020,2,8,20,2107,.142,13916,.936
2020,2,8,21,2936,.142,25873,1.25
2020,2,8,22,1805,.0861,16856,.804
2020,2,8,23,702,.101,9511,1.37
2020,2,8,24,3150,.0966,32492,.996
2020,2,8,25,5878,.154,82370,2.16
2020,2,8,26,6627,.134,86460,1.75
2020,2,8,27,4108,.132,68213,2.19
2020,2,8,28,968,.0759,9229,.723
2020,2,8,29,3670,.119,31576,1.02
2020,2,8,30,935,.175,12424,2.33
2020,2,8,31,675,.0652,6368,.615
2020,2,8,32,2794,.181,22019,1.43
2020,2,8,33,507,.0655,4557,.589
2020,2,8,34,9288,.207,119219,2.65
2020,2,8,35,873,.0915,10838,1.14
2020,2,8,36,15010,.158,178403,1.88
2020,2,8,37,3326,.0655,25370,.499
2020,2,8,38,526,.13,7364,1.82
2020,2,8,39,6825,.118,78267,1.35
2020,2,8,40,1715,.0931,19472,1.06
2020,2,8,41,4953,.235,36611,1.74
2020,2,8,42,14425,.222,156429,2.41
2020,2,8,44,959,.173,12010,2.16
2020,2,8,45,2054,.0864,18723,.788
2020,2,8,46,223,.0481,3340,.72
2020,2,8,47,2161,.0646,22831,.683
2020,2,8,48,13869,.0987,142535,1.01
2020,2,8,49,1303,.081,13490,.839
2020,2,8,50,475,.139,5299,1.55
2020,2,8,51,3097,.0702,25146,.57
2020,2,8,53,7161,.183,71305,1.82
2020,2,8,54,1206,.151,17794,2.23
2020,2,8,55,6579,.212,51056,1.64
2020,2,8,56,589,.202,4096,1.4
2020,2,15,1,1981,.0884,18552,.828
2020,2,15,2,915,.263,10258,2.95
2020,2,15,4,3538,.0996,22054,.621
2020,2,15,5,1602,.118,14581,1.07
2020,2,15,6,43445,.224,418750,2.16
2020,2,15,8,2209,.0702,24285,.771
2020,2,15,9,2520,.132,41904,2.19
2020,2,15,10,610,.125,6527,1.34
2020,2,15,11,473,.115,7552,1.84
2020,2,15,12,5229,.0506,39678,.384
2020,2,15,13,6277,.123,33594,.657
2020,2,15,15,1199,.18,7320,1.1
2020,2,15,16,1356,.154,12690,1.44
2020,2,15,17,8045,.125,141810,2.2
2020,2,15,18,2556,.0755,24908,.735
2020,2,15,19,2239,.129,33038,1.9
2020,2,15,20,2076,.14,13742,.924
2020,2,15,21,2813,.136,25889,1.25
2020,2,15,22,1739,.083,16796,.802
2020,2,15,23,790,.114,9686,1.4
2020,2,15,24,3048,.0935,32267,.99
2020,2,15,25,5393,.141,82305,2.16
2020,2,15,26,5587,.113,84736,1.72
2020,2,15,27,3641,.117,67597,2.17
2020,2,15,28,861,.0675,9077,.711
2020,2,15,29,3363,.109,30725,.997
2020,2,15,30,921,.173,12400,2.32
2020,2,15,31,537,.0519,6341,.613
2020,2,15,32,2543,.165,22128,1.43
2020,2,15,33,424,.0548,4439,.574
2020,2,15,34,8550,.19,118566,2.64
2020,2,15,35,725,.0759,10712,1.12
2020,2,15,36,14333,.151,178444,1.88
2020,2,15,37,3094,.0609,25066,.493
2020,2,15,38,457,.113,7381,1.83
2020,2,15,39,6532,.113,77746,1.34
2020,2,15,40,1633,.0887,19146,1.04
2020,2,15,41,4284,.204,35451,1.68
2020,2,15,42,13583,.209,149732,2.31
2020,2,15,44,996,.179,12160,2.19
2020,2,15,45,2088,.0879,18635,.784
2020,2,15,46,194,.0418,3390,.731
2020,2,15,47,2140,.064,22625,.676
2020,2,15,48,12790,.0911,146265,1.04
2020,2,15,49,1097,.0682,13228,.823
2020,2,15,50,543,.159,5474,1.6
2020,2,15,51,2693,.061,25174,.571
2020,2,15,53,6311,.161,68130,1.74
2020,2,15,54,1172,.147,18028,2.26
2020,2,15,55,5808,.187,49971,1.61
2020,2,15,56,598,.205,4297,1.47
2020,2,22,1,1735,.0774,17794,.794
2020,2,22,2,773,.222,9637,2.77
2020,2,22,4,3151,.0887,21368,.602
2020,2,22,5,1055,.0774,13601,.998
2020,2,22,6,34979,.18,384231,1.98
2020,2,22,8,1862,.0591,25556,.812
2020,2,22,9,2435,.127,44126,2.31
2020,2,22,10,632,.13,6553,1.34
2020,2,22,11,422,.103,7425,1.81
2020,2,22,12,4861,.047,38431,.372
2020,2,22,13,5030,.0984,31993,.626
2020,2,22,15,1020,.153,7243,1.09
2020,2,22,16,1114,.126,12389,1.4
2020,2,22,17,11812,.183,142983,2.22
2020,2,22,18,2979,.0879,25892,.764
2020,2,22,19,2631,.151,33372,1.92
2020,2,22,20,1494,.1,13497,.908
2020,2,22,21,2508,.121,25131,1.21
2020,2,22,22,1798,.0858,16438,.784
2020,2,22,23,737,.106,9361,1.35
2020,2,22,24,2700,.0828,31795,.975
2020,2,22,25,9264,.243,86355,2.26
2020,2,22,26,5942,.12,83971,1.7
2020,2,22,27,3539,.114,65739,2.11
2020,2,22,28,827,.0648,8749,.686
2020,2,22,29,3063,.0993,30098,.976
2020,2,22,30,795,.149,12103,2.27
2020,2,22,31,493,.0476,6273,.606
2020,2,22,32,2052,.133,21524,1.4
2020,2,22,33,444,.0574,4380,.566
2020,2,22,34,8396,.187,117661,2.62
2020,2,22,35,737,.0772,10788,1.13
2020,2,22,36,14144,.149,177364,1.86
2020,2,22,37,2852,.0561,24482,.482
2020,2,22,38,435,.108,7321,1.81
2020,2,22,39,6208,.107,77132,1.33
2020,2,22,40,1509,.082,18778,1.02
2020,2,22,41,3514,.167,34062,1.62
2020,2,22,42,12631,.195,154937,2.39
2020,2,22,44,1921,.346,13120,2.36
2020,2,22,45,1824,.0768,18063,.76
2020,2,22,46,191,.0412,3355,.723
2020,2,22,47,1855,.0555,21994,.658
2020,2,22,48,12047,.0858,139322,.992
2020,2,22,49,1008,.0627,12968,.807
2020,2,22,50,610,.178,5482,1.6
2020,2,22,51,2079,.0471,24572,.557
2020,2,22,53,5585,.143,65404,1.67
2020,2,22,54,1207,.151,18562,2.33
2020,2,22,55,6098,.196,50094,1.61
2020,2,22,56,389,.133,4000,1.37
2020,2,29,1,1575,.0703,16296,.727
2020,2,29,2,874,.251,9812,2.82
2020,2,29,4,3086,.0869,21223,.598
2020,2,29,5,1418,.104,13662,1
2020,2,29,6,41678,.215,411666,2.12
2020,2,29,8,1681,.0534,24090,.765
2020,2,29,9,2843,.149,45011,2.35
2020,2,29,10,524,.108,7266,1.49
2020,2,29,11,452,.11,7472,1.82
2020,2,29,12,4853,.0469,38274,.37
2020,2,29,13,5538,.108,32496,.636
2020,2,29,15,1049,.158,7000,1.05
2020,2,29,16,998,.113,11585,1.31
2020,2,29,17,8980,.139,141103,2.19
2020,2,29,18,2276,.0672,25270,.746
2020,2,29,19,2240,.129,32756,1.88
2020,2,29,20,1517,.102,13022,.876
2020,2,29,21,2223,.107,25956,1.25
2020,2,29,22,1509,.072,16798,.802
2020,2,29,23,862,.124,9869,1.42
2020,2,29,24,2626,.0805,31038,.952
2020,2,29,25,4865,.127,88085,2.31
2020,2,29,26,5419,.11,83989,1.7
2020,2,29,27,3410,.11,65106,2.09
2020,2,29,28,744,.0583,8586,.673
2020,2,29,29,2732,.0886,29681,.963
2020,2,29,30,695,.13,11991,2.25
2020,2,29,31,502,.0485,6788,.656
2020,2,29,32,2324,.151,22368,1.45
2020,2,29,33,894,.116,4942,.639
2020,2,29,34,7773,.173,118675,2.64
2020,2,29,35,681,.0713,10720,1.12
2020,2,29,36,31208,.328,213899,2.25
2020,2,29,37,1767,.0348,22955,.452
2020,2,29,38,363,.0899,7158,1.77
2020,2,29,39,9916,.171,80571,1.39
2020,2,29,40,1458,.0792,18387,.999
2020,2,29,41,3936,.187,34101,1.62
2020,2,29,42,12045,.186,147140,2.27
2020,2,29,44,874,.157,13258,2.39
2020,2,29,45,1977,.0832,17756,.747
2020,2,29,46,159,.0343,3275,.706
2020,2,29,47,2014,.0602,22427,.67
2020,2,29,48,12692,.0904,145939,1.04
2020,2,29,49,885,.055,12336,.767
2020,2,29,50,863,.252,5902,1.72
2020,2,29,51,3267,.074,25470,.577
2020,2,29,53,5770,.147,64356,1.64
2020,2,29,54,1108,.139,17905,2.25
2020,2,29,55,5658,.182,49232,1.59
2020,2,29,56,471,.161,4014,1.37
2020,3,7,1,1663,.0742,15320,.683
2020,3,7,2,815,.234,9081,2.61
2020,3,7,4,3357,.0945,20950,.59
2020,3,7,5,1843,.135,13461,.988
2020,3,7,6,43385,.224,422249,2.18
2020,3,7,8,1865,.0592,24773,.787
2020,3,7,9,2527,.132,43165,2.26
2020,3,7,10,518,.106,5998,1.23
2020,3,7,11,471,.115,7263,1.77
2020,3,7,12,5325,.0515,37587,.364
2020,3,7,13,4569,.0894,29648,.58
2020,3,7,15,1275,.192,7322,1.1
2020,3,7,16,938,.106,11105,1.26
2020,3,7,17,8727,.135,145123,2.25
2020,3,7,18,2223,.0656,24809,.732
2020,3,7,19,2221,.128,31645,1.82
2020,3,7,20,1365,.0918,12368,.832
2020,3,7,21,2463,.119,25233,1.22
2020,3,7,22,1698,.081,15897,.759
2020,3,7,23,715,.103,9454,1.36
2020,3,7,24,2675,.082,30736,.943
2020,3,7,25,4712,.123,80264,2.1
2020,3,7,26,5150,.104,82811,1.68
2020,3,7,27,3488,.112,66255,2.13
2020,3,7,28,879,.0689,8295,.65
2020,3,7,29,2994,.0971,28219,.915
2020,3,7,30,714,.134,11496,2.15
2020,3,7,31,501,.0484,6082,.587
2020,3,7,32,2309,.15,22159,1.44
2020,3,7,33,495,.064,4970,.642
2020,3,7,34,7996,.178,115642,2.57
2020,3,7,35,690,.0723,10535,1.1
2020,3,7,36,14035,.148,175927,1.85
2020,3,7,37,2575,.0507,22771,.448
2020,3,7,38,423,.105,6966,1.73
2020,3,7,39,6545,.113,79668,1.37
2020,3,7,40,1569,.0852,18636,1.01
2020,3,7,41,4154,.197,33671,1.6
2020,3,7,42,12227,.188,149158,2.3
2020,3,7,44,700,.126,11830,2.13
2020,3,7,45,1889,.0795,17230,.725
2020,3,7,46,185,.0399,3244,.699
2020,3,7,47,2032,.0607,21067,.63
2020,3,7,48,14355,.102,139607,.994
2020,3,7,49,1015,.0631,12092,.752
2020,3,7,50,446,.13,5665,1.66
2020,3,7,51,2527,.0573,25241,.572
2020,3,7,53,6616,.169,63129,1.61
2020,3,7,54,1033,.13,17143,2.15
2020,3,7,55,5052,.163,47389,1.53
2020,3,7,56,534,.183,4042,1.38
2020,3,14,1,1819,.0811,14889,.664
2020,3,14,2,1120,.322,9642,2.77
2020,3,14,4,3844,.108,21439,.604
2020,3,14,5,1382,.101,12896,.946
2020,3,14,6,57606,.297,408950,2.11
2020,3,14,8,2321,.0737,23581,.749
2020,3,14,9,3440,.18,43226,2.26
2020,3,14,10,472,.0969,5782,1.19
2020,3,14,11,1213,.296,7959,1.94
2020,3,14,12,6463,.0625,38707,.374
2020,3,14,13,5445,.107,30797,.603
2020,3,14,15,1589,.239,7793,1.17
2020,3,14,16,1031,.117,10367,1.18
2020,3,14,17,11305,.175,141598,2.2
2020,3,14,18,2596,.0766,24069,.711
2020,3,14,19,2229,.128,30045,1.73
2020,3,14,20,1755,.118,11526,.775
2020,3,14,21,2785,.134,25725,1.24
2020,3,14,22,2255,.108,16242,.775
2020,3,14,23,634,.0915,9085,1.31
2020,3,14,24,3864,.119,30903,.948
2020,3,14,25,7449,.195,81785,2.14
2020,3,14,26,5338,.108,81095,1.64
2020,3,14,27,4010,.129,65791,2.12
2020,3,14,28,1147,.0899,8245,.646
2020,3,14,29,4016,.13,26397,.856
2020,3,14,30,817,.153,10929,2.05
2020,3,14,31,795,.0768,5871,.567
2020,3,14,32,6356,.412,25831,1.67
2020,3,14,33,642,.083,4551,.588
2020,3,14,34,9467,.211,113750,2.53
2020,3,14,35,869,.091,10435,1.09
2020,3,14,36,14272,.15,172540,1.81
2020,3,14,37,3533,.0695,23216,.457
2020,3,14,38,415,.103,6764,1.68
2020,3,14,39,7046,.121,75562,1.3
2020,3,14,40,1836,.0997,18318,.995
2020,3,14,41,4269,.203,33271,1.58
2020,3,14,42,15439,.238,144281,2.22
2020,3,14,44,1108,.199,11800,2.12
2020,3,14,45,2093,.0881,17125,.721
2020,3,14,46,190,.0409,3060,.659
2020,3,14,47,2702,.0808,21152,.632
2020,3,14,48,16176,.115,144081,1.03
2020,3,14,49,1305,.0812,12006,.747
2020,3,14,50,659,.193,5555,1.62
2020,3,14,51,2706,.0613,24042,.545
2020,3,14,53,14240,.364,69828,1.78
2020,3,14,54,865,.109,16259,2.04
2020,3,14,55,5190,.167,45928,1.48
2020,3,14,56,517,.177,3892,1.33
2020,3,21,1,10892,.486,23379,1.04
2020,3,21,2,7847,2.26,16359,4.7
2020,3,21,4,29348,.826,47456,1.34
2020,3,21,5,9275,.681,20263,1.49
2020,3,21,6,186333,.96,608245,3.13
2020,3,21,8,19774,.628,41083,1.3
2020,3,21,9,25100,1.31,69294,3.62
2020,3,21,10,10776,2.21,16073,3.3
2020,3,21,11,14462,3.53,21840,5.33
2020,3,21,12,74313,.719,108041,1.05
2020,3,21,13,12140,.238,39647,.776
2020,3,21,15,8817,1.33,15294,2.3
2020,3,21,16,13586,1.54,21455,2.43
2020,3,21,17,126716,1.97,252138,3.91
2020,3,21,18,59755,1.76,80533,2.38
2020,3,21,19,40952,2.36,67448,3.88
2020,3,21,20,23563,1.59,33536,2.26
2020,3,21,21,49023,2.37,71351,3.44
2020,3,21,22,72438,3.46,86581,4.13
2020,3,21,23,21459,3.1,30162,4.35
2020,3,21,24,42982,1.32,69442,2.13
2020,3,21,25,148452,3.89,231579,6.07
2020,3,21,26,128006,2.59,203081,4.11
2020,3,21,27,115773,3.72,182560,5.87
2020,3,21,28,5519,.432,12186,.955
2020,3,21,29,42246,1.37,63784,2.07
2020,3,21,30,15349,2.88,25167,4.72
2020,3,21,31,15700,1.52,20559,1.99
2020,3,21,32,92298,5.98,112120,7.27
2020,3,21,33,29379,3.8,33403,4.32
2020,3,21,34,115815,2.58,221655,4.93
2020,3,21,35,18105,1.9,27393,2.87
2020,3,21,36,79999,.841,247213,2.6
2020,3,21,37,94083,1.85,114735,2.26
2020,3,21,38,5662,1.4,11831,2.93
2020,3,21,39,196309,3.38,264632,4.56
2020,3,21,40,21926,1.19,38780,2.11
2020,3,21,41,30054,1.43,60577,2.88
2020,3,21,42,363000,5.59,491029,7.56
2020,3,21,44,35847,6.45,46704,8.41
2020,3,21,45,31826,1.34,46937,1.98
2020,3,21,46,1761,.38,4435,.956
2020,3,21,47,38077,1.14,56427,1.69
2020,3,21,48,155426,1.11,281853,2.01
2020,3,21,49,19690,1.22,30516,1.9
2020,3,21,50,3784,1.11,8594,2.51
2020,3,21,51,46277,1.05,67905,1.54
2020,3,21,53,129909,3.32,192532,4.92
2020,3,21,54,3536,.444,17690,2.22
2020,3,21,55,51031,1.64,94638,3.05
2020,3,21,56,3653,1.25,6850,2.34
2020,3,28,1,80984,3.61,99067,4.42
2020,3,28,2,13774,3.96,24947,7.17
2020,3,28,4,88940,2.5,115327,3.25
2020,3,28,5,27756,2.04,43904,3.22
2020,3,28,6,1058325,5.45,1458890,7.52
2020,3,28,8,61838,1.96,83794,2.66
2020,3,28,9,33227,1.74,114088,5.96
2020,3,28,10,19137,3.93,30643,6.29
2020,3,28,11,15869,3.87,33530,8.18
2020,3,28,12,228484,2.21,263560,2.55
2020,3,28,13,133820,2.62,241697,4.73
2020,3,28,15,48596,7.31,59593,8.96
2020,3,28,16,32941,3.74,48464,5.5
2020,3,28,17,185575,2.88,317633,4.93
2020,3,28,18,139174,4.11,168161,4.96
2020,3,28,19,55966,3.22,109616,6.3
2020,3,28,20,54330,3.65,71888,4.84
2020,3,28,21,113149,5.46,137510,6.63
2020,3,28,22,97400,4.65,155427,7.42
2020,3,28,23,23770,3.43,45737,6.6
2020,3,28,24,85377,2.62,133331,4.09
2020,3,28,25,181423,4.75,364528,9.55
2020,3,28,26,304335,6.16,392518,7.95
2020,3,28,27,109095,3.51,269968,8.68
2020,3,28,28,32015,2.51,41596,3.26
2020,3,28,29,104291,3.38,153761,4.99
2020,3,28,30,20763,3.89,39862,7.47
2020,3,28,31,24725,2.39,41366,4
2020,3,28,32,71942,4.66,130740,8.48
2020,3,28,33,31378,4.06,58699,7.59
2020,3,28,34,206253,4.59,362434,8.07
2020,3,28,35,27849,2.92,47936,5.02
2020,3,28,36,366595,3.85,681305,7.16
2020,3,28,37,172145,3.39,247365,4.87
2020,3,28,38,11818,2.93,20352,5.04
2020,3,28,39,274288,4.73,488561,8.42
2020,3,28,40,47744,2.59,73012,3.97
2020,3,28,41,47498,2.26,111428,5.3
2020,3,28,42,374056,5.76,509764,7.85
2020,3,28,44,27800,5,59647,10.7
2020,3,28,45,66475,2.8,96816,4.07
2020,3,28,46,6801,1.47,10339,2.23
2020,3,28,47,92500,2.77,130041,3.89
2020,3,28,48,276185,1.97,420882,3
2020,3,28,49,28532,1.77,53167,3.31
2020,3,28,50,14633,4.28,28430,8.31
2020,3,28,51,112497,2.55,154324,3.5
2020,3,28,53,182849,4.67,340874,8.71
2020,3,28,54,14523,1.82,35668,4.48
2020,3,28,55,110934,3.57,210508,6.78
2020,3,28,56,6396,2.19,10915,3.73
2020,4,4,1,106739,4.76,158915,7.09
2020,4,4,2,14590,4.2,34435,9.9
2020,4,4,4,132428,3.73,195025,5.49
2020,4,4,5,62086,4.56,98585,7.23
2020,4,4,6,918814,4.73,1995575,10.3
2020,4,4,8,46326,1.47,119910,3.81
2020,4,4,9,33464,1.75,181403,9.48
2020,4,4,10,18851,3.87,38293,7.86
2020,4,4,11,15329,3.74,46714,11.4
2020,4,4,12,169885,1.64,268806,2.6
2020,4,4,13,390132,7.63,750209,14.7
2020,4,4,15,53102,7.99,85328,12.8
2020,4,4,16,30904,3.5,66819,7.58
2020,4,4,17,202157,3.14,465175,7.22
2020,4,4,18,127010,3.75,198747,5.87
2020,4,4,19,64194,3.69,155825,8.96
2020,4,4,20,49306,3.32,100731,6.78
2020,4,4,21,117575,5.67,247726,12
2020,4,4,22,100621,4.8,217311,10.4
2020,4,4,23,30910,4.46,72249,10.4
2020,4,4,24,109653,3.36,201743,6.19
2020,4,4,25,139647,3.66,449858,11.8
2020,4,4,26,388554,7.87,754980,15.3
2020,4,4,27,110260,3.55,358283,11.5
2020,4,4,28,45852,3.59,75225,5.89
2020,4,4,29,91458,2.97,212925,6.91
2020,4,4,30,21244,3.98,58063,10.9
2020,4,4,31,27054,2.61,65975,6.37
2020,4,4,32,79285,5.14,210406,13.6
2020,4,4,33,39202,5.07,91368,11.8
2020,4,4,34,214836,4.78,490955,10.9
2020,4,4,35,26132,2.74,70961,7.43
2020,4,4,36,344451,3.62,1056995,11.1
2020,4,4,37,137422,2.7,383114,7.54
2020,4,4,38,15125,3.75,31161,7.72
2020,4,4,39,226191,3.9,676252,11.7
2020,4,4,40,60534,3.29,115563,6.28
2020,4,4,41,62788,2.98,181517,8.63
2020,4,4,42,239077,3.68,805541,12.4
2020,4,4,44,28243,5.08,84281,15.2
2020,4,4,45,86573,3.64,162094,6.82
2020,4,4,46,8138,1.75,15706,3.38
2020,4,4,47,112186,3.35,228365,6.83
2020,4,4,48,315167,2.24,689823,4.91
2020,4,4,49,33040,2.06,78201,4.86
2020,4,4,50,16474,4.81,38427,11.2
2020,4,4,51,147369,3.34,280553,6.36
2020,4,4,53,171252,4.38,480663,12.3
2020,4,4,54,14494,1.82,51184,6.42
2020,4,4,55,104823,3.38,313210,10.1
2020,4,4,56,6543,2.24,14333,4.9
2020,4,11,1,77515,3.46,172840,7.71
2020,4,11,2,12007,3.45,47372,13.6
2020,4,11,4,98531,2.77,219123,6.17
2020,4,11,5,35629,2.61,102140,7.5
2020,4,11,6,655472,3.38,2085426,10.7
2020,4,11,8,104572,3.32,271165,8.61
2020,4,11,9,34050,1.78,223246,11.7
2020,4,11,10,13258,2.72,42835,8.79
2020,4,11,11,9974,2.43,52198,12.7
2020,4,11,12,180419,1.75,519867,5.03
2020,4,11,13,319581,6.25,914999,17.9
2020,4,11,15,34717,5.22,83022,12.5
2020,4,11,16,18531,2.1,77670,8.81
2020,4,11,17,140787,2.18,593613,9.21
2020,4,11,18,113755,3.36,261338,7.72
2020,4,11,19,43889,2.52,171221,9.85
2020,4,11,20,29873,2.01,108207,7.28
2020,4,11,21,116277,5.61,298374,14.4
2020,4,11,22,79653,3.8,297185,14.2
2020,4,11,23,13488,1.95,69211,9.99
2020,4,11,24,63235,1.94,224132,6.87
2020,4,11,25,103813,2.72,465413,12.2
2020,4,11,26,222207,4.5,971218,19.7
2020,4,11,27,93133,2.99,434711,14
2020,4,11,28,45748,3.58,106485,8.34
2020,4,11,29,102126,3.31,280836,9.11
2020,4,11,30,14275,2.68,67757,12.7
2020,4,11,31,16279,1.57,76695,7.41
2020,4,11,32,58641,3.8,247648,16.1
2020,4,11,33,25273,3.27,105252,13.6
2020,4,11,34,141420,3.15,570808,12.7
2020,4,11,35,19043,1.99,81729,8.56
2020,4,11,36,394701,4.15,1515892,15.9
2020,4,11,37,140155,2.76,503144,9.9
2020,4,11,38,9502,2.35,34056,8.44
2020,4,11,39,159317,2.75,781986,13.5
2020,4,11,40,54481,2.96,142811,7.76
2020,4,11,41,54581,2.59,230735,11
2020,4,11,42,172733,2.66,786929,12.1
2020,4,11,44,22509,4.05,93444,16.8
2020,4,11,45,89147,3.75,216141,9.1
2020,4,11,46,6359,1.37,20790,4.48
2020,4,11,47,71887,2.15,278359,8.32
2020,4,11,48,274257,1.95,906727,6.46
2020,4,11,49,24515,1.52,97313,6.05
2020,4,11,50,9662,2.82,40866,11.9
2020,4,11,51,104619,2.37,341410,7.74
2020,4,11,53,144455,3.69,587391,15
2020,4,11,54,14944,1.88,63541,7.97
2020,4,11,55,70000,2.25,332847,10.7
2020,4,11,56,5794,1.98,17006,5.82
2020,4,18,1,66432,2.96,210759,9.4
2020,4,18,2,12201,3.51,60297,17.3
2020,4,18,4,72457,2.04,242719,6.83
2020,4,18,5,25404,1.86,116682,8.56
2020,4,18,6,528360,2.72,2950818,15.2
2020,4,18,8,67639,2.15,239073,7.59
2020,4,18,9,102808,5.37,408855,21.4
2020,4,18,10,9446,1.94,47897,9.83
2020,4,18,11,8639,2.11,56104,13.7
2020,4,18,12,506670,4.9,683691,6.61
2020,4,18,13,247003,4.83,858892,16.8
2020,4,18,15,26591,4,98852,14.9
2020,4,18,16,13023,1.48,80745,9.16
2020,4,18,17,118996,1.85,688196,10.7
2020,4,18,18,72756,2.15,279142,8.24
2020,4,18,19,26901,1.55,177346,10.2
2020,4,18,20,30596,2.06,128074,8.62
2020,4,18,21,103981,5.02,303011,14.6
2020,4,18,22,91923,4.39,338219,16.1
2020,4,18,23,11769,1.7,78294,11.3
2020,4,18,24,48570,1.49,250005,7.67
2020,4,18,25,80969,2.12,548521,14.4
2020,4,18,26,136707,2.77,1074227,21.8
2020,4,18,27,74829,2.41,466113,15
2020,4,18,28,36913,2.89,129918,10.2
2020,4,18,29,59602,1.93,287159,9.31
2020,4,18,30,11176,2.09,76249,14.3
2020,4,18,31,12222,1.18,84300,8.14
2020,4,18,32,39496,2.56,271114,17.6
2020,4,18,33,20414,2.64,114197,14.8
2020,4,18,34,140139,3.12,696144,15.5
2020,4,18,35,13621,1.43,94607,9.91
2020,4,18,36,205184,2.16,1559680,16.4
2020,4,18,37,106266,2.09,574549,11.3
2020,4,18,38,8065,2,41628,10.3
2020,4,18,39,109830,1.89,827672,14.3
2020,4,18,40,46696,2.54,159007,8.64
2020,4,18,41,37209,1.77,254248,12.1
2020,4,18,42,124633,1.92,1199293,18.5
2020,4,18,44,18078,3.25,97218,17.5
2020,4,18,45,74362,3.13,254131,10.7
2020,4,18,46,5295,1.14,24959,5.38
2020,4,18,47,67226,2.01,347121,10.4
2020,4,18,48,280761,2,1192684,8.49
2020,4,18,49,19649,1.22,107930,6.71
2020,4,18,50,6598,1.93,70911,20.7
2020,4,18,51,82729,1.87,380722,8.63
2020,4,18,53,83475,2.13,618660,15.8
2020,4,18,54,46755,5.87,142883,17.9
2020,4,18,55,55883,1.8,355415,11.4
2020,4,18,56,4381,1.5,18683,6.39
2020,4,25,1,74966,3.34,248821,11.1
2020,4,25,2,10313,2.97,62335,17.9
2020,4,25,4,52581,1.48,248982,7.01
2020,4,25,5,17671,1.3,127008,9.32
2020,4,25,6,325343,1.68,2212918,11.4
2020,4,25,8,38662,1.23,267375,8.49
2020,4,25,9,33041,1.73,342152,17.9
2020,4,25,10,7947,1.63,52924,10.9
2020,4,25,11,8708,2.12,61242,14.9
2020,4,25,12,433103,4.19,973657,9.42
2020,4,25,13,266565,5.22,1025421,20.1
2020,4,25,15,22496,3.38,91133,13.7
2020,4,25,16,8827,1,80243,9.1
2020,4,25,17,101322,1.57,782324,12.1
2020,4,25,18,55774,1.65,309703,9.14
2020,4,25,19,27220,1.57,196191,11.3
2020,4,25,20,24483,1.65,143505,9.65
2020,4,25,21,91223,4.4,352015,17
2020,4,25,22,66141,3.16,366798,17.5
2020,4,25,23,7661,1.11,80802,11.7
2020,4,25,24,37995,1.17,262310,8.04
2020,4,25,25,71358,1.87,603866,15.8
2020,4,25,26,82004,1.66,1016603,20.6
2020,4,25,27,48595,1.56,465588,15
2020,4,25,28,29906,2.34,165628,13
2020,4,25,29,55299,1.79,311097,10.1
2020,4,25,30,7052,1.32,74525,14
2020,4,25,31,8229,.795,84857,8.2
2020,4,25,32,42541,2.76,317391,20.6
2020,4,25,33,15001,1.94,121842,15.7
2020,4,25,34,71966,1.6,693719,15.4
2020,4,25,35,12093,1.27,106242,11.1
2020,4,25,36,219413,2.31,1836222,19.3
2020,4,25,37,98941,1.95,653980,12.9
2020,4,25,38,6274,1.55,41787,10.4
2020,4,25,39,93599,1.61,870813,15
2020,4,25,40,52500,2.85,187050,10.2
2020,4,25,41,49300,2.34,333786,15.9
2020,4,25,42,82414,1.27,997663,15.4
2020,4,25,44,13084,2.36,109747,19.8
2020,4,25,45,66438,2.8,307394,12.9
2020,4,25,46,5535,1.19,28242,6.09
2020,4,25,47,42805,1.28,383838,11.5
2020,4,25,48,254084,1.81,1216206,8.66
2020,4,25,49,11738,.73,101233,6.3
2020,4,25,50,5117,1.5,81574,23.8
2020,4,25,51,72488,1.64,413783,9.38
2020,4,25,53,139505,3.56,712879,18.2
2020,4,25,54,29818,3.74,176384,22.1
2020,4,25,55,49993,1.61,371056,11.9
2020,4,25,56,3497,1.2,20063,6.86
2020,5,2,1,28985,1.29,243669,10.9
2020,5,2,2,8718,2.51,58611,16.9
2020,5,2,4,43023,1.21,261783,7.37
2020,5,2,5,13448,.987,132780,9.74
2020,5,2,6,316257,1.63,5124618,26.4
2020,5,2,8,28360,.901,257043,8.16
2020,5,2,9,36138,1.89,333687,17.4
2020,5,2,10,6297,1.29,58798,12.1
2020,5,2,11,8113,1.98,66747,16.3
2020,5,2,12,174860,1.69,619421,5.99
2020,5,2,13,228352,4.47,1114116,21.8
2020,5,2,15,15177,2.28,103287,15.5
2020,5,2,16,7495,.85,79289,8.99
2020,5,2,17,74476,1.16,770447,12
2020,5,2,18,42290,1.25,313538,9.26
2020,5,2,19,23241,1.34,202851,11.7
2020,5,2,20,15959,1.07,136660,9.19
2020,5,2,21,82435,3.98,338752,16.3
2020,5,2,22,50941,2.43,360954,17.2
2020,5,2,23,6993,1.01,83766,12.1
2020,5,2,24,63305,1.94,290348,8.9
2020,5,2,25,55884,1.46,625840,16.4
2020,5,2,26,67399,1.37,1063773,21.5
2020,5,2,27,41492,1.33,461704,14.8
2020,5,2,28,25745,2.02,187823,14.7
2020,5,2,29,52527,1.7,299190,9.7
2020,5,2,30,4596,.861,67730,12.7
2020,5,2,31,6418,.62,75300,7.27
2020,5,2,32,28550,1.85,332123,21.5
2020,5,2,33,12475,1.61,128055,16.6
2020,5,2,34,88326,1.97,730977,16.3
2020,5,2,35,13675,1.43,109832,11.5
2020,5,2,36,195110,2.05,1944681,20.4
2020,5,2,37,85956,1.69,677001,13.3
2020,5,2,38,4044,1,39871,9.88
2020,5,2,39,61487,1.06,820922,14.1
2020,5,2,40,93885,5.1,248556,13.5
2020,5,2,41,48120,2.29,357109,17
2020,5,2,42,58240,.897,1291539,19.9
2020,5,2,44,9088,1.64,106661,19.2
2020,5,2,45,47673,2.01,308082,13
2020,5,2,46,3929,.847,27720,5.97
2020,5,2,47,36323,1.09,376572,11.3
2020,5,2,48,243935,1.74,1377259,9.81
2020,5,2,49,8992,.559,101864,6.34
2020,5,2,50,3875,1.13,64410,18.8
2020,5,2,51,59631,1.35,436320,9.89
2020,5,2,53,102216,2.61,706264,18
2020,5,2,54,13227,1.66,123604,15.5
2020,5,2,55,37885,1.22,351910,11.3
2020,5,2,56,2854,.977,20375,6.97
2020,5,9,1,26666,1.19,243522,10.9
2020,5,9,2,7807,2.24,58598,16.8
2020,5,9,4,31570,.889,260376,7.33
2020,5,9,5,13152,.965,135674,9.96
2020,5,9,6,212667,1.1,3062871,15.8
2020,5,9,8,22732,.722,284683,9.04
2020,5,9,9,30046,1.57,349575,18.3
2020,5,9,10,5197,1.07,55402,11.4
2020,5,9,11,5782,1.41,71080,17.3
2020,5,9,12,223082,2.16,1258289,12.2
2020,5,9,13,242772,4.75,1055685,20.7
2020,5,9,15,12329,1.85,123251,18.5
2020,5,9,16,5795,.657,71273,8.08
2020,5,9,17,72671,1.13,828583,12.9
2020,5,9,18,29668,.876,315128,9.3
2020,5,9,19,15820,.91,205463,11.8
2020,5,9,20,12234,.823,130211,8.76
2020,5,9,21,69372,3.35,322622,15.6
2020,5,9,22,40125,1.91,365261,17.4
2020,5,9,23,5579,.805,92859,13.4
2020,5,9,24,45664,1.4,300377,9.21
2020,5,9,25,44915,1.18,620484,16.3
2020,5,9,26,55166,1.12,1028444,20.8
2020,5,9,27,37669,1.21,466856,15
2020,5,9,28,23618,1.85,231888,18.2
2020,5,9,29,31145,1.01,297375,9.64
2020,5,9,30,3762,.705,62667,11.7
2020,5,9,31,6362,.615,74451,7.19
2020,5,9,32,21635,1.4,346079,22.4
2020,5,9,33,10016,1.29,126784,16.4
2020,5,9,34,69689,1.55,785122,17.5
2020,5,9,35,8024,.841,109156,11.4
2020,5,9,36,199419,2.1,2045573,21.5
2020,5,9,37,57354,1.13,677163,13.3
2020,5,9,38,2753,.682,38674,9.58
2020,5,9,39,52255,.901,798141,13.8
2020,5,9,40,39079,2.12,217201,11.8
2020,5,9,41,33936,1.61,343479,16.3
2020,5,9,42,50299,.775,1099763,16.9
2020,5,9,44,6245,1.12,100328,18.1
2020,5,9,45,33191,1.4,301892,12.7
2020,5,9,46,5269,1.14,28657,6.18
2020,5,9,47,28377,.848,371589,11.1
2020,5,9,48,141553,1.01,1323162,9.42
2020,5,9,49,7076,.44,98667,6.14
2020,5,9,50,2913,.851,59953,17.5
2020,5,9,51,52139,1.18,444812,10.1
2020,5,9,53,110831,2.83,850626,21.7
2020,5,9,54,6045,.758,113450,14.2
2020,5,9,55,38710,1.25,351958,11.3
2020,5,9,56,3297,1.13,21225,7.26
2020,5,16,1,25150,1.12,228827,10.2
2020,5,16,2,7741,2.23,57790,16.6
2020,5,16,4,31957,.9,262523,7.39
2020,5,16,5,11427,.839,133835,9.82
2020,5,16,6,244431,1.26,3809584,19.6
2020,5,16,8,18054,.573,264561,8.4
2020,5,16,9,25960,1.36,323048,16.9
2020,5,16,10,5554,1.14,56564,11.6
2020,5,16,11,5196,1.27,74040,18.1
2020,5,16,12,225404,2.18,2376512,23
2020,5,16,13,177731,3.48,967909,18.9
2020,5,16,15,10964,1.65,156675,23.6
2020,5,16,16,5800,.658,65921,7.47
2020,5,16,17,72780,1.13,806322,12.5
2020,5,16,18,29436,.869,299821,8.85
2020,5,16,19,12056,.693,196697,11.3
2020,5,16,20,11238,.756,119803,8.06
2020,5,16,21,47321,2.28,294186,14.2
2020,5,16,22,28545,1.36,355049,16.9
2020,5,16,23,4726,.682,96933,14
2020,5,16,24,35346,1.08,288864,8.86
2020,5,16,25,38684,1.01,628229,16.5
2020,5,16,26,56715,1.15,1050903,21.3
2020,5,16,27,28893,.929,456583,14.7
2020,5,16,28,24242,1.9,214128,16.8
2020,5,16,29,28244,.916,290084,9.41
2020,5,16,30,3660,.686,57446,10.8
2020,5,16,31,5839,.564,68801,6.65
2020,5,16,32,17837,1.16,386878,25.1
2020,5,16,33,8794,1.14,123244,15.9
2020,5,16,34,42365,.943,644135,14.3
2020,5,16,35,7356,.771,111305,11.7
2020,5,16,36,223962,2.35,2097897,22
2020,5,16,37,46913,.923,652622,12.8
2020,5,16,38,2619,.649,35018,8.68
2020,5,16,39,46862,.808,751646,13
2020,5,16,40,33440,1.82,168669,9.16
2020,5,16,41,23539,1.12,313690,14.9
2020,5,16,42,41673,.642,1050559,16.2
2020,5,16,44,3883,.699,93130,16.8
2020,5,16,45,29899,1.26,286575,12.1
2020,5,16,46,3891,.839,29077,6.27
2020,5,16,47,27990,.837,360735,10.8
2020,5,16,48,134065,.955,1434641,10.2
2020,5,16,49,6228,.387,92526,5.76
2020,5,16,50,2199,.643,57302,16.7
2020,5,16,51,44699,1.01,448256,10.2
2020,5,16,53,140119,3.58,1185575,30.3
2020,5,16,54,5026,.631,103820,13
2020,5,16,55,31287,1.01,339684,10.9
2020,5,16,56,2303,.788,19638,6.72
2020,5,23,1,27919,1.25,218124,9.73
2020,5,23,2,8152,2.34,56152,16.1
2020,5,23,4,26868,.757,244836,6.89
2020,5,23,5,10825,.794,130868,9.6
2020,5,23,6,203262,1.05,2358572,12.2
2020,5,23,8,15719,.499,281218,8.93
2020,5,23,9,16603,.868,289298,15.1
2020,5,23,10,4651,.955,55431,11.4
2020,5,23,11,5135,1.25,75238,18.4
2020,5,23,12,175411,1.7,704795,6.82
2020,5,23,13,165499,3.24,897261,17.6
2020,5,23,15,9140,1.37,137226,20.6
2020,5,23,16,4727,.536,61419,6.96
2020,5,23,17,58263,.904,820630,12.7
2020,5,23,18,25523,.753,279059,8.24
2020,5,23,19,13723,.789,192282,11.1
2020,5,23,20,11232,.756,115785,7.79
2020,5,23,21,53738,2.59,298080,14.4
2020,5,23,22,23961,1.14,352370,16.8
2020,5,23,23,16667,2.41,154886,22.4
2020,5,23,24,34048,1.04,289361,8.87
2020,5,23,25,38332,1,632847,16.6
2020,5,23,26,64574,1.31,1049868,21.3
2020,5,23,27,27211,.875,443879,14.3
2020,5,23,28,23856,1.87,208006,16.3
2020,5,23,29,27436,.89,282810,9.17
2020,5,23,30,3821,.716,53738,10.1
2020,5,23,31,5812,.561,67416,6.51
2020,5,23,32,15607,1.01,358637,23.3
2020,5,23,33,7266,.939,116450,15.1
2020,5,23,34,34410,.766,620942,13.8
2020,5,23,35,7058,.739,115772,12.1
2020,5,23,36,189087,1.99,2000099,21
2020,5,23,37,44202,.87,608270,12
2020,5,23,38,2978,.738,34078,8.44
2020,5,23,39,42585,.734,679454,11.7
2020,5,23,40,43714,2.37,182910,9.93
2020,5,23,41,28452,1.35,321533,15.3
2020,5,23,42,55374,.853,962626,14.8
2020,5,23,44,2937,.529,90903,16.4
2020,5,23,45,25380,1.07,267173,11.2
2020,5,23,46,3471,.748,25925,5.59
2020,5,23,47,25439,.761,353207,10.6
2020,5,23,48,127717,.909,1400274,9.97
2020,5,23,49,5405,.336,87459,5.44
2020,5,23,50,1552,.454,51837,15.1
2020,5,23,51,39242,.889,442168,10
2020,5,23,53,49436,1.26,642723,16.4
2020,5,23,54,4904,.615,97990,12.3
2020,5,23,55,28967,.933,320644,10.3
2020,5,23,56,2800,.958,20431,6.99
2020,5,30,1,21335,.952,204900,9.14
2020,5,30,2,7452,2.14,54796,15.8
2020,5,30,4,22012,.62,231956,6.53
2020,5,30,5,8481,.622,123846,9.09
2020,5,30,6,228634,1.18,2981035,15.4
2020,5,30,8,12519,.398,257119,8.17
2020,5,30,9,14208,.743,262871,13.7
2020,5,30,10,3052,.626,58224,11.9
2020,5,30,11,3559,.868,74230,18.1
2020,5,30,12,207707,2.01,838347,8.11
2020,5,30,13,149163,2.92,903996,17.7
2020,5,30,15,7702,1.16,132641,19.9
2020,5,30,16,3646,.413,54681,6.2
2020,5,30,17,46385,.72,766164,11.9
2020,5,30,18,22914,.676,256783,7.58
2020,5,30,19,6449,.371,169011,9.72
2020,5,30,20,10028,.675,109976,7.4
2020,5,30,21,43013,2.08,249018,12
2020,5,30,22,19334,.923,320932,15.3
2020,5,30,23,11151,1.61,173407,25
2020,5,30,24,31967,.98,278782,8.55
2020,5,30,25,27630,.724,627381,16.4
2020,5,30,26,39290,.796,972471,19.7
2020,5,30,27,21654,.696,419553,13.5
2020,5,30,28,24014,1.88,198822,15.6
2020,5,30,29,20650,.67,262823,8.52
2020,5,30,30,3054,.572,51560,9.66
2020,5,30,31,5083,.491,67548,6.52
2020,5,30,32,11337,.735,346380,22.5
2020,5,30,33,6127,.792,106896,13.8
2020,5,30,34,26752,.595,574665,12.8
2020,5,30,35,6672,.699,112427,11.8
2020,5,30,36,81926,.861,1838629,19.3
2020,5,30,37,37047,.729,585035,11.5
2020,5,30,38,2315,.574,33121,8.21
2020,5,30,39,35078,.605,601624,10.4
2020,5,30,40,60376,3.28,232685,12.6
2020,5,30,41,20565,.977,277324,13.2
2020,5,30,42,42266,.651,1061837,16.4
2020,5,30,44,2748,.495,81244,14.6
2020,5,30,45,18910,.796,233724,9.84
2020,5,30,46,1498,.323,21127,4.55
2020,5,30,47,22255,.665,344372,10.3
2020,5,30,48,106677,.76,1508450,10.7
2020,5,30,49,4948,.308,84264,5.24
2020,5,30,50,1465,.428,47781,14
2020,5,30,51,31379,.711,429790,9.74
2020,5,30,53,31929,.816,511697,13.1
2020,5,30,54,4685,.588,89295,11.2
2020,5,30,55,24661,.794,294339,9.48
2020,5,30,56,2421,.828,18274,6.25
2020,6,6,1,19949,.89,200194,8.93
2020,6,6,2,7081,2.04,54204,15.6
2020,6,6,4,24367,.686,234972,6.62
2020,6,6,5,9663,.709,125145,9.18
2020,6,6,6,255836,1.32,3068320,15.8
2020,6,6,8,13098,.416,276908,8.79
2020,6,6,9,15366,.803,284483,14.9
2020,6,6,10,3037,.623,52696,10.8
2020,6,6,11,3385,.826,75408,18.4
2020,6,6,12,112161,1.09,1078786,10.4
2020,6,6,13,135254,2.65,833408,16.3
2020,6,6,15,7338,1.1,132906,20
2020,6,6,16,3953,.448,51732,5.87
2020,6,6,17,44606,.692,786344,12.2
2020,6,6,18,22931,.677,243987,7.2
2020,6,6,19,9488,.546,167756,9.65
2020,6,6,20,8261,.556,99331,6.68
2020,6,6,21,40733,1.97,238435,11.5
2020,6,6,22,21879,1.04,326962,15.6
2020,6,6,23,3117,.45,81364,11.7
2020,6,6,24,41695,1.28,288932,8.86
2020,6,6,25,45142,1.18,619161,16.2
2020,6,6,26,27836,.564,784112,15.9
2020,6,6,27,28311,.91,427110,13.7
2020,6,6,28,21283,1.67,170185,13.3
2020,6,6,29,19907,.646,256438,8.32
2020,6,6,30,3078,.577,49383,9.26
2020,6,6,31,4697,.454,65176,6.3
2020,6,6,32,10748,.697,344930,22.4
2020,6,6,33,6303,.815,108492,14
2020,6,6,34,23166,.516,582223,13
2020,6,6,35,5290,.554,109309,11.5
2020,6,6,36,93799,.986,1788608,18.8
2020,6,6,37,33865,.667,571517,11.2
2020,6,6,38,2252,.558,32107,7.96
2020,6,6,39,36154,.623,569501,9.82
2020,6,6,40,77525,4.21,234320,12.7
2020,6,6,41,24508,1.16,300276,14.3
2020,6,6,42,45049,.694,891837,13.7
2020,6,6,44,3518,.633,80464,14.5
2020,6,6,45,23188,.976,235758,9.92
2020,6,6,46,880,.19,21453,4.62
2020,6,6,47,20908,.625,330973,9.89
2020,6,6,48,89676,.638,1305183,9.29
2020,6,6,49,5382,.335,83527,5.2
2020,6,6,50,1650,.482,46857,13.7
2020,6,6,51,29231,.662,425287,9.64
2020,6,6,53,30677,.784,468833,12
2020,6,6,54,4413,.554,87575,11
2020,6,6,55,25047,.807,280852,9.04
2020,6,6,56,2013,.689,17565,6.01
2020,6,13,1,18367,.819,182349,8.13
2020,6,13,2,6797,1.95,52589,15.1
2020,6,13,4,22419,.631,231948,6.53
2020,6,13,5,9381,.688,123004,9.03
2020,6,13,6,241424,1.24,3242837,16.7
2020,6,13,8,10382,.33,253167,8.04
2020,6,13,9,11852,.619,272370,14.2
2020,6,13,10,2516,.516,49631,10.2
2020,6,13,11,3065,.748,75999,18.5
2020,6,13,12,88148,.853,1008350,9.75
2020,6,13,13,131997,2.58,814498,15.9
2020,6,13,15,7248,1.09,121367,18.3
2020,6,13,16,3631,.412,40395,4.58
2020,6,13,17,44694,.693,754973,11.7
2020,6,13,18,24017,.709,235272,6.95
2020,6,13,19,9069,.522,161808,9.31
2020,6,13,20,8287,.557,92168,6.2
2020,6,13,21,37650,1.82,218819,10.6
2020,6,13,22,23122,1.1,329480,15.7
2020,6,13,23,3013,.435,69979,10.1
2020,6,13,24,23465,.72,274033,8.4
2020,6,13,25,30411,.797,608402,15.9
2020,6,13,26,21293,.431,748215,15.2
2020,6,13,27,24696,.794,396626,12.8
2020,6,13,28,18407,1.44,141599,11.1
2020,6,13,29,18912,.613,237508,7.7
2020,6,13,30,3157,.592,47455,8.89
2020,6,13,31,4868,.47,62270,6.02
2020,6,13,32,10620,.689,322629,20.9
2020,6,13,33,6431,.831,104871,13.6
2020,6,13,34,26438,.588,564707,12.6
2020,6,13,35,5111,.535,107198,11.2
2020,6,13,36,95150,1,1772187,18.6
2020,6,13,37,32188,.634,556975,11
2020,6,13,38,2073,.514,31176,7.72
2020,6,13,39,33139,.571,526097,9.07
2020,6,13,40,84779,4.6,258140,14
2020,6,13,41,24645,1.17,276514,13.1
2020,6,13,42,44341,.683,958151,14.8
2020,6,13,44,2641,.475,75724,13.6
2020,6,13,45,19853,.836,220756,9.29
2020,6,13,46,1065,.23,19714,4.25
2020,6,13,47,19413,.58,317286,9.49
2020,6,13,48,94723,.674,1392019,9.91
2020,6,13,49,4803,.299,80186,4.99
2020,6,13,50,1859,.543,45197,13.2
2020,6,13,51,27186,.616,414079,9.38
2020,6,13,53,30217,.772,440421,11.3
2020,6,13,54,4327,.543,79563,9.98
2020,6,13,55,25543,.823,264071,8.5
2020,6,13,56,1539,.527,16910,5.79
2020,6,20,1,18671,.833,168673,7.52
2020,6,20,2,6757,1.94,51137,14.7
2020,6,20,4,25886,.729,243820,6.87
2020,6,20,5,9669,.71,121858,8.94
2020,6,20,6,284494,1.47,3063919,15.8
2020,6,20,8,10013,.318,269354,8.55
2020,6,20,9,10411,.544,261185,13.6
2020,6,20,10,2797,.574,47909,9.83
2020,6,20,11,3073,.75,76000,18.5
2020,6,20,12,95683,.926,1091475,10.6
2020,6,20,13,125725,2.46,795460,15.6
2020,6,20,15,7178,1.08,139644,21
2020,6,20,16,4285,.486,37345,4.23
2020,6,20,17,46276,.718,752115,11.7
2020,6,20,18,29331,.866,230573,6.81
2020,6,20,19,8208,.472,160989,9.26
2020,6,20,20,9179,.617,90352,6.08
2020,6,20,21,24846,1.2,196991,9.5
2020,6,20,22,19524,.932,319913,15.3
2020,6,20,23,2911,.42,67628,9.76
2020,6,20,24,32583,.999,276755,8.49
2020,6,20,25,30005,.786,596170,15.6
2020,6,20,26,19641,.398,604065,12.2
2020,6,20,27,20487,.659,372259,12
2020,6,20,28,15230,1.19,112299,8.8
2020,6,20,29,17358,.563,227553,7.38
2020,6,20,30,2997,.562,45678,8.56
2020,6,20,31,4406,.426,61652,5.96
2020,6,20,32,10347,.671,304996,19.8
2020,6,20,33,5413,.7,98189,12.7
2020,6,20,34,33027,.735,561200,12.5
2020,6,20,35,4945,.518,105293,11
2020,6,20,36,89031,.936,1738894,18.3
2020,6,20,37,29199,.575,558542,11
2020,6,20,38,1821,.451,30557,7.57
2020,6,20,39,34926,.602,501289,8.64
2020,6,20,40,58613,3.18,240804,13.1
2020,6,20,41,16274,.773,240750,11.4
2020,6,20,42,42577,.656,791451,12.2
2020,6,20,44,4014,.723,73250,13.2
2020,6,20,45,17611,.741,215835,9.08
2020,6,20,46,910,.196,18073,3.9
2020,6,20,47,20506,.613,304137,9.09
2020,6,20,48,89547,.638,1311360,9.34
2020,6,20,49,4915,.306,78534,4.88
2020,6,20,50,1389,.406,44070,12.9
2020,6,20,51,25293,.573,400872,9.09
2020,6,20,53,30793,.787,449252,11.5
2020,6,20,54,3756,.471,74032,9.29
2020,6,20,55,25428,.819,250852,8.08
2020,6,20,56,1402,.48,16472,5.64
2020,6,27,1,18338,.818,159788,7.13
2020,6,27,2,6467,1.86,49675,14.3
2020,6,27,4,26328,.741,243833,6.87
2020,6,27,5,10395,.763,119086,8.74
2020,6,27,6,277362,1.43,3178963,16.4
2020,6,27,8,8646,.275,245882,7.81
2020,6,27,9,10133,.53,257328,13.4
2020,6,27,10,2771,.569,46805,9.61
2020,6,27,11,3132,.764,75939,18.5
2020,6,27,12,84370,.816,825714,7.99
2020,6,27,13,117485,2.3,778718,15.2
2020,6,27,15,8193,1.23,137183,20.6
2020,6,27,16,5417,.614,36303,4.12
2020,6,27,17,45752,.71,722474,11.2
2020,6,27,18,44827,1.32,236115,6.97
2020,6,27,19,7732,.445,149480,8.6
2020,6,27,20,9738,.655,89193,6
2020,6,27,21,30640,1.48,190205,9.18
2020,6,27,22,21976,1.05,328065,15.7
2020,6,27,23,3119,.45,66108,9.54
2020,6,27,24,22628,.694,256220,7.86
2020,6,27,25,29699,.778,586987,15.4
2020,6,27,26,38309,.776,672262,13.6
2020,6,27,27,19373,.623,356755,11.5
2020,6,27,28,13673,1.07,161297,12.6
2020,6,27,29,20008,.649,224129,7.27
2020,6,27,30,2695,.505,43722,8.2
2020,6,27,31,4203,.406,61034,5.9
2020,6,27,32,11110,.72,298053,19.3
2020,6,27,33,5163,.667,91749,11.9
2020,6,27,34,27992,.623,547159,12.2
2020,6,27,35,5083,.532,100986,10.6
2020,6,27,36,89834,.944,1701825,17.9
2020,6,27,37,29580,.582,493148,9.71
2020,6,27,38,1511,.374,29957,7.42
2020,6,27,39,35908,.619,484020,8.34
2020,6,27,40,18405,1,183703,9.98
2020,6,27,41,11195,.532,227708,10.8
2020,6,27,42,45261,.697,854870,13.2
2020,6,27,44,3229,.581,70329,12.7
2020,6,27,45,17654,.743,214779,9.04
2020,6,27,46,644,.139,17786,3.83
2020,6,27,47,21544,.644,300743,8.99
2020,6,27,48,96593,.688,1398307,9.96
2020,6,27,49,4965,.309,77181,4.8
2020,6,27,50,2163,.632,44583,13
2020,6,27,51,31955,.724,398669,9.04
2020,6,27,53,33266,.85,449870,11.5
2020,6,27,54,3532,.443,72628,9.11
2020,6,27,55,24925,.803,247822,7.98
2020,6,27,56,1418,.485,15912,5.44
2020,7,4,1,19056,.85,157328,7.02
2020,7,4,2,6124,1.76,48234,13.9
2020,7,4,4,25774,.726,242377,6.83
2020,7,4,5,10832,.795,115524,8.48
2020,7,4,6,264791,1.36,3023265,15.6
2020,7,4,8,7928,.252,254036,8.07
2020,7,4,9,12267,.641,264193,13.8
2020,7,4,10,2791,.573,48389,9.93
2020,7,4,11,2858,.697,75660,18.5
2020,7,4,12,66941,.648,648893,6.28
2020,7,4,13,105160,2.06,725107,14.2
2020,7,4,15,7648,1.15,131281,19.7
2020,7,4,16,4924,.558,34014,3.86
2020,7,4,17,39015,.605,706475,11
2020,7,4,18,22102,.652,206070,6.08
2020,7,4,19,9957,.573,144172,8.29
2020,7,4,20,11458,.771,94152,6.33
2020,7,4,21,23282,1.12,174030,8.4
2020,7,4,22,31417,1.5,344574,16.4
2020,7,4,23,2939,.424,66574,9.61
2020,7,4,24,33230,1.02,279957,8.59
2020,7,4,25,27051,.709,584756,15.3
2020,7,4,26,34602,.701,563749,11.4
2020,7,4,27,19362,.623,345607,11.1
2020,7,4,28,11266,.883,148596,11.6
2020,7,4,29,17685,.574,222805,7.23
2020,7,4,30,2788,.523,41820,7.84
2020,7,4,31,5803,.561,64002,6.18
2020,7,4,32,12484,.809,300452,19.5
2020,7,4,33,5776,.747,80252,10.4
2020,7,4,34,47402,1.05,539180,12
2020,7,4,35,5666,.594,102056,10.7
2020,7,4,36,93740,.985,1692407,17.8
2020,7,4,37,27937,.55,440290,8.67
2020,7,4,38,1720,.426,28741,7.12
2020,7,4,39,33830,.583,467697,8.06
2020,7,4,40,9423,.512,140457,7.63
2020,7,4,41,10343,.492,213943,10.2
2020,7,4,42,44086,.679,695246,10.7
2020,7,4,44,3436,.618,69740,12.6
2020,7,4,45,16015,.674,203297,8.56
2020,7,4,46,835,.18,16777,3.62
2020,7,4,47,24920,.745,298735,8.93
2020,7,4,48,117099,.834,1355030,9.65
2020,7,4,49,4802,.299,75441,4.69
2020,7,4,50,1876,.548,40965,12
2020,7,4,51,31825,.721,410432,9.3
2020,7,4,53,29506,.754,410481,10.5
2020,7,4,54,3330,.418,68886,8.64
2020,7,4,55,27385,.882,245938,7.92
2020,7,4,56,1338,.458,15386,5.26
2020,7,11,1,20563,.917,137951,6.15
2020,7,11,2,9572,2.75,52797,15.2
2020,7,11,4,28695,.808,256114,7.21
2020,7,11,5,14155,1.04,113238,8.31
2020,7,11,6,284914,1.47,3231721,16.6
2020,7,11,8,10554,.335,238778,7.58
2020,7,11,9,9955,.52,264416,13.8
2020,7,11,10,3167,.65,45361,9.31
2020,7,11,11,3300,.805,75825,18.5
2020,7,11,12,132831,1.29,1047632,10.1
2020,7,11,13,138452,2.71,931169,18.2
2020,7,11,15,7668,1.15,136318,20.5
2020,7,11,16,5458,.619,34224,3.88
2020,7,11,17,38261,.594,703024,10.9
2020,7,11,18,28360,.837,218529,6.45
2020,7,11,19,10653,.613,144937,8.34
2020,7,11,20,13368,.899,94929,6.39
2020,7,11,21,24544,1.18,183203,8.84
2020,7,11,22,26351,1.26,339244,16.2
2020,7,11,23,4696,.678,65319,9.43
2020,7,11,24,19516,.599,253780,7.78
2020,7,11,25,24131,.632,561433,14.7
2020,7,11,26,27720,.561,632566,12.8
2020,7,11,27,21637,.696,353677,11.4
2020,7,11,28,12223,.958,112414,8.81
2020,7,11,29,16883,.548,214194,6.95
2020,7,11,30,2990,.56,42074,7.89
2020,7,11,31,7911,.764,64865,6.27
2020,7,11,32,14666,.951,310660,20.1
2020,7,11,33,2930,.379,75453,9.75
2020,7,11,34,38825,.864,530121,11.8
2020,7,11,35,6381,.668,98489,10.3
2020,7,11,36,91546,.962,1612378,16.9
2020,7,11,37,28108,.553,393878,7.75
2020,7,11,38,1532,.38,29157,7.22
2020,7,11,39,35755,.616,470012,8.1
2020,7,11,40,9680,.526,141612,7.69
2020,7,11,41,11713,.557,218469,10.4
2020,7,11,42,44798,.69,860080,13.2
2020,7,11,44,3133,.564,68510,12.3
2020,7,11,45,19272,.811,220369,9.27
2020,7,11,46,1216,.262,19938,4.3
2020,7,11,47,22060,.66,290280,8.68
2020,7,11,48,105516,.751,1418602,10.1
2020,7,11,49,4792,.298,74791,4.65
2020,7,11,50,1830,.535,40165,11.7
2020,7,11,51,32292,.732,404362,9.16
2020,7,11,53,45622,1.17,433180,11.1
2020,7,11,54,4070,.511,68412,8.58
2020,7,11,55,29051,.936,253816,8.17
2020,7,11,56,1485,.508,15196,5.2
2020,7,18,1,23676,1.06,129320,5.77
2020,7,18,2,6606,1.9,48291,13.9
2020,7,18,4,21441,.604,250793,7.06
2020,7,18,5,15932,1.17,115958,8.51
2020,7,18,6,289594,1.49,2994498,15.4
2020,7,18,8,8531,.271,247629,7.86
2020,7,18,9,11667,.61,261399,13.7
2020,7,18,10,2720,.558,44292,9.09
2020,7,18,11,3053,.745,76168,18.6
2020,7,18,12,108976,1.05,856980,8.29
2020,7,18,13,122313,2.39,825466,16.2
2020,7,18,15,7581,1.14,138350,20.8
2020,7,18,16,5687,.645,33309,3.78
2020,7,18,17,36435,.565,692386,10.7
2020,7,18,18,17911,.529,208765,6.16
2020,7,18,19,8811,.507,124741,7.17
2020,7,18,20,9389,.632,95123,6.4
2020,7,18,21,24488,1.18,170579,8.23
2020,7,18,22,32079,1.53,345196,16.5
2020,7,18,23,2276,.329,62890,9.08
2020,7,18,24,17242,.529,249547,7.65
2020,7,18,25,18638,.488,537849,14.1
2020,7,18,26,24596,.498,544251,11
2020,7,18,27,17706,.569,332643,10.7
2020,7,18,28,12094,.948,134780,10.6
2020,7,18,29,12332,.4,189482,6.15
2020,7,18,30,2735,.513,39450,7.39
2020,7,18,31,3989,.385,57140,5.52
2020,7,18,32,15548,1.01,321625,20.9
2020,7,18,33,3519,.455,75343,9.74
2020,7,18,34,25932,.577,502471,11.2
2020,7,18,35,7668,.803,105608,11.1
2020,7,18,36,88176,.927,1623755,17.1
2020,7,18,37,29204,.575,356567,7.02
2020,7,18,38,1915,.474,27889,6.91
2020,7,18,39,30325,.523,459205,7.91
2020,7,18,40,9879,.537,137013,7.44
2020,7,18,41,10152,.482,206567,9.82
2020,7,18,42,37986,.585,708887,10.9
2020,7,18,44,3258,.586,66435,12
2020,7,18,45,14307,.602,214647,9.03
2020,7,18,46,772,.166,17372,3.74
2020,7,18,47,25773,.771,285782,8.54
2020,7,18,48,87908,.626,1335177,9.51
2020,7,18,49,4483,.279,72580,4.51
2020,7,18,50,1637,.478,40042,11.7
2020,7,18,51,37946,.86,395044,8.95
2020,7,18,53,33361,.852,409349,10.5
2020,7,18,54,3758,.472,69438,8.71
2020,7,18,55,25129,.809,243735,7.85
2020,7,18,56,2664,.912,16161,5.53
2020,7,25,1,17437,.778,111506,4.97
2020,7,25,2,6069,1.75,46665,13.4
2020,7,25,4,19063,.537,249885,7.04
2020,7,25,5,15257,1.12,109370,8.03
2020,7,25,6,244653,1.26,3385272,17.4
2020,7,25,8,8037,.255,232241,7.38
2020,7,25,9,11181,.584,262941,13.7
2020,7,25,10,2563,.526,43486,8.92
2020,7,25,11,2712,.662,75422,18.4
2020,7,25,12,91462,.885,782532,7.57
2020,7,25,13,84984,1.66,721896,14.1
2020,7,25,15,5885,.885,136090,20.5
2020,7,25,16,4703,.533,31148,3.53
2020,7,25,17,33230,.515,681957,10.6
2020,7,25,18,20129,.594,248355,7.33
2020,7,25,19,6970,.401,117012,6.73
2020,7,25,20,10462,.704,89441,6.02
2020,7,25,21,21041,1.02,162331,7.83
2020,7,25,22,18511,.883,342868,16.4
2020,7,25,23,2014,.291,64391,9.3
2020,7,25,24,13038,.4,232067,7.12
2020,7,25,25,19646,.515,531123,13.9
2020,7,25,26,23219,.47,615926,12.5
2020,7,25,27,15311,.492,320841,10.3
2020,7,25,28,9169,.719,113278,8.88
2020,7,25,29,14938,.484,197082,6.39
2020,7,25,30,2388,.448,37090,6.95
2020,7,25,31,3656,.353,50967,4.92
2020,7,25,32,18390,1.19,364528,23.6
2020,7,25,33,3276,.423,69672,9
2020,7,25,34,28073,.625,513882,11.4
2020,7,25,35,7254,.76,104686,11
2020,7,25,36,85049,.894,1624449,17.1
2020,7,25,37,26995,.531,342111,6.73
2020,7,25,38,1203,.298,26191,6.49
2020,7,25,39,28033,.483,454891,7.84
2020,7,25,40,8927,.485,136544,7.42
2020,7,25,41,9417,.448,200410,9.52
2020,7,25,42,35808,.552,789161,12.2
2020,7,25,44,3635,.654,66920,12
2020,7,25,45,12195,.513,210081,8.84
2020,7,25,46,808,.174,16451,3.55
2020,7,25,47,20091,.601,278560,8.33
2020,7,25,48,76804,.547,1415704,10.1
2020,7,25,49,3709,.231,70060,4.36
2020,7,25,50,1519,.444,39316,11.5
2020,7,25,51,42966,.974,387792,8.79
2020,7,25,53,30653,.783,386802,9.88
2020,7,25,54,3123,.392,67488,8.47
2020,7,25,55,23026,.742,234970,7.57
2020,7,25,56,1600,.547,14623,5
2020,8,1,1,11690,.521,95760,4.27
2020,8,1,2,5195,1.49,44197,12.7
2020,8,1,4,15561,.438,248058,6.99
2020,8,1,5,12750,.936,92314,6.77
2020,8,1,6,222043,1.14,3011525,15.5
2020,8,1,8,7167,.228,231297,7.35
2020,8,1,9,10537,.551,262834,13.7
2020,8,1,10,2133,.438,44485,9.13
2020,8,1,11,2250,.549,75181,18.3
2020,8,1,12,78286,.757,709449,6.86
2020,8,1,13,73931,1.45,707919,13.9
2020,8,1,15,5049,.759,136376,20.5
2020,8,1,16,3607,.409,28976,3.29
2020,8,1,17,25274,.392,656306,10.2
2020,8,1,18,12551,.371,236446,6.98
2020,8,1,19,6317,.363,110633,6.36
2020,8,1,20,8961,.603,86481,5.82
2020,8,1,21,21020,1.01,157799,7.61
2020,8,1,22,13402,.64,340869,16.3
2020,8,1,23,1722,.249,55202,7.97
2020,8,1,24,10835,.332,214280,6.57
2020,8,1,25,15637,.41,527882,13.8
2020,8,1,26,19842,.402,534678,10.8
2020,8,1,27,12315,.396,300530,9.66
2020,8,1,28,6777,.531,127945,10
2020,8,1,29,10900,.354,186774,6.06
2020,8,1,30,1875,.351,35325,6.62
2020,8,1,31,2946,.285,49307,4.76
2020,8,1,32,13727,.89,341681,22.2
2020,8,1,33,2651,.343,64147,8.29
2020,8,1,34,16584,.369,483954,10.8
2020,8,1,35,5797,.607,105155,11
2020,8,1,36,73997,.778,1631461,17.1
2020,8,1,37,16503,.325,300410,5.91
2020,8,1,38,979,.243,24718,6.12
2020,8,1,39,26053,.449,435376,7.5
2020,8,1,40,6609,.359,129730,7.05
2020,8,1,41,7275,.346,196411,9.33
2020,8,1,42,29371,.452,662428,10.2
2020,8,1,44,3722,.67,64192,11.6
2020,8,1,45,8909,.375,199973,8.42
2020,8,1,46,775,.167,16239,3.5
2020,8,1,47,12208,.365,254593,7.61
2020,8,1,48,62709,.446,1290959,9.19
2020,8,1,49,3098,.193,67113,4.17
2020,8,1,50,1260,.368,37107,10.8
2020,8,1,51,23918,.542,355319,8.05
2020,8,1,53,26486,.677,373691,9.55
2020,8,1,54,2506,.314,65202,8.18
2020,8,1,55,19196,.618,227845,7.34
2020,8,1,56,1130,.387,13984,4.78
2020,8,8,1,9467,.422,79879,3.56
2020,8,8,2,4619,1.33,39061,11.2
2020,8,8,4,11655,.328,231114,6.51
2020,8,8,5,5908,.434,68310,5.01
2020,8,8,6,202509,1.04,3163697,16.3
2020,8,8,8,6231,.198,204933,6.51
2020,8,8,9,7431,.388,238638,12.5
2020,8,8,10,1760,.361,37786,7.75
2020,8,8,11,1797,.438,72684,17.7
2020,8,8,12,61584,.596,629571,6.09
2020,8,8,13,62335,1.22,634790,12.4
2020,8,8,15,5296,.796,129061,19.4
2020,8,8,16,3250,.369,23513,2.67
2020,8,8,17,22934,.356,640065,9.93
2020,8,8,18,10624,.314,209960,6.2
2020,8,8,19,4891,.281,96991,5.58
2020,8,8,20,11209,.754,81684,5.49
2020,8,8,21,17465,.843,159276,7.68
2020,8,8,22,11131,.531,311105,14.8
2020,8,8,23,1734,.25,52619,7.6
2020,8,8,24,8892,.273,203283,6.23
2020,8,8,25,14729,.386,471277,12.3
2020,8,8,26,18997,.385,554215,11.2
2020,8,8,27,9087,.292,268612,8.64
2020,8,8,28,5452,.427,144214,11.3
2020,8,8,29,9015,.292,156032,5.06
2020,8,8,30,1642,.308,29225,5.48
2020,8,8,31,2724,.263,41868,4.04
2020,8,8,32,17755,1.15,353723,22.9
2020,8,8,33,2724,.352,57963,7.49
2020,8,8,34,13837,.308,440356,9.8
2020,8,8,35,5541,.58,99367,10.4
2020,8,8,36,52631,.553,1492558,15.7
2020,8,8,37,14328,.282,257141,5.06
2020,8,8,38,776,.192,21259,5.27
2020,8,8,39,21082,.363,399239,6.88
2020,8,8,40,5687,.309,135658,7.37
2020,8,8,41,6505,.309,181658,8.63
2020,8,8,42,27094,.417,700187,10.8
2020,8,8,44,3324,.598,59289,10.7
2020,8,8,45,5896,.248,176879,7.44
2020,8,8,46,973,.21,15688,3.38
2020,8,8,47,10620,.318,235370,7.04
2020,8,8,48,52304,.372,1273844,9.07
2020,8,8,49,2881,.179,60749,3.78
2020,8,8,50,904,.264,32687,9.55
2020,8,8,51,13265,.301,277675,6.29
2020,8,8,53,22991,.587,331559,8.47
2020,8,8,54,1981,.249,59744,7.5
2020,8,8,55,14257,.459,194403,6.26
2020,8,8,56,1115,.382,12435,4.25
