year,month,day,revenue_all,revenue_inchigh,revenue_inclow,revenue_incmiddle,revenue_ss40,revenue_ss60,revenue_ss65,revenue_ss70,revenue_food_accommodation,revenue_retail,merchants_all,merchants_inchigh,merchants_inclow,merchants_incmiddle,merchants_ss40,merchants_ss60,merchants_ss65,merchants_ss70,merchants_food_accommodation,merchants_retail
2020,1,10,-.0291,-.0294,-.0319,-.0277,-.0404,-.0251,-.022,-.0251,-.0228,-.0247,-.00488,-.00588,-.00464,-.00448,-.00354,-.00351,-.00894,-.004,-.00289,-.00392
2020,1,11,-.0177,-.0145,-.0257,-.0163,-.0221,-.0131,-.0113,-.0192,-.02,-.0214,-.00566,-.00564,-.00698,-.005,-.00539,-.00587,-.00622,-.00456,-.00394,-.00561
2020,1,12,-.0122,-.0116,-.02,-.00933,-.0114,-.00871,-.0125,-.016,-.0177,-.0169,-.00575,-.00655,-.00651,-.00501,-.00499,-.00622,-.00824,-.00538,-.00498,-.00474
2020,1,13,-.0217,-.0166,-.0336,-.0199,-.0153,-.0231,-.0372,-.0185,-.0166,-.0204,-.0088,-.00724,-.011,-.00852,-.00721,-.0139,-.0117,-.0055,-.00509,-.00651
2020,1,14,-.0168,-.0109,-.0256,-.0166,-.0118,-.0165,-.0302,-.0121,-.0113,-.0164,-.0104,-.00772,-.0127,-.0107,-.00895,-.0149,-.0131,-.00626,-.0064,-.00835
2020,1,15,-.0118,-.00426,-.0189,-.0131,-.00772,-.00514,-.0245,-.00765,-.00839,-.0135,-.0114,-.00791,-.0139,-.012,-.0106,-.0138,-.013,-.00729,-.0078,-.01
2020,1,16,-.00851,-.000947,-.016,-.00986,-.00837,-.000573,-.0197,-.00424,-.00383,-.0154,-.0118,-.00783,-.0137,-.0129,-.0112,-.0128,-.0124,-.00798,-.00824,-.0111
2020,1,17,-.00465,.00314,-.0077,-.00808,-.00471,-.00702,-.0152,.00358,.00397,-.0103,-.00882,-.00436,-.00942,-.0107,-.00827,-.00921,-.00895,-.00508,-.0052,-.00797
2020,1,18,-.00126,.00458,-.00183,-.00454,-.00192,-.00532,-.00871,.00562,.00534,-.00841,-.00506,-.000589,-.00415,-.00769,-.00435,-.00571,-.00672,-.00134,-.000949,-.00432
2020,1,19,.00176,.00693,.00133,-.00105,-.00433,-.00456,-.0102,.0174,.0171,-.0114,-.00372,.000232,-.00253,-.00622,-.00317,-.00685,-.00469,.000327,.000761,-.00345
2020,1,20,.00603,.00979,.00597,.00372,.000811,.0104,-.00532,.0126,.0123,-.00548,-.000521,.00162,.00116,-.00237,-.000454,-.0027,-.00392,.00297,.00342,-.000824
2020,1,21,.00864,.0126,.00688,.00704,-.00152,.0128,.00904,.0153,.0135,-.0091,-.000828,.00225,.000212,-.00281,-.00126,-.000401,-.00177,.00246,.00296,-.00152
2020,1,22,.00134,.00558,-.00125,-.0000883,-.00354,-.000932,-.00351,.00751,.00911,-.0106,-.00258,.000799,-.00181,-.0046,-.00217,-.00383,-.00202,.00109,.00233,-.00209
2020,1,23,.00342,.00719,.00162,.00193,.00115,-.0028,.00196,.00997,.00961,-.00407,-.00118,.00143,-.000312,-.00288,-.000453,-.000321,.0000508,.00188,.00262,-.000322
2020,1,24,.00851,.0126,.00428,.00797,.00875,-.000346,.00581,.0135,.0133,.00224,.000115,.00224,.000454,-.00105,.00111,.00151,.000116,.00186,.00229,.000925
2020,1,25,.0188,.0217,.0166,.0181,.0277,.00389,.009,.0258,.0256,.0222,.00288,.00357,.0033,.00236,.00439,.00308,.00187,.00349,.00339,.00444
2020,1,26,.00975,.014,.00618,.00874,.0226,.00315,.0104,.00428,.00379,.0171,.0000682,.00222,-.0000741,-.000879,.00101,-.00196,.000994,.00169,.00154,.00106
2020,1,27,.0028,.00279,.00126,.00377,.0168,-.000157,.00266,-.00529,-.00635,.0114,-.00374,-.00244,-.00341,-.0045,-.00319,.00411,.00045,-.00448,-.00426,-.00291
2020,1,28,.000251,-.00397,.00192,.00223,.0155,-.00745,.0081,-.00442,-.00683,.0102,-.00315,-.00297,-.0027,-.00346,-.00205,-.000211,.00217,-.00363,-.0041,-.0018
2020,1,29,.000129,-.0059,.00394,.00223,.0135,-.00407,.0131,-.00264,-.00512,.00729,-.00168,-.0032,-.00102,-.00127,-.00106,-.000506,.00414,-.00271,-.00358,-.000846
2020,1,30,.0105,.0029,.0132,.0139,.0245,.0081,.0236,.000885,-.000641,.018,.00686,.00322,.00634,.00886,.00564,.00491,.0112,.00327,.00217,.00579
2020,1,31,.0192,.00806,.0303,.0213,.0312,.0194,.027,.00486,.00314,.0248,.0113,.00656,.0112,.0135,.0089,.00488,.0155,.00642,.00509,.00908
2020,2,1,-.0031,-.00911,-.0102,.00359,.0266,.000011,-.00456,-.00956,-.00723,.0204,.0111,.00728,.0107,.0132,.0101,.00439,.0159,.0055,.00406,.0104
2020,2,2,-.00534,-.00805,-.0176,.00163,.0408,-.00839,-.0065,-.0223,-.0192,.0109,.00997,.00597,.00887,.0125,.0102,-.00162,.0146,.00494,.00337,.0103
2020,2,3,.0181,.0149,.0112,.0232,.0427,.0145,.0166,.00525,-.00128,.0144,.0146,.00972,.0152,.0167,.0126,.00741,.0168,.00738,.00512,.0126
2020,2,4,.0121,.00968,.00506,.0165,.0284,.0115,.0114,.00319,-.00133,.0152,.0139,.00982,.014,.0158,.0117,.00914,.0154,.00673,.00458,.0117
2020,2,5,.00195,-.00139,-.0054,.00698,.014,.00292,.00457,-.0064,-.00791,.00816,.00919,.00733,.00766,.0108,.00712,.00476,.00917,.00426,.00294,.00732
2020,2,6,-.0108,-.0132,-.0166,-.00713,-.000663,-.0074,-.00942,-.0147,-.017,-.00665,-.00259,-.00147,-.00412,-.00237,-.00421,-.00454,-.0000345,-.0037,-.00404,-.00399
2020,2,7,-.0209,-.0198,-.0346,-.0161,-.0083,-.0151,-.0147,-.0229,-.0247,-.0141,-.00825,-.00655,-.0105,-.00792,-.00874,-.00717,-.00454,-.00773,-.00767,-.00822
2020,2,8,-.0025,-.00465,-.0035,-.00113,-.0084,-.00793,.0175,-.00864,-.0152,-.0141,-.00872,-.00734,-.0111,-.00817,-.00993,-.00862,-.00614,-.00845,-.0082,-.00934
2020,2,9,-.00346,-.00774,.000151,-.00281,-.0306,-.00432,.0198,.00477,-.00292,-.0138,-.00688,-.00505,-.00952,-.00642,-.00918,-.00874,-.00491,-.00664,-.00665,-.00812
2020,2,10,-.0185,-.0205,-.0199,-.0173,-.0216,-.00815,.000453,-.0176,-.0186,-.0055,-.0122,-.00949,-.0157,-.0117,-.013,-.0125,-.00861,-.0088,-.00846,-.0123
2020,2,11,-.0132,-.0145,-.0153,-.0118,-.00564,-.00882,-.00104,-.018,-.0184,-.00352,-.0127,-.0106,-.016,-.0121,-.0134,-.0162,-.00857,-.00917,-.00905,-.0127
2020,2,12,.00258,.00301,-.00214,.00424,.0183,.00697,.00458,-.00911,-.0121,.0141,-.00824,-.00536,-.0117,-.00782,-.00895,-.0116,-.00235,-.00788,-.00881,-.00843
2020,2,13,-.00861,-.00823,-.0125,-.00719,.00743,-.00271,-.00695,-.017,-.0186,.00296,-.0209,-.0172,-.0229,-.0218,-.02,-.0249,-.0162,-.0184,-.0207,-.019
2020,2,14,-.00438,-.0058,-.00599,-.00268,.0156,.00374,.0000537,-.0189,-.0242,.0111,-.0219,-.0167,-.0248,-.023,-.0214,-.0229,-.0177,-.0193,-.0218,-.0204
2020,2,15,-.00601,-.0113,-.00297,-.00394,.0192,-.00633,-.00751,-.0189,-.0214,.0148,-.0212,-.0167,-.0235,-.0222,-.0208,-.0229,-.0147,-.0187,-.0213,-.0199
2020,2,16,-.00728,-.0119,-.0048,-.00537,.011,-.00891,-.00906,-.0118,-.0144,.0054,-.0223,-.019,-.0237,-.0233,-.0211,-.0245,-.0155,-.0198,-.022,-.0203
2020,2,17,-.0145,-.0179,-.0118,-.0133,.00314,-.0135,-.0099,-.0273,-.0324,-.00289,-.0213,-.0178,-.0232,-.0221,-.019,-.0239,-.0154,-.0197,-.0221,-.018
2020,2,18,-.0165,-.0193,-.0115,-.0171,-.00574,-.00227,-.0129,-.0304,-.0348,-.0124,-.0243,-.0217,-.0245,-.0254,-.0226,-.0238,-.0189,-.0219,-.0242,-.0217
2020,2,19,-.0213,-.0261,-.014,-.0216,-.0143,-.011,-.0151,-.0316,-.0357,-.0215,-.0243,-.0232,-.0235,-.0253,-.023,-.0234,-.0213,-.0215,-.0234,-.0223
2020,2,20,-.0000251,-.00274,.0024,.000557,.00839,.0145,.00964,-.0216,-.0236,.000497,-.00425,-.000433,-.00789,-.00432,-.00433,-.00235,-.0000263,-.00778,-.00935,-.00451
2020,2,21,-.00557,-.00493,-.00509,-.00611,-.00168,.002,.00378,-.0179,-.0179,-.00887,-.00353,-.000346,-.00637,-.00368,-.00289,-.00565,.000766,-.00737,-.0086,-.00333
2020,2,22,-.0136,-.00256,-.0258,-.015,-.0109,-.00544,.00465,-.0242,-.0261,-.018,-.00505,-.00142,-.00789,-.00541,-.00434,-.00935,-.0025,-.00782,-.00904,-.00485
2020,2,23,-.0167,-.00319,-.0332,-.0175,-.0122,-.0057,.00728,-.0316,-.0327,-.0193,-.00482,-.000731,-.00816,-.00514,-.00489,-.00979,-.00225,-.00738,-.00892,-.00543
2020,2,24,-.0149,-.00158,-.0335,-.0145,-.0182,-.00854,.00332,-.0157,-.0164,-.024,-.00414,-.000215,-.00845,-.0039,-.00509,-.0104,-.00348,-.00655,-.00768,-.00502
2020,2,25,-.0217,-.00761,-.041,-.0213,-.0113,-.0239,-.00928,-.0241,-.023,-.0169,-.00986,-.00608,-.0141,-.00956,-.00783,-.0172,-.0113,-.0119,-.0133,-.00802
2020,2,26,-.0105,-.0118,-.0107,-.00888,-.00172,-.0157,-.0135,-.025,-.0237,-.0048,-.0174,-.0143,-.0211,-.0169,-.0164,-.0215,-.0214,-.0194,-.0211,-.0162
2020,2,27,-.0316,-.0291,-.0368,-.0296,-.0157,-.0427,-.0342,-.03,-.031,-.0189,-.0263,-.0272,-.0264,-.0258,-.0248,-.0321,-.033,-.0253,-.0264,-.024
2020,2,28,-.0353,-.0381,-.0323,-.0338,-.0166,-.0505,-.0512,-.0371,-.0374,-.0197,-.0298,-.0317,-.0287,-.0295,-.0286,-.039,-.0365,-.029,-.0299,-.0273
2020,2,29,-.0145,-.0242,-.00535,-.0117,.0286,-.0382,-.0435,-.0345,-.0371,.0263,-.0287,-.0311,-.0266,-.0286,-.0284,-.0344,-.035,-.0313,-.0333,-.0276
2020,3,1,-.038,-.0466,-.0398,-.0308,.0223,-.0544,-.0818,-.0495,-.0475,.0225,-.0312,-.032,-.0304,-.0313,-.0303,-.0346,-.0344,-.0342,-.0368,-.0299
2020,3,2,-.0239,-.0254,-.0306,-.0187,.0392,-.0344,-.0583,-.0472,-.0474,.0169,-.0317,-.0328,-.0296,-.0321,-.0312,-.0313,-.0351,-.0364,-.0394,-.0311
2020,3,3,-.0135,-.0209,-.0102,-.00933,.0402,-.0231,-.0485,-.0442,-.0464,.0197,-.026,-.0297,-.0217,-.0264,-.0279,-.025,-.0308,-.0333,-.0369,-.0282
2020,3,4,-.0352,-.0297,-.0474,-.0312,.00848,-.039,-.0494,-.0506,-.0538,-.000533,-.0225,-.0235,-.0195,-.0234,-.0246,-.0229,-.0238,-.0292,-.0328,-.0245
2020,3,5,-.0501,-.0355,-.0692,-.0484,-.0149,-.0449,-.0604,-.0577,-.0617,-.02,-.0244,-.0255,-.0217,-.0251,-.0256,-.0252,-.0252,-.0297,-.0335,-.0259
2020,3,6,-.0518,-.0446,-.0646,-.049,-.014,-.0482,-.0698,-.0666,-.0683,-.0172,-.026,-.0269,-.0236,-.0267,-.0259,-.0274,-.0277,-.0302,-.0339,-.0263
2020,3,7,-.0463,-.0461,-.0562,-.0409,-.0152,-.0335,-.06,-.0655,-.0676,-.0187,-.0257,-.0262,-.0233,-.0267,-.0257,-.0223,-.0276,-.0298,-.0339,-.0263
2020,3,8,-.0248,-.0319,-.0167,-.0231,-.0116,-.0142,-.0235,-.0593,-.0667,-.0166,-.0252,-.0277,-.0218,-.0257,-.0259,-.023,-.0295,-.0304,-.0341,-.0261
2020,3,9,-.0473,-.0642,-.0314,-.0431,-.0365,-.0441,-.0576,-.0678,-.0725,-.0189,-.0279,-.0307,-.0242,-.0284,-.0273,-.0276,-.0342,-.0305,-.0343,-.0273
2020,3,10,-.0582,-.0737,-.0508,-.0512,-.0294,-.0537,-.0679,-.0778,-.08,-.0129,-.032,-.0333,-.0294,-.0326,-.0288,-.0317,-.0387,-.0312,-.0344,-.0288
2020,3,11,-.058,-.0763,-.0526,-.0484,-.0198,-.0523,-.0745,-.0867,-.087,-.0161,-.0346,-.0379,-.0312,-.0348,-.0312,-.0364,-.0421,-.0331,-.0358,-.0308
2020,3,12,-.0661,-.0875,-.0602,-.055,-.0143,-.0639,-.0884,-.104,-.103,-.016,-.0388,-.0425,-.0348,-.0391,-.0354,-.0408,-.0476,-.0359,-.0381,-.0347
2020,3,13,-.0837,-.108,-.0769,-.0714,-.0122,-.0754,-.105,-.146,-.144,-.013,-.0479,-.0534,-.0438,-.0473,-.0456,-.0472,-.0554,-.0445,-.0457,-.0449
2020,3,14,-.111,-.137,-.102,-.0989,-.0364,-.0699,-.103,-.212,-.208,-.0389,-.0614,-.0693,-.0575,-.0596,-.0635,-.0521,-.0608,-.0612,-.0616,-.0638
2020,3,15,-.135,-.163,-.123,-.122,-.0468,-.0839,-.112,-.265,-.259,-.0498,-.0676,-.0772,-.0627,-.0654,-.0701,-.0531,-.0609,-.0712,-.0703,-.0709
2020,3,16,-.145,-.178,-.131,-.131,-.0279,-.0872,-.143,-.301,-.294,-.0288,-.0772,-.0898,-.0708,-.0743,-.0771,-.0605,-.075,-.0832,-.0789,-.0778
2020,3,17,-.179,-.216,-.162,-.163,-.0358,-.117,-.202,-.355,-.347,-.036,-.0959,-.114,-.0868,-.0919,-.0909,-.0743,-.1,-.108,-.1,-.0918
2020,3,18,-.211,-.253,-.187,-.194,-.0413,-.146,-.255,-.409,-.403,-.0412,-.12,-.143,-.107,-.115,-.109,-.0872,-.131,-.14,-.129,-.11
2020,3,19,-.242,-.292,-.212,-.225,-.0539,-.167,-.31,-.461,-.459,-.0538,-.148,-.177,-.131,-.142,-.129,-.101,-.166,-.177,-.163,-.131
2020,3,20,-.278,-.329,-.246,-.261,-.0723,-.186,-.35,-.523,-.525,-.0734,-.174,-.208,-.153,-.168,-.147,-.115,-.194,-.211,-.193,-.149
2020,3,21,-.312,-.362,-.275,-.297,-.106,-.194,-.355,-.589,-.593,-.108,-.193,-.23,-.168,-.188,-.16,-.121,-.202,-.241,-.22,-.162
2020,3,22,-.331,-.381,-.29,-.316,-.126,-.179,-.353,-.641,-.648,-.13,-.212,-.249,-.184,-.207,-.174,-.124,-.204,-.278,-.255,-.178
2020,3,23,-.369,-.422,-.327,-.355,-.168,-.22,-.419,-.671,-.677,-.173,-.244,-.285,-.214,-.239,-.2,-.143,-.242,-.314,-.29,-.204
2020,3,24,-.399,-.452,-.358,-.385,-.209,-.247,-.471,-.687,-.693,-.216,-.279,-.321,-.248,-.274,-.231,-.163,-.282,-.346,-.321,-.236
2020,3,25,-.426,-.476,-.385,-.412,-.249,-.267,-.51,-.697,-.704,-.256,-.312,-.354,-.281,-.307,-.261,-.183,-.318,-.371,-.345,-.267
2020,3,26,-.449,-.498,-.41,-.435,-.286,-.283,-.537,-.706,-.713,-.293,-.334,-.376,-.303,-.33,-.282,-.197,-.34,-.385,-.359,-.288
2020,3,27,-.472,-.523,-.433,-.457,-.331,-.299,-.554,-.713,-.718,-.34,-.351,-.393,-.319,-.347,-.298,-.205,-.354,-.399,-.371,-.304
2020,3,28,-.489,-.54,-.448,-.475,-.369,-.302,-.561,-.717,-.721,-.379,-.367,-.408,-.335,-.363,-.316,-.213,-.36,-.41,-.382,-.324
2020,3,29,-.498,-.549,-.456,-.484,-.386,-.31,-.566,-.721,-.724,-.396,-.374,-.415,-.342,-.37,-.324,-.218,-.362,-.419,-.391,-.333
2020,3,30,-.506,-.554,-.464,-.493,-.404,-.314,-.569,-.723,-.726,-.415,-.382,-.422,-.35,-.38,-.333,-.222,-.37,-.428,-.4,-.343
2020,3,31,-.502,-.55,-.458,-.49,-.401,-.305,-.568,-.722,-.725,-.412,-.384,-.423,-.351,-.382,-.333,-.22,-.372,-.431,-.403,-.342
2020,4,1,-.496,-.545,-.452,-.484,-.391,-.293,-.57,-.713,-.722,-.407,-.381,-.42,-.348,-.379,-.33,-.213,-.368,-.431,-.405,-.339
2020,4,2,-.49,-.535,-.448,-.479,-.369,-.295,-.574,-.711,-.722,-.405,-.387,-.425,-.354,-.385,-.334,-.217,-.375,-.439,-.413,-.344
2020,4,3,-.489,-.533,-.446,-.48,-.37,-.295,-.579,-.707,-.72,-.403,-.394,-.431,-.362,-.392,-.342,-.223,-.383,-.445,-.42,-.352
2020,4,4,-.491,-.533,-.45,-.482,-.372,-.302,-.582,-.707,-.72,-.397,-.398,-.433,-.367,-.396,-.344,-.229,-.385,-.45,-.425,-.354
2020,4,5,-.49,-.532,-.449,-.481,-.37,-.303,-.579,-.707,-.72,-.392,-.399,-.435,-.369,-.398,-.345,-.228,-.385,-.454,-.43,-.356
2020,4,6,-.486,-.53,-.444,-.475,-.363,-.296,-.579,-.704,-.718,-.385,-.401,-.436,-.37,-.399,-.346,-.229,-.387,-.456,-.432,-.356
2020,4,7,-.488,-.533,-.447,-.477,-.364,-.297,-.583,-.703,-.717,-.386,-.403,-.439,-.373,-.402,-.347,-.23,-.392,-.458,-.435,-.358
2020,4,8,-.493,-.539,-.452,-.483,-.373,-.314,-.584,-.708,-.717,-.39,-.411,-.447,-.381,-.409,-.353,-.243,-.401,-.465,-.44,-.364
2020,4,9,-.502,-.55,-.458,-.49,-.396,-.312,-.587,-.71,-.715,-.394,-.419,-.454,-.39,-.416,-.36,-.25,-.41,-.471,-.446,-.37
2020,4,10,-.507,-.553,-.469,-.495,-.394,-.326,-.598,-.709,-.713,-.391,-.425,-.458,-.398,-.422,-.363,-.263,-.424,-.472,-.447,-.373
2020,4,11,-.502,-.548,-.465,-.49,-.379,-.329,-.595,-.706,-.709,-.385,-.426,-.46,-.4,-.423,-.364,-.267,-.426,-.474,-.449,-.373
2020,4,12,-.51,-.557,-.47,-.497,-.392,-.334,-.598,-.715,-.719,-.401,-.435,-.47,-.408,-.432,-.373,-.276,-.429,-.492,-.468,-.382
2020,4,13,-.512,-.558,-.47,-.5,-.394,-.336,-.604,-.715,-.718,-.402,-.438,-.473,-.411,-.435,-.376,-.28,-.434,-.495,-.47,-.384
2020,4,14,-.505,-.554,-.462,-.494,-.387,-.332,-.601,-.712,-.714,-.395,-.437,-.471,-.41,-.434,-.374,-.281,-.433,-.495,-.471,-.382
2020,4,15,-.482,-.537,-.429,-.471,-.359,-.299,-.574,-.702,-.704,-.367,-.427,-.462,-.399,-.425,-.365,-.264,-.421,-.489,-.465,-.373
2020,4,16,-.466,-.528,-.405,-.454,-.34,-.277,-.557,-.696,-.697,-.347,-.417,-.453,-.387,-.415,-.355,-.243,-.409,-.484,-.459,-.363
2020,4,17,-.457,-.524,-.386,-.444,-.334,-.248,-.543,-.695,-.695,-.341,-.416,-.453,-.383,-.414,-.356,-.229,-.4,-.488,-.465,-.364
2020,4,18,-.456,-.526,-.381,-.443,-.334,-.235,-.542,-.694,-.694,-.34,-.417,-.455,-.383,-.417,-.359,-.22,-.399,-.492,-.469,-.367
2020,4,19,-.441,-.512,-.362,-.429,-.323,-.189,-.528,-.681,-.68,-.331,-.405,-.443,-.369,-.404,-.348,-.184,-.383,-.478,-.454,-.357
2020,4,20,-.427,-.5,-.343,-.416,-.312,-.165,-.513,-.67,-.669,-.32,-.396,-.436,-.358,-.396,-.339,-.16,-.375,-.473,-.449,-.348
2020,4,21,-.406,-.483,-.322,-.394,-.277,-.154,-.506,-.656,-.655,-.283,-.379,-.418,-.342,-.378,-.318,-.144,-.368,-.455,-.431,-.327
2020,4,22,-.414,-.488,-.334,-.402,-.286,-.162,-.519,-.657,-.656,-.292,-.377,-.417,-.34,-.377,-.316,-.139,-.368,-.452,-.427,-.324
2020,4,23,-.419,-.488,-.345,-.407,-.29,-.175,-.525,-.657,-.656,-.296,-.377,-.417,-.34,-.376,-.314,-.146,-.368,-.451,-.425,-.321
2020,4,24,-.412,-.482,-.339,-.398,-.278,-.174,-.527,-.65,-.649,-.284,-.366,-.408,-.329,-.364,-.3,-.138,-.362,-.441,-.414,-.308
2020,4,25,-.403,-.471,-.333,-.388,-.261,-.173,-.529,-.641,-.64,-.267,-.358,-.401,-.32,-.356,-.289,-.133,-.359,-.432,-.403,-.297
2020,4,26,-.402,-.469,-.337,-.387,-.247,-.199,-.539,-.635,-.634,-.25,-.359,-.401,-.324,-.357,-.288,-.15,-.372,-.425,-.396,-.295
2020,4,27,-.4,-.47,-.336,-.382,-.232,-.209,-.542,-.637,-.637,-.234,-.357,-.399,-.322,-.355,-.286,-.152,-.372,-.424,-.395,-.292
2020,4,28,-.41,-.48,-.342,-.394,-.251,-.214,-.543,-.647,-.647,-.254,-.368,-.411,-.329,-.365,-.297,-.161,-.373,-.437,-.408,-.305
2020,4,29,-.403,-.475,-.331,-.387,-.239,-.207,-.544,-.643,-.645,-.242,-.364,-.408,-.324,-.361,-.292,-.159,-.373,-.435,-.407,-.299
2020,4,30,-.391,-.467,-.315,-.376,-.226,-.196,-.535,-.637,-.641,-.229,-.357,-.404,-.316,-.355,-.286,-.153,-.368,-.431,-.404,-.292
2020,5,1,-.373,-.457,-.287,-.356,-.198,-.185,-.524,-.625,-.633,-.204,-.348,-.396,-.306,-.345,-.277,-.148,-.359,-.423,-.397,-.284
2020,5,2,-.358,-.445,-.27,-.338,-.158,-.187,-.529,-.614,-.624,-.183,-.34,-.39,-.298,-.337,-.267,-.146,-.358,-.415,-.39,-.273
2020,5,3,-.358,-.443,-.278,-.338,-.155,-.19,-.528,-.607,-.617,-.175,-.335,-.385,-.294,-.331,-.26,-.142,-.355,-.407,-.383,-.266
2020,5,4,-.346,-.432,-.264,-.326,-.156,-.173,-.507,-.598,-.611,-.165,-.326,-.378,-.284,-.322,-.251,-.134,-.345,-.4,-.377,-.256
2020,5,5,-.331,-.42,-.248,-.309,-.139,-.159,-.484,-.59,-.601,-.144,-.317,-.37,-.275,-.312,-.242,-.127,-.332,-.393,-.37,-.247
2020,5,6,-.321,-.408,-.242,-.298,-.122,-.154,-.462,-.587,-.599,-.126,-.31,-.364,-.268,-.305,-.234,-.121,-.32,-.387,-.364,-.239
2020,5,7,-.311,-.4,-.234,-.287,-.104,-.152,-.446,-.581,-.594,-.106,-.304,-.358,-.262,-.299,-.227,-.12,-.31,-.381,-.358,-.232
2020,5,8,-.307,-.391,-.238,-.283,-.0985,-.154,-.438,-.579,-.59,-.0961,-.303,-.356,-.26,-.298,-.223,-.12,-.306,-.379,-.356,-.227
2020,5,9,-.304,-.389,-.233,-.281,-.102,-.153,-.429,-.574,-.583,-.0806,-.3,-.354,-.257,-.296,-.217,-.12,-.306,-.377,-.353,-.221
2020,5,10,-.3,-.386,-.224,-.277,-.111,-.157,-.433,-.556,-.561,-.0951,-.302,-.356,-.258,-.297,-.218,-.125,-.309,-.377,-.352,-.222
2020,5,11,-.306,-.394,-.23,-.282,-.116,-.165,-.429,-.561,-.565,-.111,-.301,-.355,-.258,-.297,-.219,-.129,-.304,-.376,-.351,-.222
2020,5,12,-.313,-.402,-.238,-.289,-.121,-.16,-.423,-.58,-.587,-.12,-.297,-.351,-.254,-.292,-.216,-.127,-.296,-.373,-.348,-.219
2020,5,13,-.308,-.401,-.228,-.283,-.121,-.154,-.412,-.577,-.583,-.12,-.293,-.347,-.249,-.288,-.213,-.127,-.292,-.369,-.345,-.216
2020,5,14,-.304,-.398,-.223,-.277,-.122,-.148,-.4,-.575,-.58,-.121,-.287,-.343,-.244,-.283,-.209,-.124,-.286,-.366,-.342,-.212
2020,5,15,-.297,-.395,-.213,-.27,-.119,-.145,-.383,-.567,-.574,-.118,-.282,-.338,-.238,-.277,-.204,-.123,-.279,-.361,-.338,-.207
2020,5,16,-.294,-.394,-.209,-.265,-.117,-.141,-.382,-.561,-.57,-.115,-.277,-.334,-.234,-.271,-.202,-.119,-.277,-.356,-.334,-.205
2020,5,17,-.287,-.392,-.198,-.258,-.0948,-.135,-.376,-.569,-.581,-.092,-.273,-.33,-.23,-.266,-.198,-.115,-.275,-.351,-.329,-.201
2020,5,18,-.272,-.377,-.182,-.242,-.0641,-.124,-.36,-.563,-.573,-.0605,-.267,-.324,-.224,-.26,-.192,-.112,-.268,-.346,-.325,-.194
2020,5,19,-.258,-.364,-.17,-.228,-.0523,-.127,-.347,-.543,-.549,-.0479,-.262,-.319,-.221,-.255,-.187,-.112,-.259,-.343,-.321,-.188
2020,5,20,-.252,-.357,-.166,-.221,-.0439,-.125,-.334,-.536,-.543,-.0392,-.256,-.313,-.215,-.248,-.181,-.109,-.25,-.338,-.317,-.182
2020,5,21,-.24,-.347,-.153,-.209,-.0293,-.121,-.319,-.526,-.533,-.0245,-.249,-.307,-.208,-.241,-.174,-.105,-.242,-.332,-.311,-.176
2020,5,22,-.23,-.338,-.142,-.198,-.0115,-.124,-.319,-.515,-.521,-.006,-.244,-.303,-.204,-.236,-.169,-.106,-.24,-.326,-.305,-.17
2020,5,23,-.227,-.338,-.135,-.194,-.00764,-.123,-.315,-.509,-.516,-.0021,-.243,-.303,-.202,-.234,-.168,-.109,-.243,-.321,-.301,-.168
2020,5,24,-.227,-.338,-.135,-.194,-.0135,-.116,-.315,-.501,-.51,-.00776,-.242,-.302,-.201,-.233,-.167,-.106,-.244,-.318,-.298,-.168
2020,5,25,-.238,-.344,-.15,-.208,-.0361,-.101,-.292,-.503,-.51,-.0338,-.24,-.299,-.199,-.231,-.167,-.0928,-.23,-.314,-.296,-.168
2020,5,26,-.225,-.333,-.135,-.195,-.0338,-.107,-.298,-.503,-.511,-.0301,-.238,-.298,-.198,-.23,-.167,-.104,-.236,-.318,-.299,-.169
2020,5,27,-.226,-.334,-.135,-.196,-.0415,-.12,-.305,-.501,-.508,-.038,-.239,-.298,-.199,-.23,-.171,-.109,-.238,-.317,-.298,-.173
2020,5,28,-.226,-.337,-.133,-.196,-.0522,-.125,-.306,-.501,-.507,-.049,-.238,-.296,-.199,-.229,-.174,-.11,-.239,-.316,-.298,-.176
2020,5,29,-.222,-.333,-.125,-.194,-.0648,-.122,-.298,-.498,-.503,-.0629,-.237,-.295,-.198,-.229,-.178,-.109,-.237,-.317,-.3,-.18
2020,5,30,-.228,-.333,-.134,-.2,-.0792,-.133,-.306,-.498,-.502,-.0775,-.24,-.298,-.201,-.232,-.181,-.111,-.237,-.326,-.309,-.183
2020,5,31,-.239,-.342,-.152,-.21,-.0882,-.154,-.32,-.5,-.503,-.0862,-.245,-.303,-.206,-.237,-.184,-.119,-.244,-.335,-.318,-.186
2020,6,1,-.231,-.34,-.14,-.201,-.0787,-.156,-.316,-.492,-.497,-.0783,-.25,-.308,-.211,-.241,-.193,-.131,-.252,-.339,-.325,-.196
2020,6,2,-.227,-.333,-.141,-.196,-.0594,-.162,-.325,-.493,-.5,-.0775,-.254,-.314,-.215,-.246,-.198,-.136,-.254,-.351,-.337,-.201
2020,6,3,-.243,-.345,-.16,-.213,-.0753,-.176,-.338,-.501,-.507,-.0884,-.261,-.32,-.221,-.252,-.205,-.142,-.256,-.364,-.353,-.208
2020,6,4,-.256,-.355,-.177,-.226,-.0957,-.183,-.335,-.511,-.518,-.0973,-.267,-.326,-.228,-.258,-.21,-.149,-.255,-.378,-.368,-.213
2020,6,5,-.27,-.366,-.195,-.24,-.111,-.188,-.338,-.526,-.532,-.109,-.273,-.332,-.235,-.263,-.214,-.153,-.254,-.39,-.381,-.217
2020,6,6,-.271,-.367,-.196,-.241,-.111,-.187,-.333,-.529,-.535,-.108,-.272,-.33,-.235,-.262,-.213,-.153,-.252,-.392,-.385,-.216
2020,6,7,-.262,-.361,-.184,-.232,-.102,-.175,-.321,-.527,-.533,-.0979,-.269,-.327,-.232,-.259,-.21,-.147,-.248,-.392,-.385,-.213
2020,6,8,-.264,-.357,-.19,-.236,-.104,-.177,-.319,-.53,-.535,-.0975,-.268,-.325,-.232,-.258,-.209,-.143,-.243,-.393,-.386,-.212
2020,6,9,-.27,-.363,-.193,-.243,-.117,-.185,-.315,-.528,-.532,-.0923,-.265,-.321,-.23,-.256,-.206,-.143,-.24,-.391,-.385,-.209
2020,6,10,-.265,-.356,-.189,-.238,-.112,-.181,-.304,-.526,-.53,-.0915,-.264,-.319,-.23,-.255,-.207,-.14,-.239,-.391,-.386,-.21
2020,6,11,-.259,-.351,-.183,-.232,-.101,-.167,-.298,-.524,-.528,-.0923,-.266,-.32,-.232,-.258,-.208,-.141,-.244,-.393,-.388,-.211
2020,6,12,-.263,-.353,-.19,-.236,-.106,-.171,-.302,-.522,-.527,-.101,-.272,-.324,-.239,-.264,-.215,-.148,-.252,-.396,-.391,-.218
2020,6,13,-.261,-.351,-.19,-.234,-.106,-.169,-.297,-.517,-.524,-.103,-.274,-.323,-.241,-.266,-.218,-.147,-.251,-.396,-.392,-.22
2020,6,14,-.262,-.352,-.189,-.235,-.105,-.173,-.299,-.515,-.522,-.102,-.273,-.322,-.24,-.265,-.216,-.149,-.251,-.393,-.389,-.219
2020,6,15,-.26,-.35,-.189,-.232,-.104,-.166,-.287,-.513,-.52,-.102,-.27,-.32,-.239,-.262,-.213,-.15,-.25,-.39,-.387,-.215
2020,6,16,-.259,-.348,-.188,-.232,-.1,-.159,-.279,-.517,-.525,-.098,-.266,-.315,-.236,-.258,-.208,-.146,-.248,-.386,-.383,-.21
2020,6,17,-.25,-.341,-.179,-.222,-.0849,-.152,-.27,-.511,-.519,-.0828,-.257,-.306,-.226,-.249,-.197,-.14,-.239,-.377,-.374,-.199
2020,6,18,-.245,-.334,-.176,-.218,-.073,-.159,-.263,-.506,-.514,-.0711,-.25,-.298,-.219,-.241,-.191,-.139,-.229,-.37,-.366,-.193
2020,6,19,-.235,-.324,-.169,-.206,-.0512,-.157,-.258,-.498,-.507,-.0489,-.239,-.288,-.209,-.231,-.18,-.133,-.219,-.362,-.359,-.182
2020,6,20,-.227,-.316,-.159,-.199,-.0315,-.156,-.255,-.495,-.504,-.0284,-.233,-.283,-.203,-.224,-.173,-.129,-.215,-.358,-.354,-.175
2020,6,21,-.219,-.308,-.151,-.192,-.0223,-.147,-.251,-.485,-.494,-.0195,-.233,-.282,-.202,-.224,-.173,-.128,-.214,-.357,-.354,-.176
2020,6,22,-.222,-.31,-.154,-.195,-.0173,-.162,-.263,-.485,-.493,-.0137,-.232,-.281,-.202,-.224,-.173,-.131,-.212,-.356,-.353,-.175
2020,6,23,-.222,-.31,-.155,-.196,-.0196,-.173,-.264,-.477,-.485,-.0159,-.233,-.28,-.204,-.225,-.174,-.135,-.213,-.357,-.353,-.177
2020,6,24,-.223,-.311,-.156,-.196,-.0249,-.17,-.263,-.477,-.485,-.0216,-.234,-.28,-.205,-.226,-.176,-.134,-.214,-.358,-.355,-.178
2020,6,25,-.224,-.311,-.157,-.198,-.03,-.165,-.261,-.477,-.485,-.0266,-.232,-.277,-.204,-.224,-.175,-.132,-.212,-.357,-.354,-.177
2020,6,26,-.227,-.311,-.159,-.203,-.0424,-.165,-.255,-.479,-.486,-.0399,-.23,-.275,-.203,-.223,-.175,-.13,-.211,-.357,-.353,-.177
2020,6,27,-.233,-.317,-.163,-.21,-.0577,-.166,-.257,-.481,-.488,-.0562,-.23,-.273,-.203,-.222,-.175,-.13,-.211,-.357,-.354,-.176
2020,6,28,-.244,-.325,-.176,-.221,-.0708,-.183,-.266,-.49,-.497,-.0682,-.229,-.271,-.203,-.221,-.173,-.131,-.211,-.357,-.354,-.174
2020,6,29,-.242,-.321,-.177,-.219,-.0723,-.178,-.263,-.489,-.497,-.0701,-.228,-.27,-.203,-.22,-.172,-.128,-.211,-.357,-.354,-.174
2020,6,30,-.234,-.31,-.17,-.212,-.0656,-.16,-.254,-.487,-.495,-.0644,-.227,-.269,-.203,-.22,-.173,-.127,-.213,-.358,-.354,-.174
2020,7,1,-.238,-.311,-.178,-.218,-.0716,-.157,-.258,-.486,-.496,-.0709,-.228,-.269,-.204,-.221,-.175,-.128,-.213,-.358,-.355,-.177
2020,7,2,-.226,-.299,-.165,-.207,-.0524,-.155,-.255,-.478,-.488,-.0625,-.228,-.268,-.205,-.221,-.177,-.126,-.216,-.358,-.356,-.179
2020,7,3,-.266,-.333,-.216,-.246,-.0876,-.228,-.309,-.487,-.499,-.0934,-.254,-.291,-.235,-.247,-.201,-.178,-.273,-.361,-.358,-.199
2020,7,4,-.195,-.269,-.132,-.176,-.0473,-.0387,-.133,-.498,-.509,-.0545,-.186,-.228,-.161,-.179,-.147,-.0295,-.0914,-.351,-.35,-.153
2020,7,5,-.2,-.27,-.134,-.183,-.0376,-.0866,-.201,-.476,-.484,-.046,-.209,-.25,-.185,-.202,-.163,-.0768,-.171,-.358,-.356,-.166
2020,7,6,-.217,-.29,-.154,-.198,-.0397,-.15,-.252,-.47,-.479,-.0513,-.226,-.266,-.202,-.219,-.175,-.119,-.219,-.357,-.354,-.177
2020,7,7,-.222,-.295,-.158,-.202,-.0462,-.153,-.257,-.469,-.479,-.0574,-.227,-.266,-.203,-.219,-.176,-.116,-.219,-.357,-.354,-.178
2020,7,8,-.225,-.297,-.161,-.206,-.0518,-.169,-.264,-.474,-.482,-.0629,-.229,-.269,-.206,-.222,-.178,-.117,-.226,-.359,-.356,-.18
2020,7,9,-.24,-.313,-.178,-.221,-.0791,-.169,-.275,-.485,-.492,-.0788,-.231,-.27,-.208,-.224,-.179,-.115,-.227,-.361,-.358,-.181
2020,7,10,-.243,-.316,-.181,-.224,-.087,-.163,-.281,-.488,-.495,-.0864,-.233,-.271,-.21,-.226,-.182,-.111,-.231,-.363,-.36,-.184
2020,7,11,-.245,-.315,-.186,-.226,-.0909,-.166,-.283,-.489,-.495,-.0906,-.234,-.272,-.212,-.227,-.184,-.109,-.233,-.364,-.361,-.186
2020,7,12,-.238,-.309,-.179,-.22,-.0839,-.156,-.274,-.487,-.493,-.0838,-.234,-.271,-.211,-.227,-.184,-.105,-.234,-.364,-.361,-.185
2020,7,13,-.249,-.32,-.188,-.23,-.0991,-.153,-.282,-.496,-.502,-.0975,-.237,-.274,-.214,-.23,-.188,-.102,-.234,-.366,-.363,-.189
2020,7,14,-.254,-.326,-.191,-.234,-.103,-.154,-.288,-.501,-.507,-.101,-.238,-.275,-.214,-.232,-.188,-.0961,-.235,-.367,-.364,-.189
2020,7,15,-.25,-.326,-.183,-.23,-.103,-.136,-.28,-.501,-.507,-.101,-.238,-.276,-.214,-.231,-.188,-.0884,-.233,-.367,-.364,-.189
2020,7,16,-.25,-.324,-.184,-.231,-.102,-.135,-.274,-.501,-.508,-.101,-.239,-.277,-.213,-.233,-.188,-.0944,-.232,-.367,-.364,-.189
2020,7,17,-.249,-.324,-.182,-.231,-.0964,-.141,-.271,-.501,-.508,-.0954,-.239,-.278,-.214,-.233,-.187,-.103,-.231,-.367,-.364,-.188
2020,7,18,-.248,-.323,-.181,-.229,-.0949,-.136,-.269,-.501,-.508,-.0943,-.24,-.28,-.214,-.234,-.188,-.108,-.231,-.367,-.364,-.189
2020,7,19,-.248,-.323,-.179,-.229,-.0947,-.132,-.265,-.503,-.51,-.0949,-.24,-.28,-.213,-.234,-.187,-.11,-.229,-.368,-.364,-.189
2020,7,20,-.248,-.321,-.182,-.23,-.0935,-.135,-.262,-.503,-.511,-.094,-.241,-.281,-.215,-.235,-.187,-.123,-.229,-.368,-.365,-.188
2020,7,21,-.253,-.324,-.188,-.236,-.0994,-.151,-.263,-.502,-.51,-.0999,-.243,-.282,-.217,-.237,-.188,-.14,-.229,-.368,-.365,-.189
2020,7,22,-.253,-.323,-.189,-.236,-.0978,-.156,-.261,-.503,-.51,-.0984,-.244,-.283,-.218,-.238,-.187,-.155,-.229,-.369,-.365,-.188
2020,7,23,-.251,-.32,-.187,-.235,-.0936,-.161,-.257,-.502,-.509,-.0939,-.243,-.282,-.218,-.237,-.187,-.157,-.228,-.368,-.365,-.188
2020,7,24,-.25,-.319,-.189,-.233,-.0924,-.164,-.253,-.5,-.507,-.093,-.243,-.281,-.218,-.237,-.187,-.158,-.227,-.368,-.365,-.188
2020,7,25,-.251,-.321,-.188,-.235,-.0977,-.167,-.254,-.5,-.506,-.0987,-.243,-.281,-.218,-.237,-.187,-.158,-.225,-.368,-.365,-.188
2020,7,26,-.25,-.318,-.189,-.234,-.0978,-.161,-.254,-.499,-.504,-.0985,-.242,-.28,-.218,-.236,-.187,-.156,-.224,-.369,-.365,-.188
2020,7,27,-.252,-.32,-.191,-.236,-.0999,-.175,-.25,-.499,-.504,-.101,-.243,-.281,-.219,-.237,-.187,-.158,-.224,-.369,-.366,-.189
2020,7,28,-.251,-.318,-.19,-.234,-.0993,-.174,-.249,-.499,-.503,-.101,-.243,-.281,-.22,-.237,-.187,-.161,-.226,-.369,-.366,-.189
2020,7,29,-.251,-.318,-.192,-.234,-.1,-.172,-.25,-.498,-.502,-.102,-.243,-.28,-.22,-.236,-.187,-.161,-.225,-.369,-.366,-.188
2020,7,30,-.251,-.319,-.192,-.233,-.105,-.165,-.255,-.496,-.501,-.107,-.243,-.281,-.219,-.236,-.187,-.163,-.226,-.37,-.366,-.188
2020,7,31,-.248,-.32,-.185,-.23,-.109,-.163,-.257,-.494,-.498,-.111,-.243,-.282,-.219,-.236,-.188,-.165,-.228,-.37,-.366,-.189
2020,8,1,-.26,-.33,-.202,-.24,-.119,-.173,-.277,-.492,-.497,-.119,-.244,-.282,-.22,-.237,-.188,-.166,-.228,-.369,-.366,-.189
2020,8,2,-.266,-.33,-.217,-.247,-.118,-.174,-.282,-.5,-.505,-.13,-.247,-.285,-.224,-.24,-.19,-.167,-.228,-.375,-.372,-.191
2020,8,3,-.264,-.329,-.21,-.245,-.129,-.163,-.268,-.504,-.511,-.141,-.249,-.288,-.224,-.242,-.193,-.165,-.228,-.383,-.38,-.194
2020,8,4,-.271,-.338,-.213,-.254,-.149,-.159,-.262,-.511,-.52,-.155,-.254,-.296,-.226,-.247,-.199,-.165,-.229,-.394,-.391,-.201
2020,8,5,-.286,-.351,-.229,-.269,-.17,-.172,-.272,-.521,-.53,-.172,-.265,-.309,-.236,-.259,-.21,-.175,-.239,-.407,-.405,-.211
2020,8,6,-.294,-.36,-.237,-.277,-.179,-.179,-.271,-.531,-.539,-.183,-.27,-.316,-.241,-.263,-.214,-.177,-.24,-.417,-.415,-.216
2020,8,7,-.302,-.365,-.248,-.285,-.185,-.18,-.27,-.544,-.553,-.19,-.275,-.321,-.245,-.268,-.217,-.177,-.239,-.427,-.425,-.22
2020,8,8,-.29,-.355,-.232,-.274,-.176,-.162,-.244,-.553,-.562,-.182,-.27,-.318,-.238,-.262,-.211,-.17,-.232,-.431,-.43,-.214
2020,8,9,-.287,-.359,-.221,-.27,-.182,-.16,-.241,-.552,-.561,-.176,-.268,-.318,-.236,-.261,-.209,-.167,-.232,-.433,-.431,-.213
2020,8,10,-.294,-.364,-.233,-.275,-.186,-.162,-.251,-.553,-.561,-.18,-.271,-.32,-.239,-.264,-.21,-.172,-.234,-.433,-.431,-.214
2020,8,11,-.294,-.361,-.238,-.275,-.179,-.164,-.252,-.552,-.559,-.18,-.27,-.316,-.24,-.263,-.208,-.172,-.233,-.432,-.43,-.212
2020,8,12,-.286,-.355,-.23,-.267,-.168,-.159,-.242,-.549,-.557,-.174,-.264,-.309,-.234,-.257,-.202,-.165,-.225,-.428,-.427,-.206
2020,8,13,-.287,-.354,-.228,-.269,-.169,-.162,-.24,-.548,-.556,-.175,-.263,-.307,-.233,-.257,-.201,-.165,-.223,-.428,-.426,-.205
2020,8,14,-.287,-.354,-.227,-.27,-.173,-.162,-.235,-.545,-.554,-.179,-.263,-.306,-.233,-.257,-.201,-.166,-.223,-.428,-.426,-.205
2020,8,15,-.296,-.362,-.236,-.28,-.179,-.182,-.253,-.548,-.556,-.185,-.271,-.313,-.242,-.266,-.21,-.175,-.23,-.432,-.431,-.213
2020,8,16,-.296,-.363,-.236,-.281,-.178,-.185,-.26,-.549,-.557,-.185,-.272,-.313,-.243,-.267,-.211,-.177,-.231,-.433,-.432,-.215
2020,8,17,-.297,-.365,-.234,-.28,-.18,-.185,-.253,-.548,-.557,-.187,-.271,-.312,-.243,-.266,-.211,-.176,-.229,-.432,-.431,-.214
2020,8,18,-.294,-.364,-.231,-.277,-.178,-.184,-.248,-.545,-.554,-.185,-.27,-.311,-.242,-.264,-.209,-.176,-.228,-.43,-.429,-.213
2020,8,19,-.294,-.364,-.231,-.276,-.179,-.184,-.248,-.543,-.552,-.186,-.27,-.311,-.242,-.263,-.209,-.175,-.229,-.429,-.428,-.213
2020,8,20,-.292,-.364,-.232,-.273,-.177,-.18,-.242,-.542,-.551,-.184,-.269,-.311,-.242,-.263,-.208,-.175,-.228,-.429,-.427,-.212
2020,8,21,-.292,-.36,-.235,-.273,-.176,-.179,-.243,-.541,-.549,-.183,-.269,-.31,-.242,-.263,-.208,-.175,-.227,-.428,-.427,-.212
2020,8,22,-.286,-.355,-.228,-.266,-.171,-.163,-.237,-.538,-.547,-.179,-.268,-.31,-.241,-.262,-.207,-.173,-.228,-.428,-.427,-.211
2020,8,23,-.284,-.353,-.227,-.264,-.17,-.163,-.232,-.537,-.546,-.177,-.267,-.309,-.24,-.261,-.205,-.173,-.227,-.427,-.426,-.209
2020,8,24,-.285,-.353,-.229,-.265,-.164,-.17,-.245,-.538,-.546,-.171,-.268,-.309,-.24,-.261,-.205,-.177,-.227,-.427,-.426,-.209
2020,8,25,-.286,-.352,-.233,-.267,-.163,-.172,-.25,-.541,-.549,-.17,-.27,-.311,-.242,-.264,-.207,-.179,-.227,-.429,-.428,-.211
2020,8,26,-.284,-.348,-.234,-.265,-.161,-.165,-.254,-.539,-.547,-.167,-.27,-.31,-.243,-.263,-.207,-.18,-.226,-.429,-.428,-.211
2020,8,27,-.284,-.348,-.232,-.266,-.16,-.17,-.26,-.538,-.546,-.167,-.27,-.31,-.245,-.264,-.209,-.181,-.226,-.429,-.429,-.213
2020,8,28,-.284,-.349,-.232,-.266,-.161,-.171,-.261,-.537,-.545,-.167,-.27,-.309,-.244,-.264,-.209,-.181,-.224,-.429,-.428,-.212
2020,8,29,-.283,-.341,-.234,-.266,-.156,-.173,-.255,-.538,-.545,-.161,-.269,-.308,-.244,-.263,-.208,-.181,-.222,-.429,-.428,-.212
2020,8,30,-.291,-.345,-.25,-.274,-.168,-.182,-.252,-.538,-.545,-.172,-.269,-.308,-.245,-.263,-.209,-.18,-.219,-.429,-.427,-.212
2020,8,31,-.289,-.341,-.252,-.272,-.174,-.176,-.242,-.54,-.546,-.18,-.265,-.303,-.242,-.258,-.203,-.175,-.212,-.428,-.427,-.207
2020,9,1,-.281,-.334,-.24,-.265,-.17,-.152,-.231,-.537,-.547,-.18,-.261,-.299,-.237,-.254,-.202,-.168,-.21,-.426,-.425,-.205
2020,9,2,-.276,-.325,-.242,-.261,-.151,-.151,-.238,-.535,-.547,-.178,-.258,-.297,-.235,-.252,-.199,-.163,-.207,-.424,-.424,-.203
2020,9,3,-.271,-.321,-.236,-.255,-.145,-.149,-.243,-.53,-.541,-.171,-.254,-.293,-.229,-.247,-.195,-.156,-.202,-.421,-.421,-.199
2020,9,4,-.26,-.316,-.22,-.243,-.126,-.154,-.25,-.515,-.524,-.152,-.245,-.288,-.22,-.237,-.185,-.149,-.199,-.413,-.414,-.189
2020,9,5,-.259,-.322,-.214,-.238,-.125,-.167,-.26,-.501,-.511,-.15,-.246,-.291,-.22,-.238,-.187,-.154,-.203,-.412,-.412,-.191
2020,9,6,-.245,-.318,-.191,-.221,-.0981,-.171,-.265,-.486,-.497,-.121,-.247,-.294,-.219,-.239,-.186,-.161,-.21,-.412,-.412,-.19
2020,9,7,-.268,-.338,-.207,-.249,-.149,-.129,-.233,-.508,-.525,-.161,-.26,-.3,-.232,-.254,-.199,-.149,-.204,-.421,-.423,-.205
2020,9,8,-.236,-.317,-.179,-.209,-.0687,-.177,-.272,-.476,-.487,-.0869,-.255,-.302,-.225,-.246,-.193,-.17,-.219,-.415,-.415,-.197
2020,9,9,-.243,-.327,-.182,-.216,-.0892,-.187,-.258,-.478,-.488,-.0862,-.256,-.304,-.227,-.248,-.194,-.175,-.219,-.417,-.416,-.197
2020,9,10,-.235,-.319,-.169,-.21,-.0846,-.16,-.231,-.486,-.498,-.0843,-.259,-.305,-.23,-.25,-.196,-.174,-.221,-.42,-.419,-.2
2020,9,11,-.242,-.32,-.181,-.218,-.0976,-.143,-.219,-.502,-.516,-.0992,-.264,-.307,-.235,-.257,-.202,-.172,-.22,-.425,-.423,-.206
2020,9,12,-.242,-.317,-.186,-.219,-.0997,-.135,-.202,-.513,-.527,-.103,-.263,-.304,-.236,-.257,-.2,-.168,-.216,-.426,-.424,-.205
2020,9,13,-.25,-.32,-.194,-.229,-.113,-.125,-.195,-.529,-.539,-.118,-.264,-.303,-.238,-.259,-.202,-.165,-.213,-.427,-.425,-.206
2020,9,14,-.259,-.326,-.203,-.24,-.124,-.13,-.206,-.533,-.545,-.129,-.266,-.304,-.24,-.261,-.203,-.162,-.212,-.427,-.425,-.207
2020,9,15,-.261,-.326,-.205,-.243,-.126,-.129,-.212,-.536,-.546,-.13,-.266,-.303,-.241,-.261,-.202,-.16,-.215,-.426,-.423,-.206
2020,9,16,-.266,-.331,-.213,-.246,-.128,-.142,-.232,-.536,-.544,-.132,-.268,-.304,-.243,-.264,-.203,-.166,-.218,-.426,-.423,-.207
2020,9,17,-.266,-.331,-.218,-.246,-.126,-.153,-.237,-.531,-.541,-.129,-.27,-.306,-.246,-.266,-.204,-.17,-.22,-.426,-.423,-.208
2020,9,18,-.266,-.33,-.215,-.246,-.123,-.157,-.236,-.531,-.541,-.126,-.274,-.308,-.249,-.27,-.208,-.175,-.225,-.428,-.425,-.211
2020,9,19,-.259,-.325,-.205,-.239,-.115,-.147,-.235,-.525,-.537,-.117,-.273,-.308,-.247,-.268,-.207,-.173,-.224,-.428,-.424,-.21
2020,9,20,-.257,-.323,-.203,-.237,-.111,-.145,-.234,-.523,-.535,-.113,-.271,-.307,-.246,-.267,-.206,-.17,-.221,-.427,-.424,-.209
2020,9,21,-.257,-.323,-.205,-.237,-.112,-.145,-.231,-.523,-.537,-.113,-.272,-.307,-.247,-.267,-.206,-.173,-.221,-.427,-.424,-.209
2020,9,22,-.263,-.331,-.214,-.242,-.114,-.166,-.242,-.525,-.538,-.115,-.273,-.309,-.248,-.268,-.208,-.179,-.22,-.427,-.424,-.21
2020,9,23,-.26,-.328,-.209,-.239,-.114,-.155,-.233,-.524,-.538,-.116,-.272,-.308,-.247,-.267,-.206,-.174,-.218,-.426,-.423,-.209
2020,9,24,-.261,-.331,-.207,-.239,-.113,-.162,-.235,-.523,-.537,-.115,-.271,-.307,-.246,-.266,-.205,-.174,-.218,-.426,-.423,-.208
2020,9,25,-.261,-.326,-.213,-.241,-.116,-.162,-.227,-.522,-.537,-.118,-.271,-.308,-.246,-.266,-.205,-.175,-.218,-.425,-.422,-.207
2020,9,26,-.265,-.33,-.219,-.243,-.122,-.162,-.231,-.522,-.537,-.124,-.271,-.308,-.246,-.265,-.205,-.175,-.218,-.425,-.422,-.207
2020,9,27,-.264,-.33,-.218,-.242,-.124,-.158,-.23,-.521,-.536,-.125,-.271,-.307,-.246,-.265,-.204,-.174,-.22,-.425,-.421,-.207
2020,9,28,-.267,-.333,-.22,-.245,-.125,-.165,-.238,-.523,-.535,-.127,-.271,-.309,-.247,-.266,-.205,-.176,-.223,-.424,-.421,-.208
2020,9,29,-.266,-.329,-.218,-.245,-.126,-.157,-.235,-.523,-.536,-.128,-.271,-.308,-.246,-.265,-.205,-.174,-.222,-.424,-.421,-.208
2020,9,30,-.267,-.326,-.222,-.248,-.126,-.158,-.23,-.525,-.536,-.128,-.27,-.307,-.246,-.265,-.205,-.173,-.219,-.424,-.42,-.208
2020,10,1,-.268,-.326,-.223,-.251,-.132,-.144,-.236,-.52,-.535,-.135,-.269,-.305,-.245,-.264,-.205,-.169,-.217,-.423,-.419,-.207
2020,10,2,-.266,-.332,-.211,-.247,-.134,-.147,-.247,-.518,-.532,-.135,-.267,-.303,-.243,-.262,-.204,-.167,-.216,-.422,-.419,-.207
2020,10,3,-.268,-.329,-.221,-.249,-.134,-.153,-.245,-.514,-.528,-.134,-.265,-.3,-.242,-.26,-.201,-.168,-.213,-.417,-.414,-.203
2020,10,4,-.26,-.32,-.213,-.242,-.119,-.151,-.24,-.507,-.52,-.117,-.257,-.293,-.233,-.251,-.191,-.163,-.204,-.409,-.406,-.193
2020,10,5,-.25,-.311,-.202,-.232,-.111,-.134,-.225,-.501,-.518,-.11,-.252,-.288,-.228,-.246,-.184,-.154,-.2,-.407,-.404,-.186
2020,10,6,-.249,-.311,-.202,-.23,-.114,-.133,-.222,-.498,-.516,-.113,-.251,-.288,-.227,-.246,-.184,-.151,-.199,-.406,-.403,-.187
2020,10,7,-.251,-.316,-.202,-.23,-.114,-.132,-.231,-.499,-.516,-.113,-.252,-.289,-.228,-.246,-.185,-.153,-.202,-.405,-.403,-.187
2020,10,8,-.25,-.316,-.204,-.229,-.114,-.142,-.231,-.504,-.517,-.113,-.253,-.29,-.229,-.247,-.185,-.155,-.204,-.405,-.403,-.188
2020,10,9,-.253,-.313,-.216,-.232,-.113,-.137,-.225,-.503,-.516,-.117,-.254,-.29,-.231,-.248,-.185,-.156,-.202,-.405,-.403,-.187
2020,10,10,-.255,-.316,-.212,-.234,-.124,-.136,-.226,-.507,-.52,-.128,-.256,-.291,-.234,-.25,-.188,-.159,-.203,-.409,-.407,-.191
2020,10,11,-.261,-.321,-.219,-.241,-.139,-.137,-.226,-.513,-.526,-.146,-.263,-.297,-.241,-.257,-.198,-.167,-.21,-.416,-.414,-.201
2020,10,12,-.269,-.326,-.232,-.25,-.145,-.142,-.224,-.518,-.532,-.152,-.266,-.299,-.244,-.26,-.202,-.17,-.207,-.416,-.414,-.206
2020,10,13,-.265,-.325,-.223,-.245,-.144,-.141,-.229,-.52,-.531,-.152,-.265,-.299,-.244,-.259,-.202,-.166,-.21,-.417,-.415,-.206
2020,10,14,-.27,-.331,-.226,-.25,-.145,-.155,-.238,-.521,-.531,-.153,-.265,-.299,-.244,-.26,-.202,-.166,-.212,-.418,-.416,-.206
2020,10,15,-.263,-.325,-.22,-.242,-.139,-.145,-.219,-.519,-.53,-.147,-.264,-.298,-.243,-.259,-.202,-.159,-.209,-.418,-.416,-.206
2020,10,16,-.266,-.33,-.22,-.244,-.139,-.15,-.222,-.523,-.533,-.146,-.265,-.299,-.243,-.259,-.203,-.16,-.211,-.418,-.416,-.207
2020,10,17,-.26,-.326,-.214,-.238,-.132,-.143,-.213,-.522,-.531,-.139,-.262,-.297,-.24,-.256,-.201,-.153,-.21,-.416,-.414,-.205
2020,10,18,-.244,-.31,-.198,-.222,-.113,-.136,-.209,-.502,-.511,-.119,-.252,-.285,-.232,-.247,-.192,-.142,-.206,-.401,-.399,-.195
2020,10,19,-.253,-.316,-.209,-.232,-.121,-.154,-.227,-.5,-.507,-.124,-.255,-.287,-.236,-.25,-.194,-.149,-.211,-.4,-.396,-.197
2020,10,20,-.255,-.318,-.214,-.234,-.124,-.155,-.224,-.501,-.507,-.125,-.261,-.292,-.24,-.256,-.199,-.161,-.216,-.404,-.401,-.201
2020,10,21,-.252,-.311,-.214,-.231,-.12,-.153,-.214,-.499,-.508,-.122,-.259,-.29,-.238,-.254,-.196,-.165,-.212,-.402,-.399,-.199
2020,10,22,-.255,-.314,-.212,-.235,-.125,-.147,-.215,-.502,-.51,-.127,-.258,-.29,-.237,-.253,-.195,-.168,-.211,-.402,-.399,-.198
2020,10,23,-.254,-.311,-.212,-.235,-.124,-.143,-.212,-.503,-.512,-.127,-.258,-.289,-.236,-.253,-.194,-.167,-.211,-.403,-.399,-.197
2020,10,24,-.255,-.312,-.211,-.237,-.125,-.14,-.212,-.508,-.517,-.127,-.259,-.291,-.236,-.255,-.195,-.167,-.212,-.405,-.402,-.198
2020,10,25,-.268,-.328,-.223,-.25,-.139,-.14,-.216,-.531,-.54,-.142,-.267,-.301,-.242,-.263,-.202,-.168,-.212,-.421,-.417,-.206
2020,10,26,-.271,-.331,-.226,-.251,-.14,-.142,-.216,-.535,-.544,-.143,-.267,-.301,-.243,-.263,-.202,-.169,-.212,-.423,-.42,-.206
2020,10,27,-.266,-.325,-.223,-.247,-.132,-.146,-.221,-.529,-.538,-.137,-.262,-.295,-.239,-.258,-.196,-.166,-.209,-.417,-.414,-.2
2020,10,28,-.267,-.326,-.226,-.247,-.134,-.148,-.22,-.53,-.539,-.139,-.264,-.296,-.242,-.26,-.198,-.167,-.211,-.418,-.415,-.202
2020,10,29,-.267,-.325,-.23,-.247,-.134,-.144,-.223,-.533,-.541,-.139,-.267,-.298,-.246,-.262,-.202,-.168,-.215,-.42,-.417,-.205
2020,10,30,-.258,-.318,-.217,-.237,-.127,-.131,-.215,-.534,-.542,-.132,-.265,-.297,-.244,-.261,-.202,-.163,-.214,-.42,-.417,-.205
2020,10,31,-.26,-.319,-.22,-.24,-.131,-.133,-.215,-.542,-.55,-.137,-.263,-.295,-.242,-.258,-.199,-.161,-.211,-.419,-.416,-.203
2020,11,1,-.283,-.336,-.256,-.261,-.146,-.15,-.241,-.547,-.556,-.15,-.267,-.299,-.248,-.262,-.204,-.164,-.213,-.421,-.42,-.209
2020,11,2,-.277,-.329,-.251,-.256,-.153,-.126,-.225,-.545,-.559,-.157,-.268,-.3,-.25,-.262,-.207,-.161,-.214,-.424,-.424,-.212
2020,11,3,-.276,-.334,-.241,-.255,-.16,-.126,-.221,-.548,-.564,-.168,-.272,-.305,-.252,-.265,-.211,-.16,-.217,-.43,-.431,-.218
2020,11,4,-.288,-.346,-.25,-.268,-.176,-.135,-.234,-.555,-.571,-.184,-.276,-.311,-.256,-.269,-.215,-.164,-.221,-.436,-.437,-.222
2020,11,5,-.295,-.353,-.257,-.274,-.187,-.142,-.235,-.561,-.579,-.196,-.277,-.312,-.257,-.27,-.216,-.161,-.22,-.44,-.442,-.222
2020,11,6,-.308,-.366,-.27,-.287,-.206,-.145,-.241,-.57,-.589,-.217,-.279,-.314,-.26,-.272,-.217,-.162,-.22,-.445,-.447,-.224
2020,11,7,-.312,-.372,-.272,-.291,-.214,-.145,-.249,-.571,-.59,-.225,-.283,-.318,-.264,-.276,-.221,-.166,-.223,-.45,-.453,-.227
2020,11,8,-.3,-.367,-.249,-.279,-.212,-.136,-.234,-.574,-.593,-.225,-.281,-.317,-.261,-.275,-.217,-.167,-.227,-.452,-.454,-.223
2020,11,9,-.313,-.381,-.26,-.292,-.219,-.159,-.257,-.582,-.597,-.23,-.283,-.319,-.262,-.277,-.219,-.171,-.229,-.454,-.456,-.224
2020,11,10,-.318,-.384,-.27,-.296,-.223,-.15,-.255,-.587,-.601,-.232,-.284,-.318,-.263,-.278,-.218,-.169,-.227,-.454,-.456,-.224
2020,11,11,-.309,-.377,-.262,-.285,-.211,-.127,-.234,-.585,-.601,-.222,-.28,-.314,-.259,-.274,-.213,-.155,-.221,-.453,-.455,-.219
2020,11,12,-.314,-.382,-.265,-.292,-.217,-.143,-.259,-.587,-.601,-.226,-.283,-.317,-.263,-.277,-.217,-.172,-.229,-.454,-.456,-.222
2020,11,13,-.315,-.381,-.266,-.293,-.215,-.148,-.257,-.591,-.604,-.224,-.285,-.319,-.263,-.279,-.217,-.174,-.231,-.454,-.457,-.223
2020,11,14,-.314,-.379,-.268,-.293,-.212,-.152,-.255,-.594,-.607,-.222,-.284,-.318,-.262,-.278,-.215,-.173,-.232,-.454,-.456,-.221
2020,11,15,-.312,-.376,-.264,-.292,-.206,-.161,-.249,-.592,-.606,-.217,-.28,-.313,-.258,-.274,-.211,-.168,-.222,-.451,-.453,-.217
2020,11,16,-.304,-.369,-.255,-.284,-.202,-.141,-.237,-.588,-.603,-.212,-.276,-.31,-.254,-.271,-.208,-.164,-.22,-.448,-.451,-.213
2020,11,17,-.305,-.368,-.259,-.285,-.202,-.145,-.24,-.588,-.601,-.213,-.276,-.309,-.255,-.271,-.206,-.165,-.22,-.448,-.451,-.212
2020,11,18,-.297,-.361,-.251,-.277,-.192,-.14,-.23,-.588,-.602,-.203,-.274,-.307,-.252,-.269,-.203,-.163,-.218,-.448,-.451,-.209
2020,11,19,-.299,-.361,-.254,-.279,-.193,-.143,-.226,-.591,-.604,-.205,-.274,-.306,-.253,-.269,-.203,-.162,-.216,-.45,-.452,-.21
2020,11,20,-.297,-.355,-.256,-.278,-.188,-.139,-.223,-.593,-.606,-.2,-.272,-.302,-.251,-.267,-.199,-.159,-.209,-.448,-.45,-.207
2020,11,21,-.296,-.356,-.253,-.276,-.186,-.137,-.215,-.6,-.613,-.199,-.267,-.299,-.247,-.263,-.193,-.154,-.201,-.449,-.451,-.201
2020,11,22,-.298,-.359,-.254,-.277,-.188,-.127,-.222,-.607,-.621,-.201,-.271,-.303,-.25,-.267,-.195,-.156,-.212,-.455,-.456,-.203
2020,11,23,-.302,-.361,-.259,-.283,-.185,-.148,-.23,-.61,-.622,-.199,-.274,-.306,-.253,-.27,-.196,-.163,-.217,-.459,-.46,-.204
2020,11,24,-.297,-.356,-.253,-.278,-.175,-.156,-.237,-.603,-.616,-.188,-.275,-.307,-.254,-.271,-.198,-.17,-.221,-.461,-.461,-.205
2020,11,25,-.328,-.391,-.28,-.307,-.224,-.17,-.24,-.618,-.629,-.237,-.282,-.314,-.261,-.277,-.205,-.166,-.224,-.464,-.464,-.211
2020,11,26,-.336,-.398,-.288,-.318,-.234,-.164,-.257,-.618,-.63,-.247,-.288,-.317,-.266,-.284,-.212,-.164,-.223,-.463,-.463,-.217
2020,11,27,-.341,-.402,-.294,-.322,-.248,-.173,-.26,-.62,-.633,-.263,-.282,-.314,-.262,-.278,-.203,-.164,-.217,-.462,-.461,-.21
2020,11,28,-.321,-.383,-.274,-.302,-.206,-.172,-.253,-.62,-.633,-.219,-.282,-.314,-.261,-.278,-.204,-.169,-.224,-.463,-.463,-.211
2020,11,29,-.32,-.382,-.274,-.3,-.203,-.171,-.25,-.624,-.637,-.215,-.283,-.315,-.262,-.278,-.204,-.169,-.224,-.465,-.466,-.211
2020,11,30,-.332,-.4,-.278,-.312,-.224,-.19,-.274,-.625,-.628,-.21,-.281,-.315,-.26,-.276,-.202,-.179,-.225,-.463,-.462,-.207
2020,12,1,-.303,-.366,-.252,-.284,-.2,-.132,-.225,-.608,-.63,-.217,-.277,-.31,-.255,-.273,-.201,-.157,-.217,-.461,-.463,-.208
2020,12,2,-.29,-.347,-.248,-.272,-.171,-.121,-.221,-.604,-.629,-.207,-.277,-.309,-.255,-.273,-.201,-.157,-.219,-.462,-.465,-.208
2020,12,3,-.28,-.337,-.235,-.262,-.16,-.103,-.218,-.603,-.629,-.196,-.277,-.309,-.254,-.273,-.2,-.157,-.22,-.464,-.466,-.208
2020,12,4,-.287,-.347,-.242,-.267,-.169,-.111,-.228,-.609,-.636,-.205,-.281,-.313,-.258,-.276,-.204,-.159,-.226,-.468,-.47,-.212
2020,12,5,-.29,-.35,-.247,-.269,-.177,-.115,-.235,-.606,-.63,-.212,-.278,-.31,-.256,-.273,-.205,-.155,-.223,-.466,-.468,-.212
2020,12,6,-.29,-.35,-.246,-.27,-.179,-.114,-.241,-.605,-.628,-.213,-.277,-.309,-.255,-.272,-.204,-.152,-.222,-.465,-.466,-.211
2020,12,7,-.295,-.358,-.248,-.275,-.184,-.106,-.236,-.615,-.64,-.218,-.284,-.318,-.261,-.279,-.21,-.158,-.23,-.468,-.47,-.218
2020,12,8,-.315,-.378,-.269,-.293,-.198,-.14,-.249,-.635,-.651,-.229,-.288,-.322,-.265,-.283,-.212,-.161,-.23,-.471,-.473,-.22
2020,12,9,-.32,-.387,-.274,-.296,-.208,-.152,-.254,-.637,-.65,-.22,-.288,-.324,-.265,-.282,-.212,-.167,-.231,-.472,-.472,-.219
2020,12,10,-.316,-.388,-.265,-.291,-.201,-.153,-.248,-.635,-.65,-.214,-.287,-.324,-.263,-.281,-.21,-.165,-.23,-.471,-.472,-.218
2020,12,11,-.318,-.39,-.265,-.293,-.2,-.158,-.245,-.637,-.652,-.212,-.288,-.326,-.263,-.283,-.211,-.166,-.231,-.471,-.472,-.218
2020,12,12,-.314,-.389,-.258,-.289,-.191,-.152,-.241,-.641,-.656,-.203,-.288,-.327,-.262,-.283,-.211,-.164,-.232,-.471,-.472,-.218
2020,12,13,-.317,-.393,-.258,-.292,-.195,-.156,-.236,-.645,-.66,-.207,-.288,-.328,-.262,-.283,-.21,-.165,-.231,-.472,-.473,-.218
2020,12,14,-.331,-.406,-.275,-.306,-.229,-.167,-.244,-.648,-.662,-.244,-.29,-.329,-.263,-.284,-.21,-.168,-.233,-.472,-.473,-.218
2020,12,15,-.325,-.4,-.27,-.301,-.225,-.153,-.238,-.645,-.661,-.24,-.29,-.329,-.263,-.284,-.21,-.171,-.236,-.472,-.473,-.217
2020,12,16,-.332,-.407,-.271,-.308,-.231,-.163,-.253,-.648,-.662,-.245,-.292,-.332,-.265,-.287,-.211,-.176,-.239,-.474,-.474,-.219
2020,12,17,-.341,-.421,-.279,-.316,-.242,-.171,-.266,-.651,-.665,-.257,-.299,-.343,-.269,-.293,-.216,-.185,-.251,-.477,-.477,-.225
2020,12,18,-.35,-.43,-.289,-.324,-.251,-.185,-.277,-.658,-.671,-.267,-.301,-.345,-.27,-.294,-.216,-.193,-.252,-.478,-.478,-.226
2020,12,19,-.359,-.439,-.295,-.333,-.266,-.185,-.28,-.665,-.677,-.283,-.3,-.345,-.27,-.294,-.214,-.194,-.251,-.479,-.478,-.226
2020,12,20,-.362,-.442,-.299,-.337,-.28,-.18,-.28,-.66,-.671,-.298,-.299,-.344,-.268,-.292,-.211,-.191,-.249,-.479,-.478,-.223
2020,12,21,-.349,-.428,-.282,-.324,-.254,-.175,-.279,-.65,-.66,-.27,-.295,-.34,-.264,-.289,-.205,-.194,-.252,-.477,-.476,-.219
2020,12,22,-.348,-.429,-.278,-.323,-.248,-.193,-.298,-.643,-.651,-.265,-.295,-.341,-.263,-.288,-.202,-.199,-.257,-.476,-.475,-.217
2020,12,23,-.342,-.424,-.273,-.317,-.243,-.186,-.282,-.636,-.643,-.261,-.29,-.336,-.258,-.284,-.195,-.193,-.251,-.472,-.471,-.211
2020,12,24,-.344,-.425,-.274,-.319,-.236,-.18,-.287,-.638,-.644,-.254,-.289,-.331,-.26,-.282,-.19,-.192,-.25,-.47,-.469,-.206
2020,12,25,-.366,-.441,-.301,-.344,-.268,-.182,-.272,-.66,-.668,-.287,-.297,-.341,-.266,-.291,-.203,-.193,-.238,-.477,-.476,-.221
2020,12,26,-.345,-.424,-.275,-.322,-.263,-.15,-.245,-.651,-.658,-.284,-.292,-.336,-.261,-.286,-.206,-.174,-.216,-.481,-.48,-.224
2020,12,27,-.325,-.406,-.249,-.303,-.237,-.116,-.218,-.652,-.658,-.261,-.281,-.326,-.248,-.276,-.197,-.148,-.19,-.482,-.481,-.217
2020,12,28,-.315,-.399,-.241,-.293,-.206,-.13,-.232,-.648,-.653,-.232,-.281,-.327,-.247,-.276,-.192,-.154,-.201,-.481,-.48,-.213
2020,12,29,-.322,-.403,-.253,-.298,-.209,-.132,-.244,-.65,-.654,-.232,-.29,-.334,-.258,-.285,-.199,-.162,-.214,-.482,-.481,-.219
2020,12,30,-.319,-.397,-.252,-.298,-.203,-.125,-.236,-.644,-.646,-.225,-.293,-.335,-.262,-.288,-.2,-.158,-.213,-.482,-.48,-.219
2020,12,31,-.31,-.387,-.236,-.293,-.189,-.102,-.219,-.637,-.637,-.211,-.294,-.33,-.269,-.29,-.199,-.151,-.207,-.481,-.479,-.217
2021,1,1,-.334,-.394,-.281,-.319,-.224,-.0591,-.187,-.648,-.655,-.243,-.343,-.376,-.316,-.342,-.287,-.172,-.236,-.521,-.523,-.311
2021,1,2,-.344,-.415,-.286,-.323,-.209,-.202,-.348,-.631,-.635,-.243,-.352,-.391,-.323,-.348,-.291,-.239,-.318,-.514,-.515,-.31
2021,1,3,-.353,-.419,-.304,-.332,-.21,-.228,-.382,-.622,-.625,-.236,-.362,-.399,-.334,-.358,-.3,-.255,-.336,-.512,-.513,-.315
2021,1,4,-.339,-.411,-.279,-.319,-.216,-.194,-.345,-.618,-.623,-.229,-.365,-.402,-.336,-.361,-.309,-.244,-.33,-.512,-.514,-.322
2021,1,5,-.333,-.41,-.265,-.314,-.225,-.172,-.3,-.622,-.627,-.236,-.363,-.402,-.333,-.359,-.311,-.231,-.316,-.513,-.515,-.325
2021,1,6,-.335,-.413,-.267,-.314,-.238,-.169,-.273,-.628,-.634,-.25,-.358,-.399,-.327,-.354,-.309,-.219,-.299,-.512,-.515,-.324
2021,1,7,-.325,-.4,-.261,-.304,-.223,-.156,-.281,-.624,-.63,-.235,-.35,-.388,-.322,-.347,-.3,-.21,-.29,-.511,-.513,-.316
2021,1,8,-.314,-.392,-.248,-.294,-.212,-.137,-.285,-.617,-.62,-.224,-.348,-.385,-.319,-.344,-.295,-.202,-.29,-.511,-.514,-.313
2021,1,9,-.299,-.38,-.231,-.278,-.203,-.11,-.268,-.612,-.614,-.197,-.336,-.376,-.306,-.332,-.279,-.193,-.287,-.51,-.512,-.298
2021,1,10,-.285,-.371,-.209,-.263,-.184,-.0891,-.263,-.611,-.615,-.185,-.331,-.372,-.3,-.326,-.272,-.191,-.288,-.51,-.512,-.293
2021,1,11,-.293,-.376,-.226,-.269,-.173,-.103,-.276,-.619,-.623,-.188,-.329,-.371,-.298,-.323,-.267,-.198,-.288,-.511,-.513,-.29
2021,1,12,-.298,-.379,-.234,-.274,-.17,-.115,-.293,-.623,-.628,-.19,-.328,-.369,-.296,-.323,-.263,-.206,-.293,-.514,-.515,-.288
2021,1,13,-.299,-.377,-.236,-.276,-.17,-.123,-.301,-.625,-.629,-.191,-.325,-.364,-.293,-.322,-.259,-.209,-.296,-.515,-.517,-.285
2021,1,14,-.292,-.367,-.228,-.271,-.168,-.118,-.279,-.62,-.628,-.19,-.326,-.363,-.293,-.324,-.261,-.21,-.297,-.516,-.519,-.287
2021,1,15,-.29,-.361,-.226,-.273,-.171,-.118,-.268,-.618,-.627,-.193,-.328,-.362,-.295,-.328,-.264,-.213,-.299,-.518,-.521,-.29
2021,1,16,-.29,-.358,-.226,-.273,-.178,-.115,-.258,-.615,-.625,-.201,-.33,-.362,-.296,-.331,-.267,-.214,-.3,-.519,-.523,-.294
2021,1,17,-.287,-.357,-.223,-.27,-.18,-.116,-.249,-.611,-.621,-.202,-.331,-.362,-.297,-.333,-.269,-.216,-.3,-.52,-.525,-.296
2021,1,18,-.307,-.375,-.245,-.29,-.196,-.128,-.247,-.625,-.634,-.215,-.332,-.363,-.299,-.334,-.269,-.222,-.298,-.522,-.527,-.297
2021,1,19,-.29,-.357,-.23,-.273,-.19,-.113,-.245,-.618,-.627,-.214,-.331,-.362,-.298,-.332,-.27,-.218,-.298,-.52,-.525,-.298
2021,1,20,-.284,-.35,-.222,-.269,-.194,-.0811,-.223,-.622,-.631,-.218,-.327,-.359,-.292,-.329,-.269,-.205,-.289,-.52,-.524,-.297
2021,1,21,-.283,-.352,-.218,-.267,-.199,-.0575,-.212,-.63,-.637,-.224,-.322,-.354,-.286,-.324,-.267,-.192,-.28,-.519,-.523,-.295
2021,1,22,-.29,-.355,-.236,-.272,-.195,-.112,-.248,-.622,-.628,-.217,-.33,-.361,-.297,-.331,-.269,-.212,-.297,-.52,-.524,-.297
2021,1,23,-.287,-.351,-.234,-.269,-.191,-.112,-.237,-.622,-.629,-.213,-.329,-.36,-.296,-.33,-.268,-.21,-.295,-.519,-.524,-.296
2021,1,24,-.285,-.348,-.234,-.268,-.189,-.111,-.23,-.625,-.632,-.213,-.328,-.359,-.296,-.329,-.267,-.211,-.293,-.52,-.524,-.295
2021,1,25,-.291,-.348,-.243,-.276,-.202,-.12,-.247,-.625,-.633,-.225,-.332,-.36,-.299,-.334,-.272,-.216,-.297,-.522,-.526,-.3
2021,1,26,-.302,-.358,-.255,-.286,-.21,-.133,-.256,-.631,-.638,-.234,-.335,-.362,-.303,-.338,-.277,-.222,-.3,-.523,-.527,-.305
2021,1,27,-.307,-.365,-.26,-.291,-.214,-.145,-.265,-.633,-.641,-.239,-.337,-.363,-.305,-.34,-.279,-.222,-.301,-.525,-.529,-.306
2021,1,28,-.307,-.367,-.258,-.29,-.213,-.146,-.258,-.633,-.641,-.239,-.337,-.364,-.305,-.339,-.28,-.226,-.299,-.525,-.528,-.308
2021,1,29,-.302,-.363,-.249,-.285,-.211,-.133,-.249,-.631,-.639,-.238,-.335,-.363,-.303,-.337,-.28,-.226,-.297,-.525,-.528,-.308
2021,1,30,-.291,-.355,-.237,-.273,-.199,-.119,-.236,-.626,-.634,-.227,-.327,-.356,-.297,-.329,-.274,-.219,-.289,-.521,-.524,-.302
2021,1,31,-.294,-.357,-.242,-.276,-.204,-.123,-.238,-.626,-.634,-.23,-.326,-.356,-.296,-.328,-.274,-.223,-.287,-.52,-.523,-.302
2021,2,1,-.311,-.375,-.265,-.29,-.21,-.144,-.272,-.614,-.635,-.239,-.332,-.368,-.297,-.332,-.279,-.231,-.3,-.521,-.525,-.307
2021,2,2,-.308,-.369,-.266,-.288,-.197,-.139,-.279,-.608,-.634,-.247,-.335,-.374,-.3,-.334,-.282,-.232,-.306,-.522,-.526,-.31
2021,2,3,-.297,-.359,-.248,-.278,-.195,-.119,-.271,-.597,-.626,-.242,-.332,-.372,-.295,-.331,-.28,-.226,-.304,-.519,-.524,-.309
2021,2,4,-.303,-.364,-.252,-.285,-.208,-.119,-.277,-.596,-.624,-.243,-.333,-.372,-.296,-.332,-.282,-.226,-.304,-.518,-.523,-.31
2021,2,5,-.314,-.373,-.264,-.298,-.222,-.133,-.283,-.599,-.626,-.25,-.336,-.373,-.3,-.335,-.284,-.231,-.307,-.518,-.523,-.312
2021,2,6,-.326,-.383,-.278,-.311,-.237,-.152,-.299,-.601,-.628,-.265,-.343,-.379,-.308,-.344,-.292,-.239,-.315,-.521,-.526,-.319
2021,2,7,-.329,-.388,-.278,-.313,-.239,-.158,-.3,-.605,-.631,-.267,-.346,-.382,-.31,-.346,-.294,-.243,-.317,-.522,-.526,-.321
2021,2,8,-.317,-.375,-.261,-.305,-.235,-.151,-.274,-.612,-.63,-.259,-.34,-.369,-.308,-.341,-.289,-.238,-.305,-.52,-.523,-.316
2021,2,9,-.321,-.378,-.265,-.31,-.247,-.155,-.27,-.615,-.631,-.253,-.336,-.362,-.306,-.338,-.285,-.238,-.298,-.518,-.522,-.313
2021,2,10,-.33,-.387,-.279,-.316,-.241,-.162,-.282,-.626,-.638,-.248,-.342,-.366,-.313,-.344,-.291,-.242,-.305,-.522,-.525,-.319
2021,2,11,-.329,-.384,-.28,-.315,-.232,-.166,-.286,-.624,-.638,-.251,-.345,-.369,-.318,-.347,-.294,-.247,-.31,-.523,-.526,-.322
2021,2,12,-.323,-.378,-.277,-.307,-.216,-.171,-.286,-.617,-.632,-.239,-.344,-.367,-.318,-.346,-.293,-.245,-.31,-.523,-.526,-.321
2021,2,13,-.328,-.382,-.284,-.313,-.23,-.168,-.288,-.615,-.629,-.254,-.347,-.37,-.321,-.349,-.295,-.247,-.313,-.524,-.527,-.324
2021,2,14,-.335,-.384,-.294,-.321,-.249,-.161,-.282,-.612,-.626,-.273,-.347,-.368,-.322,-.349,-.294,-.245,-.312,-.525,-.528,-.323
2021,2,15,-.363,-.404,-.327,-.354,-.292,-.173,-.306,-.624,-.634,-.314,-.349,-.367,-.327,-.351,-.295,-.243,-.319,-.524,-.525,-.325
2021,2,16,-.367,-.411,-.33,-.355,-.289,-.196,-.327,-.626,-.637,-.313,-.364,-.38,-.345,-.367,-.311,-.267,-.335,-.534,-.536,-.339
2021,2,17,-.378,-.417,-.343,-.367,-.31,-.196,-.327,-.629,-.641,-.335,-.368,-.38,-.353,-.37,-.317,-.266,-.335,-.536,-.538,-.344
2021,2,18,-.393,-.435,-.357,-.382,-.338,-.196,-.33,-.64,-.649,-.363,-.377,-.391,-.361,-.377,-.326,-.268,-.345,-.541,-.543,-.354
2021,2,19,-.408,-.453,-.375,-.394,-.355,-.235,-.36,-.636,-.645,-.379,-.388,-.405,-.374,-.387,-.335,-.289,-.365,-.543,-.545,-.362
2021,2,20,-.399,-.442,-.37,-.384,-.344,-.227,-.348,-.631,-.639,-.369,-.381,-.395,-.37,-.38,-.33,-.281,-.355,-.539,-.542,-.357
2021,2,21,-.39,-.436,-.36,-.375,-.328,-.234,-.351,-.623,-.631,-.353,-.38,-.394,-.368,-.378,-.331,-.282,-.354,-.536,-.539,-.359
2021,2,22,-.384,-.428,-.356,-.368,-.331,-.217,-.329,-.617,-.624,-.356,-.379,-.393,-.367,-.377,-.332,-.277,-.353,-.534,-.537,-.359
2021,2,23,-.359,-.411,-.324,-.343,-.301,-.193,-.293,-.607,-.615,-.327,-.359,-.38,-.341,-.358,-.313,-.254,-.328,-.523,-.527,-.341
2021,2,24,-.339,-.396,-.297,-.323,-.28,-.172,-.274,-.597,-.605,-.306,-.346,-.371,-.322,-.345,-.3,-.24,-.315,-.515,-.519,-.328
2021,2,25,-.317,-.37,-.275,-.303,-.249,-.15,-.251,-.588,-.598,-.277,-.328,-.352,-.303,-.33,-.282,-.223,-.293,-.507,-.512,-.311
2021,2,26,-.304,-.356,-.263,-.289,-.238,-.137,-.238,-.581,-.591,-.265,-.321,-.345,-.294,-.322,-.277,-.215,-.284,-.503,-.508,-.305
2021,2,27,-.321,-.365,-.293,-.307,-.254,-.167,-.257,-.577,-.589,-.282,-.325,-.351,-.296,-.326,-.28,-.223,-.294,-.502,-.508,-.308
2021,2,28,-.334,-.371,-.315,-.321,-.27,-.188,-.271,-.576,-.589,-.301,-.325,-.352,-.298,-.326,-.28,-.226,-.294,-.501,-.507,-.309
2021,3,1,-.339,-.37,-.329,-.324,-.271,-.179,-.289,-.568,-.586,-.308,-.324,-.35,-.297,-.325,-.28,-.223,-.295,-.5,-.506,-.308
2021,3,2,-.335,-.36,-.33,-.322,-.265,-.166,-.289,-.568,-.586,-.316,-.323,-.349,-.297,-.324,-.28,-.219,-.294,-.5,-.506,-.308
2021,3,3,-.329,-.357,-.318,-.317,-.267,-.155,-.286,-.566,-.585,-.317,-.322,-.349,-.295,-.323,-.28,-.216,-.294,-.499,-.506,-.309
2021,3,4,-.335,-.364,-.321,-.323,-.279,-.159,-.291,-.567,-.587,-.32,-.322,-.349,-.295,-.324,-.281,-.215,-.294,-.498,-.506,-.31
2021,3,5,-.338,-.366,-.325,-.327,-.283,-.16,-.297,-.567,-.587,-.321,-.323,-.35,-.295,-.324,-.281,-.215,-.294,-.498,-.505,-.31
2021,3,6,-.328,-.364,-.302,-.317,-.271,-.148,-.297,-.566,-.587,-.306,-.323,-.35,-.294,-.324,-.281,-.215,-.293,-.497,-.505,-.309
2021,3,7,-.319,-.362,-.287,-.306,-.259,-.138,-.297,-.562,-.583,-.29,-.323,-.351,-.294,-.324,-.282,-.214,-.296,-.497,-.504,-.31
2021,3,8,-.308,-.358,-.264,-.297,-.251,-.135,-.281,-.565,-.582,-.276,-.323,-.351,-.293,-.324,-.281,-.214,-.295,-.496,-.504,-.309
2021,3,9,-.313,-.368,-.265,-.3,-.261,-.145,-.279,-.565,-.581,-.27,-.323,-.352,-.293,-.324,-.281,-.216,-.296,-.496,-.503,-.309
2021,3,10,-.316,-.366,-.274,-.302,-.254,-.144,-.28,-.565,-.581,-.264,-.325,-.352,-.296,-.326,-.282,-.217,-.297,-.496,-.503,-.31
2021,3,11,-.312,-.364,-.27,-.299,-.243,-.145,-.277,-.565,-.58,-.264,-.326,-.354,-.297,-.327,-.284,-.22,-.299,-.496,-.503,-.312
2021,3,12,-.309,-.365,-.265,-.294,-.236,-.144,-.276,-.562,-.576,-.26,-.327,-.355,-.299,-.329,-.285,-.22,-.3,-.496,-.503,-.313
2021,3,13,-.299,-.361,-.246,-.284,-.221,-.137,-.266,-.557,-.571,-.245,-.326,-.354,-.297,-.328,-.284,-.216,-.298,-.496,-.503,-.313
2021,3,14,-.295,-.36,-.239,-.28,-.217,-.126,-.254,-.558,-.571,-.243,-.325,-.353,-.296,-.327,-.284,-.214,-.295,-.497,-.503,-.313
2021,3,15,-.292,-.363,-.226,-.276,-.214,-.121,-.253,-.557,-.57,-.239,-.326,-.355,-.296,-.328,-.285,-.215,-.296,-.497,-.504,-.314
2021,3,16,-.282,-.36,-.206,-.268,-.199,-.109,-.253,-.554,-.566,-.224,-.326,-.355,-.295,-.328,-.286,-.213,-.297,-.498,-.504,-.314
2021,3,17,-.265,-.355,-.174,-.25,-.174,-.085,-.247,-.549,-.559,-.197,-.325,-.355,-.293,-.327,-.285,-.208,-.296,-.498,-.505,-.313
2021,3,18,-.25,-.351,-.146,-.233,-.152,-.0664,-.238,-.54,-.551,-.175,-.324,-.354,-.291,-.326,-.284,-.204,-.296,-.498,-.505,-.313
2021,3,19,-.237,-.344,-.122,-.221,-.131,-.0573,-.237,-.532,-.543,-.153,-.323,-.354,-.288,-.325,-.282,-.203,-.296,-.498,-.505,-.311
2021,3,20,-.235,-.341,-.121,-.217,-.123,-.054,-.236,-.527,-.539,-.146,-.323,-.355,-.289,-.325,-.283,-.205,-.295,-.498,-.505,-.312
2021,3,21,-.229,-.334,-.115,-.212,-.115,-.0548,-.232,-.519,-.532,-.137,-.323,-.354,-.289,-.325,-.283,-.206,-.294,-.497,-.504,-.312
2021,3,22,-.22,-.325,-.109,-.204,-.105,-.0422,-.214,-.514,-.528,-.127,-.321,-.352,-.287,-.323,-.281,-.201,-.29,-.496,-.503,-.31
2021,3,23,-.22,-.324,-.111,-.202,-.102,-.0488,-.209,-.512,-.526,-.124,-.321,-.351,-.288,-.323,-.279,-.202,-.29,-.495,-.503,-.309
2021,3,24,-.233,-.329,-.135,-.215,-.117,-.0778,-.213,-.515,-.53,-.139,-.322,-.351,-.289,-.324,-.281,-.207,-.29,-.496,-.503,-.31
2021,3,25,-.238,-.326,-.147,-.222,-.126,-.087,-.216,-.516,-.531,-.148,-.323,-.351,-.291,-.325,-.282,-.21,-.29,-.496,-.503,-.311
2021,3,26,-.242,-.327,-.159,-.225,-.136,-.0933,-.215,-.515,-.53,-.159,-.322,-.349,-.291,-.324,-.281,-.212,-.289,-.493,-.501,-.31
2021,3,27,-.245,-.331,-.164,-.227,-.151,-.0991,-.211,-.515,-.53,-.174,-.32,-.348,-.288,-.321,-.278,-.21,-.286,-.492,-.499,-.308
2021,3,28,-.252,-.337,-.169,-.233,-.164,-.0986,-.215,-.518,-.532,-.188,-.321,-.349,-.289,-.322,-.28,-.212,-.286,-.493,-.5,-.309
2021,3,29,-.259,-.344,-.179,-.239,-.173,-.118,-.237,-.519,-.532,-.196,-.322,-.351,-.291,-.324,-.281,-.218,-.289,-.494,-.501,-.31
2021,3,30,-.26,-.344,-.181,-.24,-.181,-.123,-.242,-.52,-.534,-.204,-.323,-.352,-.292,-.325,-.282,-.222,-.291,-.496,-.503,-.311
2021,3,31,-.256,-.34,-.18,-.236,-.181,-.119,-.241,-.519,-.533,-.204,-.324,-.354,-.292,-.325,-.283,-.225,-.292,-.498,-.505,-.311
2021,4,1,-.262,-.346,-.188,-.24,-.179,-.125,-.266,-.517,-.533,-.207,-.325,-.356,-.293,-.326,-.283,-.227,-.296,-.5,-.507,-.312
2021,4,2,-.275,-.356,-.202,-.254,-.183,-.165,-.294,-.528,-.546,-.221,-.343,-.372,-.312,-.345,-.3,-.254,-.322,-.513,-.521,-.327
2021,4,3,-.296,-.37,-.232,-.277,-.209,-.179,-.31,-.546,-.566,-.243,-.358,-.385,-.328,-.36,-.316,-.271,-.333,-.526,-.534,-.342
2021,4,4,-.318,-.391,-.252,-.3,-.246,-.191,-.316,-.569,-.59,-.27,-.374,-.403,-.341,-.377,-.333,-.283,-.339,-.545,-.554,-.36
2021,4,5,-.322,-.394,-.257,-.304,-.258,-.193,-.32,-.573,-.596,-.279,-.386,-.414,-.353,-.389,-.345,-.293,-.354,-.555,-.565,-.372
2021,4,6,-.326,-.397,-.263,-.309,-.266,-.194,-.325,-.576,-.601,-.286,-.397,-.424,-.364,-.401,-.357,-.303,-.365,-.563,-.574,-.384
2021,4,7,-.324,-.399,-.254,-.306,-.269,-.193,-.329,-.576,-.6,-.29,-.398,-.425,-.364,-.402,-.358,-.302,-.366,-.563,-.575,-.385
2021,4,8,-.319,-.399,-.242,-.301,-.274,-.196,-.316,-.577,-.599,-.289,-.398,-.425,-.363,-.402,-.358,-.306,-.367,-.563,-.575,-.384
2021,4,9,-.307,-.39,-.228,-.289,-.273,-.164,-.293,-.566,-.587,-.279,-.384,-.414,-.348,-.388,-.345,-.284,-.345,-.555,-.567,-.372
2021,4,10,-.291,-.379,-.204,-.272,-.254,-.16,-.282,-.547,-.568,-.263,-.374,-.405,-.338,-.377,-.334,-.275,-.338,-.546,-.557,-.362
2021,4,11,-.266,-.355,-.182,-.245,-.215,-.154,-.27,-.521,-.542,-.234,-.358,-.388,-.325,-.36,-.317,-.266,-.332,-.528,-.539,-.345
2021,4,12,-.259,-.35,-.176,-.237,-.203,-.144,-.251,-.519,-.539,-.227,-.347,-.378,-.313,-.349,-.306,-.256,-.315,-.52,-.53,-.334
2021,4,13,-.255,-.347,-.17,-.233,-.192,-.14,-.245,-.516,-.537,-.217,-.336,-.368,-.302,-.338,-.295,-.249,-.304,-.512,-.521,-.322
2021,4,14,-.264,-.349,-.187,-.242,-.197,-.143,-.244,-.519,-.54,-.222,-.336,-.368,-.303,-.337,-.295,-.252,-.303,-.512,-.521,-.322
