year,month,day_endofweek,statefips,engagement,badges,engagement_inchigh,badges_inchigh,engagement_inclow,badges_inclow,engagement_incmiddle,badges_incmiddle
2020,2,23,1,-.0122,.0234,-.0689,.0542,-.0178,.0272,.00361,.0138
2020,4,26,1,-.68,-.523,-.0881,.63,-.776,-.691,-.639,-.466
2020,5,3,1,-.714,-.587,.0737,.665,-.815,-.766,-.67,-.523
2020,1,26,1,-.0245,-.0957,-.0641,-.0837,-.0166,-.0873,-.0292,-.109
2020,2,9,1,.0126,.0666,.039,.614,-.00586,.0477,.0334,.0117
2020,2,2,1,.016,.068,-.139,.136,.0525,.0982,-.0102,.0179
2020,4,5,1,-.787,-.728,-.679,-.462,-.8,-.768,-.785,-.714
2020,4,19,1,-.629,-.492,-.0192,.47,-.728,-.635,-.587,-.441
2020,4,12,1,-.611,-.479,-.0572,.307,-.709,-.637,-.56,-.382
2020,1,19,1,.0199,.039,-.000546,-.201,-.0125,.0205,.0658,.0981
2020,2,16,1,-.027,.00964,.112,.623,-.0227,.038,-.053,-.118
2020,3,29,1,-.82,-.758,-.838,-.606,-.841,-.808,-.79,-.712
2020,3,22,1,-.64,-.633,-.623,-.345,-.669,-.681,-.603,-.611
2020,3,15,1,-.0222,.0612,.119,.268,-.0714,.0703,.0229,.0187
2020,1,12,1,-.0123,.0831,.2,.338,-.0394,.01,-.01,.17
2020,3,1,1,.0565,.231,.149,.154,.0442,.26,.0594,.204
2020,3,8,1,-.00206,.16,-.0128,.141,-.00728,.203,.0065,.104
2020,2,16,2,.066,.287,-.223,.242,.254,.568,-.103,-.195
2020,4,12,2,-.835,-.667,-.746,-.376,-.977,-.952,-.631,-.304
2020,4,26,2,-.835,-.597,-.618,.167,-.977,-.988,-.706,-.29
2020,1,12,2,.166,.365,.365,.463,.0778,.133,.257,1.01
2020,3,22,2,-.936,-.818,-.83,-.385,-.981,-.987,-.916,-.74
2020,4,5,2,-.731,-.456,-.562,.161,-.926,-.914,-.48,.0489
2020,3,15,2,-.253,-.261,-.279,-.0788,.00194,-.0678,-.698,-.705
2020,3,1,2,-.0409,-.0026,.0224,.773,.036,-.0274,-.217,-.363
2020,2,9,2,.102,.322,-.218,.645,.166,.384,.177,.0399
2020,3,29,2,-.845,-.614,-.647,-.0691,-.944,-.96,-.782,-.274
2020,4,19,2,-.825,-.644,-.703,-.188,-.977,-.99,-.623,-.256
2020,2,2,2,.0304,.000803,-.113,-.0182,.0592,.118,.0631,-.201
2020,5,3,2,-.847,-.62,-.661,.103,-.981,-.922,-.715,-.452
2020,2,23,2,-.142,-.0584,-.348,-.0646,.0453,.208,-.357,-.536
2020,3,8,2,-.131,-.165,-.11,.45,-.0234,-.162,-.338,-.492
2020,1,26,2,-.0486,-.116,-.451,-.404,-.0388,-.0577,.149,-.07
2020,1,19,2,-.0668,-.0554,-.289,-.181,-.091,.0303,.0957,-.144
2020,1,26,4,-.0396,-.136,-.0414,-.11,-.0476,-.156,-.0354,-.136
2020,2,23,4,-.0262,-.0526,-.0369,-.0825,-.0464,-.135,-.0137,-.00617
2020,5,3,4,-.341,-.0535,.105,.709,-.534,-.333,-.404,-.2
2020,2,9,4,.0393,.148,.0298,.0865,.0564,.154,.0351,.167
2020,1,12,4,.0196,.0839,.0189,.0865,.0284,.0989,.0159,.0764
2020,3,22,4,-.691,-.618,-.562,-.392,-.697,-.634,-.734,-.69
2020,3,8,4,-.0349,.0307,-.0959,-.0341,-.0267,-.0251,-.0174,.0776
2020,4,19,4,-.272,.0681,.175,.77,-.479,-.241,-.335,-.0385
2020,4,26,4,-.288,.0404,.199,.727,-.502,-.279,-.362,-.0583
2020,3,29,4,-.53,-.375,-.25,.0531,-.652,-.492,-.572,-.471
2020,1,19,4,.0101,-.000218,.0312,.0395,-.0104,-.0283,.0118,-.00163
2020,4,5,4,-.356,-.0336,.117,.77,-.644,-.497,-.394,-.108
2020,2,16,4,.0091,.0455,-.0178,.0437,.00277,-.0806,.0212,.102
2020,3,15,4,-.38,-.314,-.29,-.212,-.546,-.519,-.338,-.259
2020,3,1,4,.0039,.116,-.0274,.102,.0102,.071,.0119,.14
2020,4,12,4,-.292,.00665,.151,.655,-.536,-.366,-.338,-.0537
2020,2,2,4,.0248,.071,.00664,.043,.047,.0993,.0214,.0683
2020,2,2,5,.00276,.0615,.,.,-.00277,.0506,.00925,.0758
2020,1,12,5,.0344,.0721,.,.,.0212,.0522,.0584,.114
2020,3,22,5,-.772,-.752,.,.,-.795,-.788,-.742,-.702
2020,3,8,5,.0119,.252,.,.,.0399,.27,-.0371,.218
2020,4,19,5,-.576,-.395,.,.,-.76,-.673,-.291,.0352
2020,4,26,5,-.606,-.466,.,.,-.787,-.72,-.327,-.0684
2020,1,19,5,.0571,.0195,.,.,.0449,.0152,.0778,.0287
2020,4,12,5,-.555,-.426,.,.,-.732,-.663,-.284,-.0602
2020,4,5,5,-.707,-.682,.,.,-.76,-.738,-.63,-.597
2020,5,3,5,-.634,-.534,.,.,-.818,-.774,-.351,-.134
2020,1,26,5,-.0612,-.152,.,.,-.0538,-.138,-.0731,-.179
2020,2,23,5,-.0248,.0687,.,.,-.0339,.0284,-.0148,.128
2020,2,9,5,.00152,.0944,.,.,.00276,.074,-.00117,.125
2020,2,16,5,-.0206,.0405,.,.,-.00813,.00123,-.0441,.0982
2020,3,1,5,.0545,.248,.,.,.062,.248,.0378,.242
2020,3,29,5,-.9,-.88,.,.,-.921,-.907,-.872,-.843
2020,3,15,5,.0176,.155,.,.,.0444,.179,-.029,.113
2020,5,3,6,-.0502,.416,.122,.646,-.246,.124,-.109,.353
2020,4,12,6,-.242,.104,-.109,.242,-.451,-.0818,-.271,.0661
2020,3,15,6,.146,.289,.123,.274,.264,.442,.128,.257
2020,4,5,6,-.269,.0768,-.0722,.329,-.426,-.105,-.354,-.0367
2020,2,9,6,.123,.223,.0766,.164,.227,.365,.124,.222
2020,3,8,6,.113,.254,.0901,.232,.24,.442,.0941,.217
2020,4,19,6,-.0899,.335,.0893,.565,-.301,.117,-.148,.247
2020,1,19,6,.0705,.0477,.0549,.0446,.16,.0586,.0561,.0467
2020,3,1,6,.129,.242,.101,.2,.233,.434,.119,.217
2020,1,12,6,.019,.0391,.0265,.0555,.0233,.0166,.013,.0307
2020,2,23,6,-.0344,-.0538,-.0881,-.103,.0659,.0723,-.0269,-.0561
2020,3,22,6,-.329,-.0636,-.172,.207,-.483,-.227,-.389,-.194
2020,4,26,6,-.00435,.496,.163,.716,-.204,.255,-.0579,.421
2020,1,26,6,.017,-.0742,-.0119,-.104,.111,.0272,.0099,-.0828
2020,2,16,6,.0338,.0277,.00692,.00406,.122,.164,.0271,.00567
2020,3,29,6,-.347,.0175,-.132,.325,-.501,-.148,-.444,-.137
2020,2,2,6,.11,.16,.0629,.12,.214,.279,.112,.153
2020,3,1,8,.0624,.153,.0447,.15,.0578,.178,.0706,.146
2020,4,5,8,.0211,.465,.041,.338,-.0431,.283,.0322,.568
2020,2,23,8,-.0118,-.0343,-.0234,-.124,.0121,.0717,-.0143,-.0302
2020,1,12,8,-.0354,-.0656,-.0341,-.108,-.0177,-.0604,-.0418,-.0479
2020,2,2,8,.0346,.0732,.0621,.128,.0496,.141,.0194,.0317
2020,5,3,8,.0815,.539,.254,.455,-.0205,.387,.0467,.618
2020,4,19,8,.16,.731,.283,.639,.076,.614,.137,.801
2020,1,19,8,.0261,.0564,-.00335,.0316,.0188,-.0411,.0398,.0954
2020,2,16,8,-.0106,-.0309,-.0449,-.158,.0133,.138,-.00414,-.0307
2020,3,8,8,-.0032,.154,-.00512,.133,.00432,.0836,-.00466,.182
2020,4,12,8,.189,.718,.364,.647,.11,.578,.144,.788
2020,1,26,8,-.0217,-.0728,-.0391,-.0561,-.0524,-.0652,-.00595,-.0816
2020,3,22,8,-.526,-.393,-.514,-.336,-.668,-.574,-.488,-.362
2020,3,15,8,.0247,.0787,.0302,.0762,.0319,.127,.0204,.0655
2020,2,9,8,-.0137,-.00358,-.032,-.0757,.0167,.16,-.0154,-.0234
2020,3,29,8,-.475,-.32,-.441,-.224,-.592,-.521,-.454,-.298
2020,4,26,8,.132,.63,.286,.628,.0516,.483,.0964,.674
2020,1,26,9,-.0564,-.148,-.0582,-.113,-.0336,-.142,-.0755,-.222
2020,3,22,9,-.224,.241,-.00939,.546,-.347,.273,-.509,-.374
2020,4,19,9,.123,.694,-.0587,.459,.747,1.55,-.154,.284
2020,4,5,9,.552,1.28,.294,.964,1.29,2.14,.31,1.02
2020,3,1,9,.0228,.0778,-.00469,.0746,.114,.203,-.0155,-.0411
2020,2,16,9,-.0241,.0174,-.0432,-.00589,.0482,.0967,-.0599,-.0174
2020,1,12,9,.0291,.131,.0223,.136,.00537,.0638,.0637,.177
2020,4,12,9,.502,1.18,.274,.911,1.23,2.13,.21,.746
2020,4,26,9,.572,1.24,.381,.964,1.28,2.14,.229,.851
2020,5,3,9,.52,1.25,.3,.85,1.27,2.17,.218,.913
2020,2,23,9,-.144,-.24,-.193,-.24,-.0513,-.0977,-.145,-.382
2020,2,2,9,.0022,.0318,-.00955,.0119,.0151,.089,.0117,.0125
2020,3,29,9,.0929,.614,.285,.84,.0814,.878,-.261,-.081
2020,3,15,9,.0921,.213,.119,.331,.0651,.182,.067,.0186
2020,1,19,9,.0273,.000537,.0297,-.0491,.0334,.0113,.0165,.0845
2020,3,8,9,.0193,.0779,-.00379,.109,.0689,.0847,.0138,.0124
2020,2,9,9,-.0277,.0659,-.0679,.00757,.0285,.121,-.0072,.123
2020,5,3,10,-.101,.303,-.416,-.429,-.14,.859,.118,.769
2020,3,22,10,-.275,.286,-.608,-.545,-.701,-.645,.05,1.07
2020,4,12,10,-.126,.342,-.522,-.55,-.323,.834,.207,.935
2020,1,12,10,.136,.139,.0127,.0593,-.208,-.168,.272,.237
2020,3,15,10,-.123,-.112,-.337,-.524,-.344,-.298,.076,.233
2020,2,9,10,-.108,-.0867,-.148,-.324,-.121,-.0319,-.0756,.0841
2020,3,8,10,-.0729,-.0427,-.228,-.329,-.213,-.108,.0687,.186
2020,4,5,10,.0129,.606,-.452,-.484,-.274,.862,.414,1.39
2020,3,1,10,-.0726,.0555,-.198,-.119,-.0938,-.0217,.0257,.201
2020,4,26,10,-.0802,.361,-.452,-.422,-.204,.979,.223,.85
2020,1,19,10,-.109,-.0978,-.0292,-.0259,-.436,-.552,-.123,-.0871
2020,2,23,10,-.154,-.122,-.181,-.202,-.35,-.342,-.0998,-.0233
2020,1,26,10,-.0174,-.158,.0734,-.0895,.377,-.0867,-.143,-.221
2020,3,29,10,-.0745,.44,-.575,-.511,-.67,-.566,.406,1.33
2020,2,16,10,-.105,-.0449,-.134,-.279,-.387,-.116,-.0357,.145
2020,4,19,10,-.0834,.33,-.489,-.528,-.195,.812,.243,.898
2020,2,2,10,.03,.124,-.0518,.0561,.352,.16,.0374,.17
2020,4,26,11,-.0288,.42,.291,.872,-.226,.221,-.469,-.369
2020,4,12,11,.0201,.463,.448,1.06,-.297,.0096,-.452,-.176
2020,2,9,11,-.0183,.134,-.0385,.223,.00273,.104,-.00817,-.0347
2020,3,8,11,.043,.235,-.0698,.156,.202,.501,.0159,-.0978
2020,4,19,11,-.068,.35,.324,.921,-.345,-.0137,-.527,-.402
2020,1,19,11,.0313,.00796,.00823,-.0457,.0404,.0137,.0729,.136
2020,2,23,11,-.348,-.251,-.364,-.21,-.291,-.189,-.418,-.486
2020,4,5,11,.0329,.486,.44,1.12,-.272,-.0375,-.408,-.0924
2020,1,26,11,-.0207,-.193,-.0265,-.156,-.0166,-.26,-.0139,-.151
2020,1,12,11,.17,.46,.144,.479,.248,.506,.0876,.3
2020,2,2,11,-.139,-.207,-.116,-.141,-.184,-.269,-.106,-.255
2020,2,16,11,-.0321,.0974,-.0284,.17,.01,.135,-.127,-.167
2020,3,15,11,.087,.224,.0686,.249,.178,.327,-.0485,-.0464
2020,3,29,11,-.0607,.394,.223,.935,-.318,-.0644,-.278,-.0876
2020,5,3,11,-.0411,.351,.272,.804,-.233,.15,-.471,-.417
2020,3,1,11,.0188,.136,-.0144,.0956,.123,.382,-.105,-.256
2020,3,22,11,-.388,-.0898,-.248,.167,-.498,-.3,-.529,-.334
2020,1,12,12,-.031,-.0693,.0285,-.0157,-.0632,-.105,-.0257,-.062
2020,1,19,12,.0599,.0459,.0637,.0315,.0566,.0345,.0611,.0564
2020,3,22,12,-.743,-.628,-.553,-.421,-.845,-.775,-.724,-.585
2020,3,8,12,.0764,.297,-.0338,.0337,.109,.283,.0821,.368
2020,1,26,12,-.0384,-.0981,-.101,-.108,-.0205,-.102,-.035,-.0937
2020,5,3,12,-.366,-.0353,-.218,.186,-.481,-.362,-.327,.117
2020,3,29,12,-.507,-.346,-.235,.0453,-.651,-.6,-.481,-.279
2020,2,16,12,.0658,.187,-.037,.0128,.127,.19,.0515,.226
2020,2,2,12,.0433,.135,.0329,.117,.0582,.194,.0363,.103
2020,3,1,12,.0915,.303,.0215,.171,.105,.256,.0992,.363
2020,2,9,12,.0494,.162,-.0079,.0447,.0847,.188,.0406,.173
2020,3,15,12,-.0618,.0582,-.141,-.103,-.109,-.0443,-.0138,.16
2020,4,5,12,-.119,.179,.112,.469,-.296,-.157,-.0609,.322
2020,4,26,12,-.296,.0495,-.143,.199,-.446,-.251,-.239,.203
2020,4,19,12,-.259,.0937,-.0404,.334,-.421,-.241,-.208,.247
2020,2,23,12,.0146,.131,-.0946,-.0359,.0582,.0743,.0127,.206
2020,4,12,12,-.24,.0899,-.0702,.288,-.393,-.236,-.184,.248
2020,4,5,13,-.35,.0188,-.038,.59,-.592,-.459,-.26,.212
2020,1,19,13,.0417,.0253,-.0218,-.00834,.0599,.0356,.0484,.0283
2020,1,12,13,.00454,.055,.0444,.118,-.00572,.0219,-.00168,.0557
2020,5,3,13,-.481,-.25,-.282,.144,-.696,-.612,-.371,-.0584
2020,4,26,13,-.408,-.0349,-.164,.381,-.639,-.448,-.305,.159
2020,2,2,13,.0504,.0656,.0451,.0492,.0625,.0664,.0425,.0704
2020,3,8,13,-.0178,.0992,-.0442,.139,-.0136,.066,-.0124,.113
2020,2,23,13,-.141,-.143,-.26,-.23,-.0687,-.135,-.16,-.121
2020,2,16,13,-.036,-.0444,-.06,-.0469,-.0364,-.0784,-.0277,-.0163
2020,2,9,13,.0224,.0505,-.0157,.0682,.0133,-.00121,.0423,.086
2020,3,15,13,-.0304,.00311,.0533,.0739,-.0586,-.0611,-.0357,.0311
2020,3,22,13,-.281,.0977,.138,.794,-.556,-.394,-.2,.26
2020,1,26,13,-.0372,-.128,-.0814,-.153,-.0194,-.14,-.0368,-.111
2020,3,29,13,-.296,.183,.0984,.866,-.567,-.355,-.211,.388
2020,3,1,13,.0235,.13,-.0516,.0956,.0616,.141,.018,.133
2020,4,12,13,-.561,-.286,-.373,.0564,-.731,-.618,-.487,-.134
2020,4,19,13,-.388,-.0588,-.139,.312,-.608,-.454,-.294,.135
2020,3,8,15,-.0127,.138,-.0103,.2,.,.,-.0143,.0969
2020,4,12,15,-.377,.0605,-.282,.109,.,.,-.439,.0289
2020,1,19,15,.0526,.15,.0696,.0975,.,.,.0419,.184
2020,1,12,15,-.0852,-.046,-.0903,-.162,.,.,-.082,.029
2020,2,23,15,-.0959,-.0616,-.0458,.0778,.,.,-.129,-.153
2020,3,29,15,-.626,-.466,-.607,-.566,.,.,-.638,-.4
2020,5,3,15,-.375,.118,-.276,.281,.,.,-.439,.0182
2020,2,16,15,-.189,-.039,-.0987,.167,.,.,-.248,-.174
2020,3,15,15,-.0754,.00174,-.0994,-.107,.,.,-.0597,.0728
2020,3,22,15,-.857,-.705,-.789,-.879,.,.,-.9,-.591
2020,2,2,15,.033,.12,.0464,.255,.,.,.0242,.0348
2020,4,26,15,-.359,.151,-.211,.349,.,.,-.456,.0209
2020,4,19,15,-.364,.103,-.269,.22,.,.,-.425,.0255
2020,3,1,15,-.00228,.13,.0404,.174,.,.,-.0302,.101
2020,2,9,15,.0502,.22,.0795,.432,.,.,.0311,.0817
2020,1,26,15,-.0157,-.0993,-.0575,-.124,.,.,.0107,-.0839
2020,4,5,15,-.363,.129,-.314,.123,.,.,-.395,.132
2020,2,23,16,.0354,.00408,.159,-.0729,.068,.103,.0204,-.00768
2020,1,26,16,-.0375,-.119,-.00123,.0801,-.0844,-.178,-.0319,-.123
2020,3,1,16,.00842,.036,-.0045,.11,.118,.308,-.01,-.0178
2020,1,19,16,-.0362,-.0739,-.0913,-.128,-.027,-.0752,-.0338,-.0696
2020,1,12,16,.0127,.038,-.0815,-.19,.0323,.0907,.0166,.0475
2020,3,8,16,.0429,.113,.0675,.111,.0871,.171,.0333,.103
2020,2,9,16,.0646,.169,.123,.247,.0495,.21,.0629,.157
2020,4,12,16,-.404,-.0848,-.512,-.187,-.171,.466,-.438,-.175
2020,4,5,16,-.446,-.185,-.453,-.139,-.363,.127,-.461,-.244
2020,3,22,16,-.494,-.438,-.571,-.395,-.304,-.3,-.522,-.466
2020,2,2,16,.0696,.134,.174,.241,.0717,.203,.0615,.114
2020,4,19,16,-.418,-.149,-.573,-.375,-.166,.389,-.451,-.227
2020,4,26,16,-.481,-.259,-.65,-.421,-.255,.263,-.508,-.34
2020,2,16,16,.0337,.0853,.221,.254,.0315,.18,.0201,.056
2020,3,29,16,-.64,-.537,-.648,-.546,-.477,-.316,-.668,-.575
2020,5,3,16,-.517,-.336,-.661,-.444,-.276,.216,-.549,-.428
2020,3,15,16,-.0178,.0926,-.0962,-.0959,.0747,.273,-.0283,.0747
2020,3,29,17,-.433,-.201,-.285,-.0654,-.593,-.343,-.506,-.27
2020,4,12,17,-.196,-.00441,.0896,.278,-.529,-.271,-.332,-.158
2020,2,23,17,-.00197,.0125,-.0117,-.00563,.0465,.0448,-.00899,.0176
2020,2,9,17,.0369,.121,.0316,.124,.077,.128,.0289,.116
2020,5,3,17,-.175,.0451,.0786,.274,-.373,-.0763,-.328,-.114
2020,2,2,17,.0238,.072,.0306,.0772,.00132,.0278,.0252,.0814
2020,4,26,17,-.132,.193,.119,.459,-.333,.0486,-.278,.0142
2020,3,8,17,.026,.132,.032,.128,.0719,.308,.0067,.081
2020,4,5,17,-.305,-.0715,-.197,.0182,-.51,-.25,-.332,-.091
2020,3,1,17,.0297,.118,-.000467,.0443,.0799,.283,.0392,.128
2020,4,19,17,-.134,.152,.136,.461,-.357,-.0735,-.29,-.0358
2020,2,16,17,.0103,.0435,.0106,.0354,.0608,.0784,-.00575,.0394
2020,1,26,17,-.041,-.134,-.0315,-.117,-.0646,-.18,-.0416,-.135
2020,1,12,17,.0194,.0598,.00857,.032,.0513,.159,.0186,.0523
2020,3,22,17,-.301,-.128,-.136,.0883,-.532,-.385,-.367,-.228
2020,3,15,17,.0261,.157,.069,.206,-.0024,.161,-.000838,.114
2020,1,19,17,.013,-.00152,.00955,-.00957,.0135,-.00703,.0158,.00695
2020,3,1,18,.00186,.129,-.227,-.134,.0653,.224,-.0332,.0721
2020,1,19,18,.00692,.023,.0335,.0876,-.00433,-.0206,.0139,.0522
2020,4,12,18,-.669,-.63,-.685,-.643,-.63,-.532,-.698,-.703
2020,1,26,18,-.0501,-.164,-.103,-.162,-.0605,-.157,-.0395,-.169
2020,2,2,18,.0257,.111,-.115,-.147,.0471,.187,.0174,.0685
2020,2,16,18,-.00646,.0509,-.163,-.156,.0485,.174,-.0391,-.03
2020,3,29,18,-.769,-.713,-.832,-.877,-.77,-.694,-.765,-.718
2020,4,5,18,-.765,-.718,-.881,-.932,-.8,-.719,-.733,-.706
2020,4,26,18,-.585,-.454,-.722,-.736,-.545,-.28,-.608,-.571
2020,5,3,18,-.621,-.496,-.824,-.85,-.572,-.291,-.647,-.637
2020,1,12,18,.0312,.0343,.215,.35,.043,.00741,.0131,.0411
2020,2,23,18,-.0218,-.00798,-.216,-.0774,.0415,.0238,-.0587,-.028
2020,3,8,18,-.0216,.0593,-.206,-.254,.0147,.11,-.0386,.0383
2020,3,22,18,-.716,-.671,-.702,-.731,-.749,-.682,-.693,-.659
2020,2,9,18,.00376,.0782,-.151,-.0734,.0413,.21,-.0159,-.0122
2020,3,15,18,-.0569,-.059,-.24,-.276,-.00466,-.0376,-.0861,-.0632
2020,4,19,18,-.537,-.427,-.713,-.649,-.517,-.247,-.542,-.55
2020,2,23,19,-.00464,.1,-.431,-.331,.013,.143,.00349,.104
2020,4,5,19,-.721,-.587,-.694,-.402,-.616,-.315,-.742,-.643
2020,4,19,19,-.513,-.378,-.229,.0968,-.556,-.324,-.513,-.401
2020,1,12,19,.0656,.188,.151,-.00418,.107,.188,.0554,.193
2020,3,1,19,.0309,.327,-.333,-.304,-.0317,.355,.0524,.339
2020,2,16,19,-.0606,-.0347,-.181,.148,-.079,-.135,-.054,-.0208
2020,1,26,19,-.0389,-.175,-.0489,-.00109,-.144,-.305,-.019,-.155
2020,3,22,19,-.771,-.666,-.687,-.297,-.586,-.439,-.807,-.719
2020,4,12,19,-.689,-.628,-.557,-.281,-.626,-.442,-.704,-.672
2020,5,3,19,-.629,-.511,-.391,.000317,-.646,-.533,-.631,-.521
2020,2,9,19,.0378,.159,-.0192,.108,.108,.292,.0261,.135
2020,4,26,19,-.576,-.416,-.251,.0208,-.607,-.353,-.579,-.439
2020,3,29,19,-.702,-.562,-.661,-.194,-.529,-.16,-.735,-.647
2020,3,15,19,-.0388,.129,-.362,-.444,.0718,.421,-.0509,.089
2020,1,19,19,-.00839,-.105,-.0684,-.162,-.0289,-.0904,-.00293,-.106
2020,3,8,19,.033,.289,-.307,-.349,.115,.482,.0268,.27
2020,2,2,19,-.00501,.0923,.0445,.132,.0762,.164,-.0215,.0779
2020,1,26,20,-.0375,-.122,-.0585,-.148,-.0315,-.147,-.0316,-.0999
2020,2,9,20,.00783,.045,-.0972,-.152,.0629,.168,.0268,.0719
2020,1,19,20,.00322,-.033,.0253,.0215,-.0224,-.0362,.00512,-.0539
2020,3,22,20,-.872,-.795,-.847,-.657,-.888,-.842,-.874,-.831
2020,5,3,20,-.463,-.253,-.483,-.291,-.667,-.546,-.365,-.0981
2020,3,29,20,-.728,-.684,-.597,-.427,-.805,-.801,-.748,-.737
2020,3,1,20,.0607,.225,.0596,.256,.104,.259,.042,.197
2020,2,23,20,-.0286,-.0429,-.035,-.0784,.0131,.0237,-.0437,-.0564
2020,1,12,20,.0115,.0401,.00571,.00617,-.0175,-.0516,.0258,.0922
2020,2,16,20,-.0632,-.0979,-.135,-.233,-.0361,-.0747,-.0455,-.0523
2020,4,12,20,-.374,-.145,-.376,-.144,-.476,-.331,-.329,-.0628
2020,3,8,20,.0167,.164,.0354,.254,.0735,.233,-.0148,.0982
2020,4,26,20,-.419,-.134,-.446,-.192,-.632,-.443,-.315,.0264
2020,4,5,20,-.397,-.249,-.321,-.0951,-.559,-.575,-.357,-.17
2020,4,19,20,-.396,-.138,-.409,-.171,-.563,-.361,-.318,-.0267
2020,3,15,20,-.266,-.21,-.0773,.0311,-.424,-.34,-.274,-.251
2020,2,2,20,.0414,.0982,.0826,.0963,.0839,.196,.00618,.0568
2020,3,29,21,-.574,-.304,-.406,-.0489,-.646,-.385,-.523,-.25
2020,5,3,21,-.543,-.338,.0922,.534,-.676,-.462,-.461,-.264
2020,3,8,21,-.04,.103,-.0353,.255,-.0315,.0752,-.0442,.121
2020,2,2,21,.0143,.013,.0286,.00773,.00103,-.0238,.0247,.0418
2020,4,5,21,-.654,-.426,-.392,-.111,-.687,-.437,-.64,-.435
2020,4,19,21,-.468,-.164,.167,.458,-.59,-.326,-.398,-.0597
2020,3,22,21,-.541,-.305,-.395,-.0302,-.605,-.401,-.495,-.241
2020,4,12,21,-.649,-.442,-.129,.249,-.785,-.553,-.564,-.386
2020,1,12,21,.0412,.0703,.054,.318,.0753,.121,.011,.017
2020,3,15,21,-.0348,.1,.0565,.165,-.0663,.0562,-.0103,.137
2020,2,9,21,-.0675,-.0565,.027,.177,-.0982,-.07,-.0473,-.0615
2020,1,26,21,-.0623,-.138,-.068,-.189,-.0852,-.146,-.0429,-.13
2020,3,1,21,-.0273,.0439,.00478,.105,-.0403,-.0322,-.0176,.104
2020,2,23,21,-.0349,.0226,-.016,.239,-.00512,-.0203,-.0603,.0454
2020,1,19,21,.0179,.0278,.0296,.0571,.0318,.0498,.00492,.00869
2020,2,16,21,-.0187,-.00985,.00604,.161,-.0267,-.0442,-.0131,.00831
2020,4,26,21,-.489,-.187,.0372,.367,-.609,-.32,-.417,-.102
2020,3,22,22,-.622,-.627,-.5,-.386,-.686,-.707,-.571,-.57
2020,3,15,22,-.0581,.0154,-.0415,.0133,.00508,.0853,-.118,-.0493
2020,2,9,22,.0248,.209,-.018,.128,.0143,.193,.0388,.233
2020,1,19,22,.0236,.0403,-.00178,-.00215,.0402,.0251,.0099,.0584
2020,5,3,22,-.591,-.566,-.285,.182,-.677,-.676,-.531,-.517
2020,3,29,22,-.624,-.586,-.501,-.299,-.713,-.692,-.549,-.509
2020,4,12,22,-.622,-.596,-.457,-.245,-.678,-.674,-.581,-.551
2020,4,26,22,-.557,-.52,-.166,.226,-.648,-.639,-.504,-.471
2020,2,23,22,.0117,.0624,-.0428,.0619,.0116,.0561,.0167,.0694
2020,4,5,22,-.597,-.551,-.415,-.158,-.667,-.646,-.546,-.494
2020,3,1,22,-.138,-.059,-.284,-.261,-.111,-.0118,-.152,-.0876
2020,2,16,22,.0367,.186,.0238,.198,.0451,.196,.0298,.177
2020,1,12,22,.00199,-.0213,.00919,.124,.0203,.00135,-.016,-.0536
2020,3,8,22,.0454,.188,.0371,.131,.0597,.205,.0324,.178
2020,4,19,22,-.651,-.635,-.422,-.114,-.688,-.691,-.636,-.626
2020,2,2,22,.0144,.128,.0296,.107,.00103,.139,.026,.12
2020,1,26,22,-.035,-.119,-.0428,-.2,-.0522,-.127,-.0179,-.105
2020,3,29,23,-.0471,.593,.,.,-.12,.158,-.0277,.686
2020,1,19,23,-.0732,-.139,.,.,-.109,-.248,-.0635,-.105
2020,3,8,23,-.046,-.0203,.,.,-.167,-.201,-.0193,.0216
2020,2,23,23,-.457,-.452,.,.,-.457,-.517,-.456,-.434
2020,2,16,23,-.201,-.22,.,.,-.104,-.15,-.228,-.231
2020,3,1,23,-.0912,.00678,.,.,-.136,-.165,-.0818,.0531
2020,2,9,23,-.0864,-.187,.,.,.0316,.0309,-.133,-.241
2020,2,2,23,.0267,.0287,.,.,.147,.145,-.0166,.00183
2020,4,5,23,.106,.834,.,.,-.0146,.492,.14,.904
2020,4,19,23,.0552,.713,.,.,-.11,.452,.0942,.77
2020,1,26,23,-.0478,-.202,.,.,-.0653,-.308,-.0404,-.175
2020,4,26,23,-.792,-.629,.,.,-.946,-.782,-.781,-.582
2020,4,12,23,.032,.797,.,.,-.101,.434,.0675,.877
2020,1,12,23,.0396,.0862,.,.,.0871,.274,.0354,.0608
2020,3,22,23,-.162,.276,.,.,-.409,-.365,-.107,.41
2020,5,3,23,-.675,-.185,.,.,-.789,-.578,-.642,.00529
2020,3,15,23,-.0318,.0213,.,.,-.117,-.145,-.0164,.0525
2020,1,19,24,-.00648,-.0552,.0134,.00234,-.0246,-.0993,-.0131,-.0807
2020,5,3,24,-.407,.0724,-.579,-.348,-.319,.195,-.298,.416
2020,4,26,24,-.375,.122,-.58,-.339,-.287,.281,-.232,.478
2020,2,16,24,.101,.15,.0492,.0636,.167,.242,.105,.168
2020,1,12,24,.0338,.109,.0494,.118,-.0142,.0878,.0488,.114
2020,3,8,24,.147,.342,.106,.327,.173,.294,.168,.393
2020,4,5,24,-.441,-.154,-.393,-.0232,-.566,-.302,-.396,-.176
2020,3,15,24,.0822,.214,.102,.322,.0972,.142,.0508,.158
2020,1,26,24,-.0539,-.155,-.0588,-.119,-.054,-.202,-.0487,-.155
2020,3,22,24,-.619,-.282,-.483,.0348,-.678,-.427,-.714,-.494
2020,4,12,24,-.379,-.00449,-.603,-.471,-.32,.113,-.196,.381
2020,2,23,24,.0323,.0292,-.0567,-.0992,.0985,.0676,.0731,.131
2020,2,2,24,.0535,.032,.00533,-.0337,.145,.133,.0333,.0227
2020,3,1,24,.107,.209,.0301,.0925,.172,.25,.136,.298
2020,3,29,24,-.576,-.23,-.436,.0215,-.663,-.356,-.654,-.39
2020,2,9,24,.0741,.152,.079,.104,.0101,.179,.117,.181
2020,4,19,24,-.379,.0539,-.605,-.451,-.287,.244,-.219,.424
2020,4,26,25,-.384,.0547,-.156,.165,-.586,-.4,-.504,.0839
2020,4,19,25,-.0706,.397,.0945,.58,-.214,.0631,-.154,.337
2020,3,15,25,.0517,.174,.0797,.25,-.0309,-.0454,.0489,.165
2020,2,23,25,-.392,-.436,-.392,-.47,-.453,-.539,-.38,-.393
2020,1,12,25,.0226,.0683,.014,.0448,.0142,.127,.0298,.0739
2020,3,1,25,-.0121,.0455,.0333,.0576,-.105,-.176,-.0247,.0803
2020,4,12,25,-.0558,.407,.11,.61,-.2,.0646,-.14,.336
2020,2,16,25,-.0938,-.123,-.13,-.208,-.0603,-.0702,-.0756,-.076
2020,2,9,25,.00744,.0633,-.0308,-.0424,.0226,.0853,.0304,.131
2020,1,19,25,.0117,-.0177,-.0132,-.0493,.0532,.0654,.0205,-.0123
2020,1,26,25,-.0395,-.139,-.0348,-.143,-.0172,-.0604,-.0471,-.151
2020,3,29,25,-.158,.351,.0146,.623,-.308,.0334,-.245,.227
2020,3,8,25,-.0227,.0659,.00892,.113,-.117,-.0381,-.0256,.0541
2020,3,22,25,-.246,.168,-.0565,.481,-.493,-.329,-.326,.0519
2020,4,5,25,-.0745,.411,.11,.659,-.26,.0591,-.164,.311
2020,5,3,25,-.291,.079,-.157,.0539,-.452,-.284,-.345,.2
2020,2,2,25,.0102,.0671,.0162,.0435,-.00517,-.0912,.00909,.114
2020,3,29,26,-.518,-.204,-.245,.176,-.557,-.203,-.527,-.252
2020,2,16,26,-.0361,-.0379,.0267,.0405,-.0455,-.0312,-.0378,-.0523
2020,3,22,26,-.452,-.153,-.143,.302,-.503,-.175,-.458,-.196
2020,4,19,26,-.405,-.129,-.0191,.481,-.515,-.235,-.381,-.135
2020,3,15,26,.0113,.0703,.102,.159,-.00901,.0396,.0135,.0796
2020,3,1,26,-.0595,-.0866,-.0757,-.116,-.0741,-.0996,-.0477,-.0742
2020,3,8,26,.0322,.083,-.0041,.069,.0333,.0788,.0361,.0875
2020,2,2,26,.0211,.0788,.0142,.0334,.0149,.067,.0261,.0925
2020,5,3,26,-.371,-.167,-.17,.14,-.492,-.319,-.317,-.0975
2020,4,12,26,-.645,-.419,-.467,-.198,-.678,-.406,-.646,-.455
2020,4,26,26,-.34,-.0489,-.0374,.493,-.484,-.261,-.283,.0229
2020,1,19,26,-.000441,-.0294,-.0369,.00303,.00213,-.0512,.00246,-.019
2020,2,9,26,.031,.0782,.00449,.0192,.0233,.0946,.0396,.0747
2020,4,5,26,-.562,-.296,-.32,-.0166,-.589,-.281,-.574,-.341
2020,1,12,26,.0565,.116,.071,.0801,.0762,.17,.0409,.0858
2020,1,26,26,-.064,-.149,-.0561,-.14,-.0804,-.16,-.0541,-.143
2020,2,23,26,-.141,-.187,-.154,-.192,-.198,-.215,-.101,-.167
2020,2,23,27,-.117,-.241,-.202,-.399,.,.,-.0664,-.152
2020,3,8,27,-.18,-.0575,-.197,-.15,.,.,-.195,-.086
2020,4,26,27,-.307,.0225,-.435,-.224,.,.,-.255,.122
2020,1,26,27,-.0975,-.227,-.0535,-.2,.,.,-.122,-.241
2020,5,3,27,-.372,-.0457,-.471,-.223,.,.,-.359,.0414
2020,3,15,27,-.186,-.14,-.33,-.217,.,.,-.133,-.17
2020,2,2,27,.0274,.034,.0279,-.00913,.,.,.0386,.0665
2020,1,12,27,.0637,.121,-.00589,.108,.,.,.0946,.148
2020,1,19,27,-.0629,-.0366,-.139,-.141,.,.,-.0438,-.0181
2020,3,29,27,-.549,-.334,-.54,-.366,.,.,-.513,-.231
2020,2,16,27,-.187,-.307,-.241,-.369,.,.,-.163,-.269
2020,3,1,27,-.136,-.151,-.222,-.358,.,.,-.0968,-.0858
2020,4,19,27,-.25,.0609,-.367,-.186,.,.,-.194,.226
2020,3,22,27,-.477,-.404,-.622,-.55,.,.,-.411,-.289
2020,4,12,27,-.217,.088,-.386,-.254,.,.,-.129,.323
2020,4,5,27,-.423,-.197,-.364,-.134,.,.,-.496,-.285
2020,2,9,27,-.073,-.0285,-.18,-.23,.,.,-.018,.0761
2020,1,26,28,-.0315,-.12,.076,.0536,-.0646,-.165,-.0241,-.117
2020,2,16,28,.006,.14,.184,.0509,.0444,.168,-.0772,.133
2020,3,8,28,-.233,-.179,-.247,-.0665,-.25,-.308,-.212,-.0759
2020,4,12,28,-.691,-.621,.152,.754,-.881,-.907,-.703,-.669
2020,2,9,28,.102,.267,.26,.286,.12,.377,.0455,.151
2020,4,19,28,-.756,-.734,-.14,.178,-.879,-.909,-.781,-.782
2020,4,5,28,-.592,-.479,.143,.601,-.85,-.87,-.509,-.349
2020,1,12,28,-.00542,.00617,-.245,-.0887,-.0118,-.0385,.0745,.0509
2020,3,15,28,-.704,-.673,-.88,-.692,-.752,-.794,-.611,-.547
2020,2,23,28,-.0322,-.0365,-.13,.0956,.0247,-.0264,-.0665,-.0793
2020,1,19,28,.0174,-.0282,.152,.229,.0259,-.00891,-.0245,-.111
2020,2,2,28,.0873,.174,.0172,.0974,.0829,.171,.109,.196
2020,3,22,28,-.717,-.705,-.618,-.565,-.806,-.868,-.65,-.575
2020,3,1,28,-.149,-.142,-.223,-.0326,-.151,-.266,-.128,-.0444
2020,3,29,28,-.568,-.537,-.294,-.176,-.784,-.862,-.415,-.296
2020,4,26,28,-.759,-.728,-.245,.229,-.893,-.922,-.747,-.768
2020,5,3,28,-.799,-.748,-.292,.192,-.914,-.955,-.807,-.772
2020,4,12,29,-.338,-.0878,.0761,.503,-.498,-.37,-.394,-.115
2020,2,23,29,.0251,.0551,.0439,.0494,-.0128,-.0281,.052,.138
2020,4,5,29,-.38,-.124,-.0684,.242,-.551,-.414,-.374,-.0309
2020,2,16,29,.00234,.0141,.0139,-.0125,-.0209,-.00968,.0188,.0502
2020,2,9,29,.0217,.0254,.0713,.0791,-.0182,-.00342,.0349,.0258
2020,4,26,29,-.394,-.0959,.0217,.61,-.549,-.392,-.45,-.151
2020,3,1,29,.0817,.273,.109,.335,.0521,.219,.0962,.293
2020,1,12,29,.017,.0413,-.0517,-.0687,.0328,.0314,.0351,.0926
2020,3,22,29,-.501,-.466,-.473,-.336,-.515,-.571,-.503,-.43
2020,3,8,29,.0725,.275,.129,.43,.0368,.204,.0783,.266
2020,1,26,29,-.0597,-.159,-.0385,-.126,-.0684,-.186,-.0619,-.149
2020,2,2,29,.0859,.159,.129,.24,.0667,.139,.0823,.137
2020,1,19,29,.031,-.00277,.0579,.0602,.021,-.0324,.0269,-.00621
2020,3,29,29,-.437,-.277,-.155,.148,-.629,-.614,-.394,-.168
2020,4,19,29,-.372,-.0706,.0144,.573,-.52,-.352,-.424,-.125
2020,3,15,29,.016,.161,.0558,.29,-.042,.0727,.0514,.181
2020,5,3,29,-.455,-.238,-.000509,.577,-.607,-.528,-.535,-.333
2020,2,9,30,.0258,.0648,.,.,.0233,.17,.0271,.00943
2020,2,2,30,.0112,.0379,.,.,-.0466,.0427,.0417,.0354
2020,2,16,30,.0171,.0446,.,.,.00685,.186,.0224,-.0297
2020,4,5,30,-.288,-.0216,.,.,-.605,-.413,-.122,.185
2020,4,26,30,-.3,-.0522,.,.,-.642,-.401,-.119,.144
2020,1,12,30,.0389,.0237,.,.,.0412,-.0335,.0378,.0529
2020,3,15,30,.0174,.0811,.,.,.0826,.199,-.0169,.019
2020,2,23,30,.0192,-.0113,.,.,.0192,.196,.0192,-.121
2020,5,3,30,-.352,-.11,.,.,-.667,-.407,-.18,.0669
2020,1,26,30,-.0142,-.0696,.,.,-.0202,-.114,-.0111,-.0462
2020,4,19,30,-.262,.131,.,.,-.625,-.315,-.0712,.366
2020,3,8,30,.0756,.136,.,.,.184,.26,.0186,.0709
2020,4,12,30,-.241,.17,.,.,-.633,-.378,-.0354,.459
2020,3,29,30,-.592,-.399,.,.,-.766,-.641,-.5,-.272
2020,1,19,30,.0189,-.00692,.,.,.0871,.034,-.0157,-.0276
2020,3,22,30,-.569,-.444,.,.,-.786,-.65,-.454,-.336
2020,3,1,30,.0415,.0592,.,.,.0466,.0349,.0389,.072
2020,1,12,31,.065,.1,.,.,.212,.205,.0517,.0815
2020,2,9,31,.0137,.18,.,.,-.037,.202,.0127,.165
2020,5,3,31,-.61,-.375,.,.,-.459,-.133,-.617,-.385
2020,3,22,31,-.619,-.541,.,.,-.407,-.345,-.635,-.552
2020,3,1,31,-.017,.166,.,.,-.146,-.116,-.00284,.179
2020,4,19,31,-.5,-.295,.,.,-.318,-.153,-.509,-.299
2020,2,16,31,-.214,-.0428,.,.,-.0968,-.0352,-.227,-.0572
2020,3,15,31,-.101,-.05,.,.,-.29,-.33,-.0798,-.0376
2020,2,2,31,.0254,.114,.,.,-.076,.000662,.0265,.128
2020,4,5,31,-.354,-.0721,.,.,-.211,-.0944,-.36,-.06
2020,3,8,31,-.0913,-.0942,.,.,-.15,-.223,-.0818,-.095
2020,4,12,31,-.47,-.296,.,.,-.271,-.0829,-.481,-.306
2020,4,26,31,-.531,-.291,.,.,-.333,.0266,-.542,-.309
2020,3,29,31,-.599,-.351,.,.,-.202,.028,-.631,-.375
2020,2,23,31,-.0342,.155,.,.,-.279,-.165,-.00857,.178
2020,1,26,31,-.117,-.0979,.,.,-.0535,.0152,-.117,-.103
2020,1,19,31,.0245,.102,.,.,-.0942,-.0929,.0379,.124
2020,3,15,32,-.108,-.0569,-.0208,-.0408,-.446,-.609,-.0837,.0328
2020,3,22,32,-.415,-.231,-.224,.0161,-.707,-.661,-.442,-.256
2020,2,9,32,.0121,.0754,.0519,.127,.0452,-.0116,-.00984,.0697
2020,4,12,32,-.379,-.0496,-.363,-.0839,-.563,-.399,-.353,.0253
2020,1,26,32,-.0507,-.114,-.102,-.159,-.0154,-.103,-.0362,-.0977
2020,3,1,32,.0248,.0947,.0307,.0432,.00658,.0245,.0256,.128
2020,5,3,32,-.208,.173,-.0875,.362,-.457,-.446,-.213,.208
2020,4,5,32,-.239,.099,-.0717,.216,-.456,-.334,-.269,.127
2020,4,26,32,-.155,.282,.022,.512,-.381,-.176,-.188,.27
2020,1,19,32,.00571,-.00435,.0295,.0777,-.0699,-.139,.00925,-.0143
2020,2,23,32,-.0805,-.0946,-.0237,-.0399,-.00207,-.107,-.117,-.115
2020,2,16,32,-.00256,.0339,-.00819,-.0541,.0401,-.0834,-.00774,.0901
2020,1,12,32,.0103,.0541,.0901,.191,.0224,.119,-.0252,-.0193
2020,3,29,32,-.218,.117,-.0804,.251,-.438,-.383,-.235,.15
2020,2,2,32,.0502,.0695,.0108,-.0598,.0428,.058,.0675,.124
2020,3,8,32,-.00778,.0612,.00547,.0305,-.0111,-.0485,-.0126,.0929
2020,4,19,32,-.234,.128,.00765,.422,-.475,-.371,-.289,.095
2020,3,15,33,-.0239,.168,-.0528,.158,-.235,-.31,.00151,.207
2020,4,12,33,.409,1.44,.846,1.9,.382,1.25,.263,1.3
2020,5,3,33,.227,1.14,.621,1.23,.474,1.16,-.0487,1.07
2020,3,29,33,.468,1.48,.947,2.05,.414,.783,.309,1.34
2020,1,19,33,-.00615,-.0202,-.0245,-.0594,-.00439,.0378,-.000385,-.0119
2020,3,22,33,.00759,.531,.449,1.06,-.286,-.149,-.12,.401
2020,4,5,33,.406,1.47,.862,1.99,.207,.981,.266,1.33
2020,1,26,33,-.0794,-.199,-.0568,-.248,-.0888,-.0465,-.0864,-.193
2020,3,8,33,-.0212,.0401,-.0695,.0309,-.158,-.43,.00529,.078
2020,3,1,33,-.39,-.411,-.448,-.446,-.419,-.564,-.368,-.388
2020,1,12,33,.0776,.193,.105,.224,.161,.0784,.0626,.193
2020,2,23,33,-.129,-.158,-.2,-.208,-.0954,-.281,-.108,-.132
2020,4,26,33,.29,1.23,.707,1.57,.266,1.02,.15,1.13
2020,2,2,33,.0185,.0248,.0202,.0576,-.0625,.0825,.0239,.00935
2020,4,19,33,.362,1.34,.791,1.73,.352,1.42,.217,1.2
2020,2,9,33,-.0725,-.046,-.105,-.0788,-.181,-.247,-.0534,-.0201
2020,2,16,33,-.187,-.231,-.27,-.267,-.172,-.265,-.16,-.217
2020,3,8,34,-.015,.0901,.0581,.226,-.0491,.00296,-.0544,.0506
2020,3,22,34,-.136,.285,.283,1.1,-.485,-.275,-.145,.106
2020,1,12,34,.0309,.0811,.0584,.146,.00408,.0189,.0366,.0814
2020,4,5,34,-.0957,.262,.23,.664,-.27,.0987,-.239,.0128
2020,2,16,34,-.0459,-.00355,-.0682,.00762,.00629,.035,-.0932,-.0717
2020,3,15,34,.0408,.105,.262,.448,-.0983,-.168,-.0274,.0808
2020,4,12,34,-.224,.0344,-.0476,.256,-.32,-.0281,-.301,-.143
2020,1,19,34,.0218,.0378,.00867,.0221,.0498,.0759,-.00229,.00258
2020,2,23,34,-.105,-.116,-.0152,-.0117,-.178,-.178,-.11,-.153
2020,3,1,34,-.0226,.109,.0549,.273,-.0729,.00364,-.044,.0613
2020,3,29,34,-.117,.407,.272,1.07,-.388,.0342,-.197,.143
2020,4,19,34,-.286,-.0659,.0726,.303,-.517,-.213,-.386,-.299
2020,2,9,34,.0178,.164,.023,.243,.00603,.12,.0284,.131
2020,4,26,34,.018,.333,.219,.499,-.0701,.331,-.0945,.136
2020,1,26,34,-.0535,-.123,-.0744,-.186,-.0271,-.011,-.0661,-.208
2020,2,2,34,-.00113,.0513,.00906,.0165,-.0271,.0324,.0236,.12
2020,5,3,34,-.0136,.238,.168,.356,-.0737,.306,-.149,.0092
2020,1,19,35,.0125,-.0189,.0259,-.0385,.0133,-.0172,.0121,-.0192
2020,3,29,35,-.587,-.408,-.374,-.0782,-.722,-.57,-.547,-.36
2020,3,22,35,-.634,-.483,-.274,.167,-.747,-.61,-.602,-.45
2020,3,15,35,-.0634,-.0388,.0336,.126,-.119,-.13,-.0469,-.0118
2020,4,19,35,-.215,-.0385,.0259,.432,-.494,-.277,-.129,.0316
2020,2,23,35,-.00428,.0338,.233,.205,-.0375,.0547,.00371,.0255
2020,5,3,35,-.339,-.2,-.163,.228,-.552,-.44,-.274,-.128
2020,4,26,35,-.284,-.0855,-.0548,.369,-.533,-.324,-.208,-.0152
2020,1,12,35,-.0436,-.0668,.199,.447,.0257,.163,-.0644,-.125
2020,1,26,35,-.02,-.0824,-.0663,-.35,-.0349,-.145,-.0149,-.0599
2020,3,8,35,-.0414,.0642,.192,-.0365,-.00877,.0763,-.0542,.0614
2020,4,5,35,-.621,-.465,-.489,.0415,-.636,-.466,-.617,-.469
2020,2,9,35,.0303,.0985,.176,.342,.0217,.0294,.0315,.118
2020,3,1,35,.0643,.27,.222,.229,-.00566,.212,.0848,.289
2020,2,2,35,.0865,.193,.0375,.263,.109,.0945,.08,.224
2020,4,12,35,-.491,-.361,-.255,.261,-.496,-.349,-.492,-.372
2020,2,16,35,-.0811,-.156,.13,.262,-.127,-.142,-.0687,-.164
2020,4,12,36,-.118,.266,.28,.874,-.459,-.269,-.0422,.392
2020,3,8,36,.0152,.117,.0557,.214,.000802,.049,.0103,.126
2020,4,5,36,-.134,.28,.269,.969,-.432,-.231,-.0864,.364
2020,5,3,36,-.00782,.395,.28,.834,-.384,-.205,.136,.65
2020,1,12,36,.0561,.123,.0705,.188,.0499,.126,.0554,.101
2020,2,9,36,-.0473,-.0446,-.0148,-.0234,-.0461,-.0559,-.0592,-.0447
2020,1,26,36,-.059,-.16,-.0581,-.182,-.0521,-.154,-.0636,-.157
2020,3,29,36,-.141,.254,.214,.948,-.402,-.231,-.1,.32
2020,1,19,36,.013,.00182,.0168,-.00575,.0243,.0115,.00472,-.00162
2020,3,15,36,.0596,.16,.126,.362,.022,.08,.0603,.141
2020,3,22,36,-.225,.0495,.122,.754,-.482,-.386,-.184,.0808
2020,4,26,36,.0325,.459,.343,.909,-.348,-.119,.164,.667
2020,2,2,36,-.00264,.0212,-.0126,-.0161,-.00831,.0121,.00425,.0395
2020,2,23,36,-.346,-.383,-.343,-.373,-.348,-.405,-.345,-.372
2020,3,1,36,-.0136,.032,.016,.101,-.014,.00574,-.0234,.025
2020,2,16,36,-.0694,-.105,-.116,-.154,-.0708,-.0817,-.0528,-.102
2020,4,19,36,-.0618,.34,.23,.8,-.431,-.209,.0683,.524
2020,4,26,37,-.453,-.184,-.00342,.294,-.549,-.276,-.397,-.135
2020,4,12,37,-.525,-.302,-.32,-.0304,-.579,-.331,-.487,-.299
2020,3,15,37,-.0318,.105,-.0544,.0531,-.08,.0628,.0223,.156
2020,3,22,37,-.491,-.287,-.265,.192,-.598,-.436,-.399,-.177
2020,1,26,37,-.125,-.23,-.118,-.018,-.145,-.262,-.104,-.217
2020,2,9,37,-.00318,.0393,-.00684,.0979,-.013,.00134,.00776,.0741
2020,2,2,37,.0378,.0526,.0221,.162,.0257,.0246,.0525,.0715
2020,1,19,37,.0181,-.0215,-.00484,-.0752,.0229,-.00849,.0154,-.0299
2020,4,19,37,-.536,-.324,-.17,.068,-.652,-.433,-.45,-.246
2020,2,16,37,.0435,.0797,.0815,.0307,.0229,.0757,.0616,.0889
2020,2,23,37,-.0503,-.0502,-.115,.0397,-.0562,-.0452,-.0373,-.0648
2020,1,12,37,.0862,.126,.0793,-.09,.0985,.178,.0742,.0978
2020,5,3,37,-.511,-.283,.016,.204,-.618,-.412,-.452,-.195
2020,3,1,37,.0781,.203,.0547,.185,.076,.193,.0828,.217
2020,3,29,37,-.407,-.124,-.185,.317,-.504,-.282,-.327,.000296
2020,4,5,37,-.405,-.123,-.169,.179,-.442,-.164,-.39,-.109
2020,3,8,37,.031,.157,.0901,.122,.0228,.169,.0338,.147
2020,1,19,38,.0341,-.0784,.0805,-.0476,.,.,-.0185,-.133
2020,4,19,38,.0887,.488,.0975,.926,.,.,.139,.0912
2020,4,26,38,.103,.583,.251,1.15,.,.,.000715,.052
2020,5,3,38,.091,.425,.251,.891,.,.,-.0289,.0405
2020,3,29,38,-.018,-.0755,.133,.162,.,.,-.138,-.29
2020,3,22,38,-.377,-.364,-.228,-.0782,.,.,-.521,-.645
2020,4,5,38,.0909,.372,.235,.799,.,.,-.0241,-.032
2020,4,12,38,.0261,.338,-.139,.567,.,.,.254,.155
2020,2,23,38,-.0338,.0304,-.0637,.108,.,.,.0374,.00181
2020,2,9,38,.0548,.283,.139,.472,.,.,-.00709,.125
2020,2,16,38,.000551,.069,.111,.289,.,.,-.0865,-.125
2020,3,1,38,.023,.174,.0394,.251,.,.,.0525,.149
2020,3,15,38,.0878,-.0556,.144,.0564,.,.,.0544,-.13
2020,1,26,38,-.0333,-.0627,-.0577,.00863,.,.,-.011,-.169
2020,2,2,38,.0205,.0206,.0247,.0606,.,.,.0355,.00783
2020,1,12,38,.0158,.156,-.0256,.0587,.,.,.0475,.225
2020,3,8,38,.0323,-.129,.0637,-.116,.,.,.0203,-.104
2020,2,16,39,-.0391,-.0183,-.0554,-.0347,-.075,-.0914,-.0143,.0272
2020,4,5,39,-.346,-.13,-.15,-.0642,-.506,-.331,-.315,-.0372
2020,4,12,39,-.355,-.153,-.0941,.0207,-.499,-.31,-.352,-.117
2020,3,8,39,.0236,.176,.0757,.226,-.0255,.0779,.0357,.215
2020,3,15,39,.0317,.132,.116,.154,-.0174,.0662,.0344,.161
2020,1,19,39,-.00255,-.0222,-.024,-.0527,.0112,-.0153,-.00385,-.017
2020,1,12,39,.0278,.0649,.0461,.0593,.0254,.123,.0237,.0353
2020,2,2,39,.0324,.0675,.0262,.112,.0289,.039,.0361,.0703
2020,4,19,39,-.306,-.0255,.0437,.304,-.526,-.331,-.286,.048
2020,3,29,39,-.49,-.293,-.181,-.00634,-.63,-.474,-.502,-.276
2020,2,23,39,-.0285,.00443,.00266,.0753,-.0755,-.105,-.0113,.0447
2020,2,9,39,-.0111,.0303,.0289,.0675,-.0552,-.0488,.00172,.0635
2020,1,26,39,-.0466,-.139,-.041,-.121,-.0439,-.17,-.0497,-.127
2020,4,26,39,-.278,.0171,.0608,.295,-.478,-.283,-.265,.107
2020,3,22,39,-.491,-.347,-.154,.0167,-.619,-.527,-.519,-.354
2020,3,1,39,.00565,.145,.0454,.218,-.0364,.0551,.0174,.174
2020,5,3,39,-.341,-.0986,-.0118,.217,-.512,-.33,-.335,-.0488
2020,1,26,40,-.0581,-.126,.0586,.236,-.0394,-.134,-.116,-.145
2020,4,5,40,-.712,-.602,-.924,-.922,-.715,-.561,-.683,-.667
2020,1,12,40,.0613,.0694,-.194,1.38,.0593,.0379,.0876,.154
2020,5,3,40,-.542,-.328,-.955,-1,-.548,-.296,-.484,-.333
2020,3,8,40,-.0656,.19,-.594,-.666,-.0115,.298,-.139,.0216
2020,3,22,40,-.931,-.868,-.945,-.957,-.941,-.876,-.906,-.84
2020,2,23,40,-.14,-.0861,-.609,-.671,-.118,-.0332,-.143,-.152
2020,2,2,40,.00609,.049,-.0851,-.102,.0285,.106,-.0375,-.0695
2020,3,1,40,-.0292,.181,-.571,-.676,.0203,.287,-.0908,.0177
2020,2,9,40,-.139,-.149,-.577,-.749,-.0789,-.0467,-.235,-.328
2020,2,16,40,-.017,.0699,-.434,-.607,.0253,.155,-.0743,-.0622
2020,4,19,40,-.37,-.065,-.894,-.74,-.349,-.0228,-.365,-.0957
2020,3,15,40,-.121,-.0361,-.516,-.736,-.0911,.0324,-.152,-.126
2020,1,19,40,.0124,-.0514,.148,.0472,-.00716,-.08,.0459,.00795
2020,3,29,40,-.863,-.725,-.932,-.915,-.891,-.726,-.789,-.705
2020,4,12,40,-.326,-.0774,-.864,-.754,-.327,-.0163,-.267,-.153
2020,4,26,40,-.453,-.185,-.932,-.889,-.449,-.136,-.416,-.229
2020,1,26,41,-.0291,-.0891,-.0162,.00146,-.0243,-.0346,-.0323,-.117
2020,3,15,41,.0105,.181,.104,.571,.013,.223,-.00377,.113
2020,5,3,41,-.162,.385,-.0569,.719,-.17,.47,-.176,.314
2020,3,22,41,-.639,-.455,-.186,.372,-.679,-.58,-.694,-.544
2020,4,19,41,-.0638,.494,.211,1.07,-.127,.467,-.0874,.416
2020,4,12,41,-.216,.243,.171,1.11,-.333,.221,-.241,.122
2020,2,2,41,-.0185,-.00286,-.0856,-.114,-.0269,-.0384,-.00654,.0227
2020,4,5,41,-.375,-.0363,.0879,.922,-.474,-.17,-.417,-.142
2020,2,23,41,-.0256,.0615,-.0098,.172,-.00247,.166,-.034,.018
2020,3,29,41,-.71,-.463,-.428,.32,-.706,-.517,-.752,-.563
2020,1,12,41,.0801,.162,.108,.0895,.0729,.153,.0783,.175
2020,2,9,41,.0244,.171,.0844,.211,.0407,.238,.0114,.147
2020,3,8,41,.0143,.247,.158,.405,.023,.357,-.00899,.195
2020,4,26,41,-.0918,.464,.0159,.802,-.175,.47,-.0858,.413
2020,2,16,41,-.00866,.123,.0342,.163,-.0194,.248,-.0121,.0843
2020,3,1,41,.0376,.25,.144,.312,.065,.399,.0149,.201
2020,1,19,41,-.00394,-.0133,.0316,.0535,.00526,.0508,-.0115,-.0399
2020,2,2,42,.019,.037,.0483,.0442,.0241,.0365,.00936,.0355
2020,2,16,42,-.0115,.0182,-.0118,.0364,.0166,.133,-.0254,-.043
2020,5,3,42,-.192,.00934,.131,.16,-.28,.0793,-.229,-.0487
2020,3,22,42,-.491,-.302,-.231,-.0617,-.516,-.277,-.541,-.373
2020,4,26,42,-.166,.162,.154,.268,-.249,.324,-.202,.0565
2020,2,23,42,-.039,-.0155,.00931,-.0185,-.0573,-.0573,-.0418,.00584
2020,4,12,42,-.339,-.162,-.26,-.248,-.482,-.0693,-.287,-.187
2020,1,12,42,.0264,.104,-.0206,.094,.0536,.129,.0253,.096
2020,3,8,42,-.00321,.0986,-.0141,.0132,.0143,.0796,-.00922,.129
2020,3,1,42,.0184,.128,.0875,.199,.00961,.0292,.00593,.159
2020,2,9,42,.0173,.106,.0239,.0853,.0262,.0896,.0112,.119
2020,3,29,42,-.44,-.137,-.255,-.093,-.406,.116,-.502,-.273
2020,1,26,42,-.03,-.13,-.00717,-.102,-.0253,-.192,-.0378,-.106
2020,3,15,42,-.0183,.0754,.0465,.022,-.053,.0367,-.017,.107
2020,1,19,42,.0113,-.0143,-.021,-.0193,.00627,-.0125,.0216,-.0139
2020,4,19,42,-.187,.0695,.108,.195,-.282,.207,-.213,-.0288
2020,4,5,42,-.292,.026,-.174,-.0664,-.348,.2,-.293,-.0374
2020,3,29,44,.242,.663,.404,.779,.0758,.467,.258,.742
2020,2,2,44,.0114,.0584,.0104,.118,.00791,.0299,.0153,.0356
2020,3,22,44,-.267,-.0948,-.197,-.0642,-.442,-.182,-.17,-.0421
2020,4,12,44,.0993,.359,.364,.531,-.0813,.163,.0442,.393
2020,3,1,44,.0248,.132,.0212,.0654,.0373,.179,.0166,.144
2020,3,8,44,-.00419,.126,-.0223,.0282,.0342,.148,-.0235,.186
2020,3,15,44,.0179,.0771,-.0321,.0316,.0251,.0633,.0522,.126
2020,1,19,44,-.00271,.0013,-.000295,.0134,.00971,.0292,-.0157,-.0332
2020,2,23,44,-.242,-.303,-.206,-.308,-.26,-.305,-.255,-.298
2020,2,9,44,.0326,.165,-.00347,.166,.0463,.164,.0496,.165
2020,5,3,44,.16,.563,.477,.963,-.0491,.279,.106,.566
2020,1,12,44,.0332,.077,.0161,.0582,.0194,.0796,.059,.0897
2020,1,26,44,-.0416,-.132,-.032,-.133,-.0414,-.123,-.0496,-.141
2020,4,19,44,.168,.548,.486,.809,-.061,.278,.113,.574
2020,2,16,44,-.0402,-.0257,-.0632,-.0658,-.0272,.0169,-.0332,-.031
2020,4,5,44,.213,.714,.478,.925,.0098,.486,.179,.744
2020,4,26,44,.181,.687,.49,.987,-.055,.399,.155,.719
2020,4,5,45,-.608,-.51,-.735,-.749,-.649,-.328,-.566,-.569
2020,1,26,45,-.0551,-.103,-.00706,-.054,-.0411,-.0714,-.0705,-.129
2020,2,2,45,.035,.0743,-.0784,-.0946,.0786,.114,.0303,.0807
2020,1,19,45,-.00555,-.027,-.0246,.0205,-.00842,-.0482,-.000805,-.0234
2020,3,8,45,.045,.274,-.00706,-.0314,.0467,.401,.0525,.256
2020,4,12,45,-.699,-.561,-.793,-.776,-.747,-.4,-.658,-.612
2020,2,16,45,.0182,.136,-.256,-.144,.033,.28,.0549,.105
2020,2,23,45,-.00351,.0381,-.0806,-.0628,-.0466,-.00173,.0321,.076
2020,3,15,45,-.00893,.0829,-.113,-.238,.0488,.328,-.0228,.00416
2020,2,9,45,.00986,.124,.0463,.267,-.0216,.047,.0208,.142
2020,3,1,45,.061,.25,.0858,.199,.043,.238,.0666,.265
2020,1,12,45,.024,.109,.0929,.244,-.047,.0454,.0504,.117
2020,3,29,45,-.662,-.525,-.769,-.762,-.644,-.332,-.654,-.59
2020,3,22,45,-.628,-.53,-.688,-.661,-.607,-.368,-.63,-.595
2020,4,26,45,-.478,-.148,-.621,-.499,-.72,-.34,-.326,.014
2020,4,19,45,-.776,-.619,-.926,-.906,-.803,-.477,-.736,-.648
2020,5,3,45,-.536,-.262,-.645,-.511,-.778,-.608,-.381,-.0443
2020,3,1,46,-.0132,.107,.0155,.154,-.0392,.0942,-.0264,.078
2020,3,22,46,-.489,-.416,-.279,-.198,-.794,-.629,-.556,-.512
2020,1,26,46,-.0272,-.137,.00107,-.108,-.0145,-.151,-.0499,-.154
2020,1,12,46,.0508,.199,.0268,.229,.00581,.072,.0801,.209
2020,1,19,46,-.0452,-.16,-.0534,-.255,-.0653,-.0254,-.0345,-.129
2020,2,9,46,-.0085,.103,-.0016,.169,-.0461,-.1,-.00371,.109
2020,4,12,46,-.168,-.0512,.0267,.0611,-.668,-.492,-.175,-.0167
2020,3,8,46,-.0278,.109,-.00481,.113,-.0798,.271,-.0304,.0647
2020,2,2,46,.0371,.114,.0347,.146,.0721,.0874,.0298,.0987
2020,4,19,46,-.153,-.0333,.0144,.0509,-.527,-.378,-.173,-.0039
2020,4,5,46,-.136,.163,.0427,.34,-.612,-.389,-.138,.181
2020,5,3,46,-.217,-.0825,-.00908,.0964,-.594,-.491,-.264,-.108
2020,3,15,46,.00901,.101,.00801,.135,-.000484,.265,.0121,.0358
2020,2,23,46,-.0474,-.0476,-.0144,-.0532,-.0213,.122,-.0767,-.0867
2020,2,16,46,-.109,-.208,-.0534,-.182,-.134,-.316,-.14,-.198
2020,4,26,46,-.175,.022,.00694,.15,-.532,-.311,-.21,.0184
2020,3,29,46,-.248,-.0802,.0555,.199,-.687,-.479,-.346,-.171
2020,4,5,47,-.684,-.48,-.355,-.172,-.704,-.433,-.748,-.623
2020,1,12,47,.0348,.0566,.00819,-.22,.0374,.115,.0369,.0312
2020,3,1,47,-.0472,.0245,.0633,.339,-.058,-.00389,-.064,-.0231
2020,4,19,47,-.727,-.531,-.531,-.369,-.742,-.483,-.761,-.646
2020,3,8,47,-.101,-.0568,-.0967,.163,-.0739,-.00732,-.147,-.192
2020,3,22,47,-.765,-.675,-.729,-.666,-.765,-.668,-.772,-.684
2020,3,15,47,-.165,-.127,-.21,.0841,-.135,-.101,-.198,-.225
2020,3,29,47,-.723,-.558,-.522,-.346,-.733,-.527,-.764,-.654
2020,2,16,47,-.0651,-.112,.0467,.0737,-.0492,-.0653,-.118,-.223
2020,2,2,47,-.0283,-.0621,-.0789,-.0569,.000842,-.0304,-.0547,-.103
2020,1,19,47,.0278,.0433,.052,.06,.0138,.00238,.0418,.0931
2020,1,26,47,-.0362,-.101,-.0539,-.08,-.0461,-.132,-.0176,-.0619
2020,2,9,47,-.0925,-.14,-.0905,-.101,-.0913,-.124,-.0942,-.164
2020,4,26,47,-.759,-.57,-.588,-.444,-.778,-.531,-.783,-.661
2020,5,3,47,-.79,-.662,-.638,-.558,-.806,-.643,-.81,-.717
2020,4,12,47,-.701,-.498,-.473,-.277,-.709,-.441,-.755,-.64
2020,2,23,47,-.0834,-.109,.0483,.159,-.064,-.11,-.147,-.178
2020,5,3,48,-.459,-.183,-.817,-.736,-.309,-.112,-.54,-.154
2020,3,22,48,-.611,-.395,-.739,-.525,-.673,-.518,-.529,-.253
2020,4,26,48,-.408,-.138,-.732,-.71,-.231,-.143,-.524,-.0345
2020,4,5,48,-.264,.0843,-.623,-.447,-.112,.0288,-.348,.232
2020,2,2,48,.0368,.125,-.00568,-.106,.0216,.189,.0591,.104
2020,3,15,48,-.438,-.375,-.607,-.566,-.394,-.287,-.45,-.427
2020,4,12,48,-.301,.0362,-.723,-.552,-.0615,.15,-.459,.0282
2020,3,29,48,-.382,-.0737,-.538,-.265,-.346,-.172,-.389,.0556
2020,2,9,48,.00575,.152,.00163,-.0252,.0336,.25,-.0205,.0889
2020,1,19,48,.0812,.0261,.161,.106,.099,.0014,.0501,.0365
2020,3,8,48,-.0415,-.0207,-.0714,-.0494,-.0568,.0133,-.0214,-.0488
2020,1,26,48,-.061,-.132,-.144,-.251,.0000236,-.107,-.106,-.136
2020,2,16,48,.0587,.218,.035,.0743,.0363,.169,.0845,.29
2020,3,1,48,.0379,.0805,.0452,.0604,.00266,.122,.0707,.0438
2020,2,23,48,.0121,.117,-.00646,-.005,.00883,.163,.0186,.0939
2020,1,12,48,.00475,-.0164,.064,.0771,-.0666,-.141,.0731,.159
2020,4,19,48,-.33,.0304,-.798,-.665,-.0903,.138,-.481,.0476
2020,2,16,49,-.0194,-.0481,-.0368,-.0631,.0125,-.0962,-.0138,-.0293
2020,5,3,49,.169,.88,.245,.945,-.295,.109,.205,.996
2020,2,2,49,.0227,.0671,-.0215,.0269,-.00527,-.0487,.0569,.115
2020,4,26,49,.262,.977,.303,1.03,-.268,.0587,.333,1.11
2020,1,19,49,-.00528,.00619,.0139,.0338,.0449,.0989,-.0271,-.029
2020,3,15,49,.077,.246,.0362,.0861,.0245,.245,.113,.352
2020,2,23,49,-.0712,-.119,-.0615,-.125,-.0525,-.11,-.081,-.117
2020,3,8,49,.0641,.202,.0307,.182,-.0326,-.0463,.104,.261
2020,3,29,49,.237,.627,.217,.473,-.521,-.244,.39,.888
2020,1,12,49,.0214,.0763,.0508,.0499,.0675,.0384,-.00439,.0975
2020,2,9,49,-.0437,-.0116,-.11,-.0697,.0847,.0208,-.0239,.0207
2020,1,26,49,-.0567,-.179,-.0896,-.171,-.0191,-.147,-.0419,-.19
2020,3,1,49,.0414,.151,.0175,.157,-.0154,.031,.0675,.169
2020,3,22,49,.265,.642,.227,.501,-.283,-.072,.391,.866
2020,4,5,49,.0925,.557,.139,.548,-.151,.413,.107,.59
2020,4,19,49,.328,1.11,.36,1.19,-.129,.446,.39,1.19
2020,4,12,49,.271,.973,.229,.942,-.141,.483,.373,1.08
2020,4,12,50,.451,1.59,.428,1.68,.136,1.42,.616,1.67
2020,3,29,50,.337,1.63,.525,2.23,.0642,1.33,.454,1.71
2020,1,12,50,.118,.24,.198,.761,.0402,.0437,.148,.282
2020,2,2,50,-.0796,-.1,-.0181,-.237,.00733,.0402,-.132,-.157
2020,4,26,50,.227,1.01,1.5,3,.321,1.49,.183,.832
2020,1,19,50,.0368,.0112,-.043,-.189,.0695,.00598,.0296,.0383
2020,3,1,50,-.38,-.501,-.364,-.495,-.459,-.648,-.342,-.425
2020,5,3,50,.275,1.17,1.5,3,.243,1.72,.275,.962
2020,2,9,50,-.193,-.214,-.0579,-.514,-.203,-.196,-.205,-.186
2020,4,19,50,.278,1.17,.311,1.23,.0667,1.16,.383,1.16
2020,3,15,50,.0889,.278,-.0787,-.154,.0554,.194,.127,.374
2020,3,8,50,-.175,-.236,-.15,-.34,-.217,-.336,-.156,-.172
2020,3,22,50,.168,.913,-.32,-.331,.0748,1.05,.276,.992
2020,1,26,50,-.0966,-.158,-.134,-.353,-.0726,-.106,-.104,-.162
2020,4,5,50,.348,1.61,.51,2.34,.0044,1.21,.505,1.73
2020,2,23,50,-.223,-.28,-.0397,-.192,-.0961,-.203,-.312,-.331
2020,2,16,50,-.116,-.124,-.00312,-.348,-.14,-.109,-.117,-.104
2020,4,12,51,-.845,-.74,-.771,-.661,-.889,-.818,-.87,-.758
2020,1,12,51,.0896,.272,.102,.232,.0289,.0528,.1,.331
2020,3,29,51,-.689,-.563,-.527,-.46,-.764,-.743,-.749,-.566
2020,1,26,51,-.0514,-.122,-.104,-.13,.00295,-.0286,-.0401,-.141
2020,4,5,51,-.724,-.609,-.602,-.498,-.785,-.729,-.767,-.632
2020,3,22,51,-.676,-.547,-.485,-.347,-.696,-.762,-.765,-.589
2020,2,16,51,.0498,-.00713,-.0882,-.205,.121,-.107,.0986,.115
2020,2,23,51,.0533,-.00918,-.0339,-.174,.259,.0621,.042,.0531
2020,2,2,51,-.0651,-.137,-.0248,-.155,-.186,-.226,-.0531,-.105
2020,4,19,51,-.802,-.731,-.685,-.607,-.811,-.794,-.856,-.776
2020,5,3,51,-.821,-.768,-.716,-.668,-.842,-.787,-.867,-.813
2020,4,26,51,-.76,-.657,-.655,-.564,-.797,-.645,-.801,-.706
2020,3,15,51,-.0378,-.0439,-.107,-.241,.225,.0167,-.073,.037
2020,1,19,51,.0562,.0634,.0669,.106,.179,.193,.0188,.00943
2020,2,9,51,-.00361,.0413,-.192,.0139,.0688,-.113,.0692,.0945
2020,3,8,51,-.0833,-.0761,-.244,-.336,.127,-.24,-.0598,.0931
2020,3,1,51,.0516,-.0806,-.0195,-.258,.103,-.16,.0729,.0269
2020,3,15,53,.0777,.226,.216,.507,.104,.0188,.016,.123
2020,5,3,53,-.0944,.411,.307,1.07,-.424,-.321,-.236,.194
2020,3,29,53,-.274,.213,.142,1.01,-.546,-.37,-.431,-.0817
2020,4,12,53,-.285,.229,.143,.924,-.612,-.526,-.441,-.00752
2020,1,19,53,-.0801,-.0986,-.156,-.15,-.0327,-.0603,-.0513,-.0799
2020,1,12,53,.0492,.138,.0573,.126,-6.06e-10,.123,.0496,.144
2020,2,23,53,-.0851,-.0773,-.109,-.067,-.0543,-.187,-.0772,-.0726
2020,2,9,53,.0835,.181,.123,.226,.0357,.0266,.0705,.174
2020,3,1,53,.0684,.227,.151,.319,.000673,-.0309,.0386,.209
2020,2,2,53,.063,.0882,.104,.148,.0409,.0032,.0474,.0694
2020,3,8,53,.0284,.233,.112,.376,.0643,.109,-.0106,.182
2020,4,19,53,-.102,.373,.239,.837,-.437,-.25,-.221,.226
2020,2,16,53,.00153,.0372,.0644,.148,.00202,-.129,-.0255,.00336
2020,4,5,53,-.267,.22,.176,1.01,-.521,-.424,-.436,-.067
2020,1,26,53,.00746,-.0687,.0515,.00357,-.00727,-.123,-.0102,-.0952
2020,3,22,53,-.367,.0014,-.0965,.65,-.508,-.483,-.472,-.237
2020,4,26,53,-.0237,.471,.434,1.08,-.41,-.199,-.189,.262
2020,1,26,54,-.107,-.174,.,.,-.126,-.143,-.0686,-.238
2020,2,2,54,.0537,.11,.,.,.0337,.098,.0947,.136
2020,4,5,54,-.41,-.0276,.,.,-.405,.000949,-.42,-.0861
2020,1,12,54,.0666,.106,.,.,.0716,.107,.0558,.104
2020,1,19,54,-.000197,.0194,.,.,.023,.0469,-.0478,-.037
2020,3,1,54,-.0149,.0496,.,.,-.0412,-.0315,.0393,.216
2020,2,23,54,-.0161,.166,.,.,-.0343,.0524,.0214,.398
2020,2,16,54,.00299,.188,.,.,.00648,.0822,-.00421,.406
2020,3,22,54,-.533,-.368,.,.,-.495,-.323,-.611,-.461
2020,5,3,54,-.52,-.144,.,.,-.556,-.197,-.45,-.0376
2020,4,19,54,-.528,-.144,.,.,-.539,-.161,-.504,-.108
2020,3,15,54,-.0296,.11,.,.,-.0132,.0374,-.0634,.259
2020,4,26,54,-.439,-.075,.,.,-.479,-.144,-.358,.066
2020,3,29,54,-.39,-.0977,.,.,-.369,-.0693,-.435,-.156
2020,2,9,54,-.0132,.0173,.,.,-.00665,-.0217,-.0265,.0975
2020,4,12,54,-.492,-.127,.,.,-.487,-.165,-.504,-.0482
2020,3,8,54,-.00282,.145,.,.,-.0105,.106,.013,.226
2020,1,19,55,-.0111,-.000292,-.0274,-.0429,.0012,.00124,-.0177,.00995
2020,4,19,55,-.178,-.079,.469,.711,-.433,-.545,-.126,.123
2020,2,23,55,-.0303,-.0205,.0017,-.0654,-.0155,-.00549,-.0521,-.0217
2020,4,26,55,-.131,.00957,.567,.823,-.361,-.4,-.116,.156
2020,4,12,55,-.287,-.237,.306,.545,-.515,-.624,-.245,-.102
2020,2,9,55,.0146,.121,.0643,.267,.0179,.133,-.00181,.0711
2020,3,15,55,.00464,.0403,.0215,.0351,-.0296,-.0248,.0308,.0999
2020,3,29,55,-.447,-.402,-.43,-.363,-.414,-.466,-.481,-.354
2020,1,26,55,-.0285,-.15,-.061,-.142,-.0113,-.169,-.0351,-.135
2020,4,5,55,-.266,-.161,.275,.58,-.371,-.425,-.319,-.126
2020,1,12,55,.0302,.0933,.0466,.0986,.00515,.0779,.049,.106
2020,2,2,55,.0109,.0773,.0372,.0942,.0137,.107,.00119,.0462
2020,3,1,55,-.0202,.0267,-.00573,-.0887,-.0201,.0416,-.0242,.0448
2020,5,3,55,-.151,-.0375,.613,.931,-.375,-.441,-.15,.0978
2020,3,22,55,-.395,-.434,-.239,-.236,-.405,-.541,-.429,-.392
2020,2,16,55,-.0141,-.00537,-.00236,.0329,-.0133,-.0117,-.0181,-.0101
2020,3,8,55,-.0236,.0913,-.043,.179,-.0285,.0651,-.0139,.091
2020,3,1,56,-.0119,.319,-.167,.0416,-.281,-.0388,.0148,.358
2020,2,16,56,-.0246,.0591,-.545,-.266,-.143,.0686,.00844,.0737
2020,3,22,56,-.509,-.291,-.909,-.882,-.14,-.41,-.517,-.254
2020,1,26,56,-.0235,-.0984,-.165,-.342,-.0542,-.189,-.0146,-.0804
2020,2,2,56,-.0256,-.0676,.0808,.0255,-.113,.00995,-.0242,-.0776
2020,4,26,56,-.00117,.601,-.758,.229,.468,.651,.000476,.615
2020,2,9,56,-.0723,-.0141,-.131,.0757,-.202,-.0107,-.0601,-.0186
2020,5,3,56,-.116,.419,-.712,-.745,.429,.589,-.128,.452
2020,3,15,56,-.0759,.18,-.409,-.444,-.0837,.0425,-.0597,.22
2020,4,12,56,.0235,.537,-.253,.18,.429,.545,.00718,.553
2020,1,19,56,-.0149,-.0294,-.0909,-.319,.0148,-.0894,-.0135,-.0115
2020,3,8,56,.00461,.235,.207,.0634,-.251,.0928,.0136,.253
2020,4,5,56,-.298,.0481,-.379,-.447,.0936,-.0257,-.322,.0767
2020,1,12,56,.0786,.179,.351,1.21,.206,.228,.0592,.139
2020,3,29,56,-.449,-.2,-.909,-.906,.0345,-.229,-.462,-.165
2020,4,19,56,-.0391,.519,-.591,.137,.389,.516,-.0441,.538
2020,2,23,56,.0717,.147,-.455,.0267,-.271,.0693,.121,.158
